ID	Year	Source	MST-14	MST-51	MST-93
SRR10002520	2019	Human	singleton_99	cluster_7	cluster_3
SRR10153651	2019	Swine	cluster_21	cluster_13	cluster_3
SRR10153941	2019	Swine	cluster_11	cluster_13	cluster_3
SRR10162633	2019	Human	singleton_106	cluster_13	cluster_3
SRR10165154	2019	Swine	singleton_28	cluster_13	cluster_3
SRR10177398	2019	Human	singleton_149	cluster_11	cluster_3
SRR10196050	2019	Human	cluster_7	cluster_1	cluster_2
SRR10245550	2019	Human	singleton_95	cluster_7	cluster_3
SRR10245598	2019	Human	singleton_137	cluster_8	cluster_3
SRR10257110	2019	Human	cluster_7	cluster_1	cluster_2
SRR10334720	2019	Human	singleton_123	singleton_16	cluster_3
SRR10336595	2019	Swine	singleton_188	cluster_13	cluster_3
SRR10380820	2019	Human	singleton_32	cluster_13	cluster_3
SRR10384899	2019	Swine	singleton_180	cluster_13	cluster_3
SRR10480722	2019	Swine	cluster_21	cluster_13	cluster_3
SRR10491763	2019	Human	singleton_185	cluster_13	cluster_3
SRR10513988	2019	Swine	cluster_21	cluster_13	cluster_3
SRR10517428	2019	Swine	cluster_34	cluster_13	cluster_3
SRR10517432	2019	Swine	cluster_34	cluster_13	cluster_3
SRR10525285	2019	Human	cluster_5	cluster_1	cluster_2
SRR10569410	2019	Human	singleton_7	cluster_13	cluster_3
SRR10608866	2019	Human	singleton_140	cluster_10	cluster_3
SRR10612142	2019	Swine	cluster_34	cluster_13	cluster_3
SRR10725807	2019	Swine	cluster_34	cluster_13	cluster_3
SRR10804726	2019	Swine	cluster_34	cluster_13	cluster_3
SRR10805140	2019	Swine	cluster_34	cluster_13	cluster_3
SRR10815634	2019	Swine	cluster_34	cluster_13	cluster_3
SRR10841774	2019	Human	singleton_23	cluster_13	cluster_3
SRR10842889	2019	Swine	singleton_78	cluster_13	cluster_3
SRR10918639	2019	Swine	cluster_34	cluster_13	cluster_3
SRR10958321	2020	Swine	cluster_34	cluster_13	cluster_3
SRR10961157	2019	Human	cluster_5	cluster_1	cluster_2
SRR10965893	2020	Swine	cluster_34	cluster_13	cluster_3
SRR10972462	2020	Swine	cluster_34	cluster_13	cluster_3
SRR10997579	2019	Human	singleton_144	singleton_24	cluster_3
SRR11005331	2020	Human	singleton_198	cluster_13	cluster_3
SRR11015373	2020	Swine	cluster_34	cluster_13	cluster_3
SRR11015391	2020	Swine	cluster_34	cluster_13	cluster_3
SRR11033892	2020	Human	cluster_34	cluster_13	cluster_3
SRR11049993	2020	Swine	cluster_34	cluster_13	cluster_3
SRR11057119	2020	Swine	cluster_21	cluster_13	cluster_3
SRR11059532	2020	Swine	cluster_34	cluster_13	cluster_3
SRR11119515	2020	Human	cluster_34	cluster_13	cluster_3
SRR11142376	2019	Human	cluster_35	cluster_13	cluster_3
SRR11186724	2020	Swine	cluster_34	cluster_13	cluster_3
SRR11189126	2020	Swine	cluster_34	cluster_13	cluster_3
SRR11311818	2020	Swine	cluster_34	cluster_13	cluster_3
SRR11351512	2020	Human	cluster_33	cluster_13	cluster_3
SRR11351668	2020	Swine	cluster_34	cluster_13	cluster_3
SRR11396154	2020	Swine	cluster_34	cluster_13	cluster_3
SRR11449674	2019	Human	cluster_36	cluster_13	cluster_3
SRR11472208	2020	Swine	cluster_21	cluster_13	cluster_3
SRR11488835	2020	Swine	cluster_21	cluster_13	cluster_3
SRR11521900	2020	Swine	cluster_34	cluster_13	cluster_3
SRR11574812	2020	Swine	cluster_10	cluster_13	cluster_3
SRR11616183	2020	Human	singleton_33	cluster_13	cluster_3
SRR11772806	2019	Bovine	cluster_36	cluster_13	cluster_3
SRR11772808	2019	Bovine	cluster_36	cluster_13	cluster_3
SRR11772811	2019	Bovine	cluster_36	cluster_13	cluster_3
SRR11772814	2019	Bovine	cluster_36	cluster_13	cluster_3
SRR11772842	2019	Bovine	cluster_36	cluster_13	cluster_3
SRR11772843	2019	Bovine	cluster_36	cluster_13	cluster_3
SRR11772845	2019	Bovine	cluster_36	cluster_13	cluster_3
SRR11772879	2019	Bovine	cluster_36	cluster_13	cluster_3
SRR11772902	2019	Bovine	cluster_36	cluster_13	cluster_3
SRR11772903	2019	Bovine	cluster_36	cluster_13	cluster_3
SRR11772904	2019	Bovine	cluster_36	cluster_13	cluster_3
SRR11772907	2019	Bovine	cluster_36	cluster_13	cluster_3
SRR11772908	2019	Bovine	cluster_36	cluster_13	cluster_3
SRR11833208	2020	Swine	singleton_71	cluster_13	cluster_3
SRR11907344	2020	Human	cluster_34	cluster_13	cluster_3
SRR11937747	2020	Swine	singleton_168	cluster_13	cluster_3
SRR12047281	2020	Swine	cluster_34	cluster_13	cluster_3
SRR12110215	2020	Swine	cluster_34	cluster_13	cluster_3
SRR12136539	2020	Swine	cluster_34	cluster_13	cluster_3
SRR12291310	2020	Human	cluster_36	cluster_13	cluster_3
SRR12319454	2020	Swine	cluster_34	cluster_13	cluster_3
SRR12377493	2020	Bovine	cluster_5	cluster_1	cluster_2
SRR12413917	2020	Human	cluster_5	cluster_1	cluster_2
SRR12455732	2020	Swine	singleton_76	cluster_13	cluster_3
SRR12465811	2020	Human	singleton_181	cluster_13	cluster_3
SRR12487339	2020	Bovine	singleton_160	cluster_13	cluster_3
SRR12536364	2020	Swine	cluster_34	cluster_13	cluster_3
SRR12554329	2020	Human	singleton_112	cluster_13	cluster_3
SRR12595436	2020	Swine	cluster_34	cluster_13	cluster_3
SRR12624330	2020	Swine	cluster_34	cluster_13	cluster_3
SRR12637659	2020	Swine	cluster_34	cluster_13	cluster_3
SRR12638271	2020	Human	cluster_15	cluster_13	cluster_3
SRR12664285	2020	Swine	cluster_34	cluster_13	cluster_3
SRR12678594	2020	Swine	singleton_79	cluster_13	cluster_3
SRR12717980	2020	Swine	cluster_34	cluster_13	cluster_3
SRR12740646	2020	Swine	singleton_58	cluster_13	cluster_3
SRR12749199	2020	Turkey	singleton_25	cluster_13	cluster_3
SRR12795839	2020	Swine	cluster_34	cluster_13	cluster_3
SRR12799159	2020	Swine	cluster_34	cluster_13	cluster_3
SRR12799201	2020	Swine	singleton_75	cluster_13	cluster_3
SRR12811600	2020	Swine	cluster_34	cluster_13	cluster_3
SRR12859772	2020	Swine	cluster_34	cluster_13	cluster_3
SRR12885476	2020	Human	cluster_5	cluster_1	cluster_2
SRR12926760	2020	Human	cluster_5	cluster_1	cluster_2
SRR12938531	2020	Human	singleton_134	cluster_10	cluster_3
SRR12967158	2020	Human	singleton_192	cluster_13	cluster_3
SRR13093958	2020	Human	cluster_34	cluster_13	cluster_3
SRR13166833	2020	Swine	cluster_34	cluster_13	cluster_3
SRR13209919	2020	Swine	cluster_34	cluster_13	cluster_3
SRR13237220	2020	Human	cluster_34	cluster_13	cluster_3
SRR13244886	2020	Swine	singleton_50	cluster_13	cluster_3
SRR13245273	2020	Swine	cluster_34	cluster_13	cluster_3
SRR13257917	2020	Human	cluster_5	cluster_1	cluster_2
SRR13295275	2020	Bovine	singleton_29	cluster_13	cluster_3
SRR13321188	2020	Swine	cluster_34	cluster_13	cluster_3
SRR13337737	2020	Swine	cluster_34	cluster_13	cluster_3
SRR13349947	2020	Bovine	singleton_51	cluster_13	cluster_3
SRR13416454	2020	Human	cluster_36	cluster_13	cluster_3
SRR13438491	2020	Human	singleton_119	cluster_6	cluster_3
SRR13481673	2020	Swine	cluster_34	cluster_13	cluster_3
SRR13485991	2019	Human	singleton_173	cluster_13	cluster_3
SRR13695348	2019	Human	singleton_80	cluster_13	cluster_3
SRR13736951	2021	Human	cluster_6	cluster_1	cluster_2
SRR13764403	2021	Swine	singleton_22	cluster_13	cluster_3
SRR13780051	2021	Human	cluster_28	cluster_13	cluster_3
SRR13849398	2020	Human	cluster_6	cluster_1	cluster_2
SRR13858309	2021	Human	singleton_105	cluster_13	cluster_3
SRR14005248	2021	Swine	cluster_34	cluster_13	cluster_3
SRR14193392	2021	Swine	cluster_21	cluster_13	cluster_3
SRR14200686	2021	Human	singleton_63	cluster_13	cluster_3
SRR14336987	2021	Human	cluster_21	cluster_13	cluster_3
SRR14371887	2021	Swine	cluster_34	cluster_13	cluster_3
SRR14408720	2021	Swine	cluster_34	cluster_13	cluster_3
SRR14480165	2021	Human	cluster_14	cluster_13	cluster_3
SRR14576000	2021	Human	cluster_14	cluster_13	cluster_3
SRR14670323	2019	Human	singleton_103	cluster_11	cluster_3
SRR14681563	2021	Swine	singleton_69	cluster_13	cluster_3
SRR14739238	2021	Swine	cluster_34	cluster_13	cluster_3
SRR14821656	2021	Swine	singleton_41	cluster_13	cluster_3
SRR14825472	2021	Swine	cluster_37	cluster_13	cluster_3
SRR15102580	2021	Swine	cluster_21	cluster_13	cluster_3
SRR15258732	2021	Human	singleton_11	singleton_4	cluster_1
SRR15305499	2021	Human	cluster_33	cluster_13	cluster_3
SRR15366925	2021	Human	singleton_93	cluster_10	cluster_3
SRR15465815	2021	Swine	cluster_36	cluster_13	cluster_3
SRR15594036	2021	Human	cluster_34	cluster_13	cluster_3
SRR15669584	2021	Human	cluster_31	cluster_13	cluster_3
SRR15678682	2021	Human	singleton_17	singleton_7	singleton_2
SRR16117345	2021	Human	singleton_115	cluster_4	cluster_3
SRR16134525	2021	Human	cluster_36	cluster_13	cluster_3
SRR16296732	2021	Human	singleton_184	cluster_13	cluster_3
SRR16563508	2021	Turkey	cluster_18	cluster_13	cluster_3
SRR16646906	2021	Swine	cluster_19	cluster_13	cluster_3
SRR16925941	2021	Swine	singleton_49	cluster_13	cluster_3
SRR16975441	2021	Human	cluster_18	cluster_13	cluster_3
SRR16976437	2021	Human	cluster_33	cluster_13	cluster_3
SRR16988603	2021	Swine	singleton_171	cluster_13	cluster_3
SRR17015508	2021	Human	singleton_196	cluster_13	cluster_3
SRR17019608	2021	Swine	singleton_189	cluster_13	cluster_3
SRR17118872	2021	Swine	singleton_62	cluster_13	cluster_3
SRR17188756	2021	Swine	cluster_21	cluster_13	cluster_3
SRR17188765	2021	Swine	singleton_57	cluster_13	cluster_3
SRR17237688	2021	Chicken	singleton_179	cluster_13	cluster_3
SRR17248544	2021	Human	singleton_30	cluster_13	cluster_3
SRR17280961	2021	Swine	cluster_31	cluster_13	cluster_3
SRR17349549	2021	Human	singleton_94	cluster_7	cluster_3
SRR17398085	2021	Human	cluster_35	cluster_13	cluster_3
SRR17534465	2021	Swine	singleton_161	cluster_13	cluster_3
SRR17563856	2021	Swine	cluster_36	cluster_13	cluster_3
SRR17563858	2021	Swine	singleton_66	cluster_13	cluster_3
SRR17567848	2021	Swine	singleton_61	cluster_13	cluster_3
SRR17693336	2021	Human	singleton_163	cluster_13	cluster_3
SRR17818661	2022	Swine	cluster_21	cluster_13	cluster_3
SRR17922978	2021	Human	singleton_190	cluster_13	cluster_3
SRR17940075	2022	Human	singleton_194	cluster_13	cluster_3
SRR17976408	2022	Human	singleton_114	cluster_4	cluster_3
SRR18021766	2022	Human	cluster_28	cluster_13	cluster_3
SRR18051877	2022	Swine	singleton_81	cluster_13	cluster_3
SRR18056385	2022	Swine	cluster_21	cluster_13	cluster_3
SRR18099963	2022	Swine	singleton_40	cluster_13	cluster_3
SRR18165217	2022	Swine	singleton_19	cluster_13	cluster_3
SRR18314356	2022	Swine	singleton_68	cluster_13	cluster_3
SRR18430793	2022	Human	cluster_34	cluster_13	cluster_3
SRR18435759	2022	Bovine	singleton_70	cluster_13	cluster_3
SRR18463880	2022	Human	singleton_127	cluster_13	cluster_3
SRR18503097	2022	Human	singleton_85	cluster_13	cluster_3
SRR18568467	2022	Human	singleton_56	cluster_13	cluster_3
SRR18686303	2022	Other	singleton_167	cluster_13	cluster_3
SRR18776817	2022	Swine	singleton_170	cluster_13	cluster_3
SRR18840474	2022	Human	singleton_97	singleton_9	cluster_1
SRR18961844	2022	Human	singleton_102	singleton_12	cluster_3
SRR19038867	2022	Swine	singleton_18	cluster_13	cluster_3
SRR19067341	2022	Human	cluster_36	cluster_13	cluster_3
SRR19233334	2022	Human	cluster_37	cluster_13	cluster_3
SRR19242178	2022	Human	cluster_27	cluster_13	cluster_3
SRR19242526	2022	Human	cluster_27	cluster_13	cluster_3
SRR19242705	2022	Other	cluster_35	cluster_13	cluster_3
SRR19369067	2022	Human	cluster_37	cluster_13	cluster_3
SRR19395580	2022	Human	singleton_86	cluster_13	cluster_3
SRR19775528	2022	Human	singleton_36	cluster_13	cluster_3
SRR19887580	2022	Human	singleton_5	cluster_1	cluster_2
SRR19913119	2022	Bovine	cluster_1	cluster_1	cluster_2
SRR19913122	2022	Bovine	cluster_1	cluster_1	cluster_2
SRR20184252	2022	Human	cluster_36	cluster_13	cluster_3
SRR20219402	2022	Human	singleton_142	singleton_23	cluster_3
SRR20325574	2022	Human	singleton_38	cluster_13	cluster_3
SRR20438456	2022	Swine	singleton_24	cluster_13	cluster_3
SRR20449431	2022	Human	cluster_25	cluster_10	cluster_3
SRR20450870	2022	Human	singleton_129	cluster_3	cluster_3
SRR20695588	2022	Human	cluster_36	cluster_13	cluster_3
SRR20710286	2022	Human	cluster_25	cluster_10	cluster_3
SRR2074982	2012	Unspecified Poultry	singleton_200	singleton_29	cluster_3
SRR20994527	2022	Swine	singleton_65	cluster_13	cluster_3
SRR21007778	2022	Human	singleton_148	cluster_7	cluster_3
SRR21025749	2022	Human	singleton_87	cluster_13	cluster_3
SRR21026359	2022	Human	singleton_175	cluster_13	cluster_3
SRR21088237	2022	Human	cluster_8	cluster_1	cluster_2
SRR21120250	2022	Human	cluster_8	cluster_1	cluster_2
SRR21195665	2022	Swine	cluster_32	cluster_13	cluster_3
SRR21203794	2022	Swine	cluster_18	cluster_13	cluster_3
SRR21204231	2022	Swine	cluster_32	cluster_13	cluster_3
SRR21256994	2022	Human	singleton_44	cluster_13	cluster_3
SRR21376961	2022	Human	cluster_25	cluster_10	cluster_3
SRR21380758	2022	Swine	singleton_84	cluster_13	cluster_3
SRR21413018	2022	Bovine	cluster_13	cluster_13	cluster_3
SRR21533391	2022	Human	singleton_141	singleton_22	cluster_3
SRR21533463	2022	Swine	cluster_18	cluster_13	cluster_3
SRR21533591	2022	Human	cluster_8	cluster_1	cluster_2
SRR21545423	2022	Human	cluster_25	cluster_10	cluster_3
SRR21604383	2022	Human	cluster_30	cluster_13	cluster_3
SRR21682297	2022	Chicken	cluster_13	cluster_13	cluster_3
SRR21683944	2022	Swine	singleton_183	cluster_13	cluster_3
SRR21712296	2022	Human	singleton_182	cluster_13	cluster_3
SRR21817179	2022	Swine	singleton_48	cluster_13	cluster_3
SRR21839208	2022	Human	cluster_37	cluster_13	cluster_3
SRR21909399	2022	Turkey	cluster_18	cluster_13	cluster_3
SRR21930476	2022	Human	singleton_118	cluster_5	cluster_3
SRR21973355	2022	Human	cluster_15	cluster_13	cluster_3
SRR22006017	2022	Human	cluster_30	cluster_13	cluster_3
SRR22096603	2022	Swine	singleton_89	cluster_13	cluster_3
SRR22129654	2022	Human	singleton_2	singleton_2	cluster_3
SRR22129670	2022	Human	cluster_36	cluster_13	cluster_3
SRR22143217	2022	Swine	singleton_35	cluster_13	cluster_3
SRR22316379	2022	Swine	cluster_36	cluster_13	cluster_3
SRR22383370	2022	Swine	cluster_19	cluster_13	cluster_3
SRR22484554	2022	Swine	singleton_187	cluster_13	cluster_3
SRR22809596	2022	Swine	cluster_10	cluster_13	cluster_3
SRR22817739	2022	Human	cluster_36	cluster_13	cluster_3
SRR22847209	2022	Human	singleton_165	cluster_13	cluster_3
SRR22868007	2022	Swine	cluster_10	cluster_13	cluster_3
SRR22915305	2022	Swine	cluster_10	cluster_13	cluster_3
SRR23196042	2022	Human	cluster_36	cluster_13	cluster_3
SRR23291863	2023	Swine	singleton_146	cluster_9	cluster_3
SRR23324788	2023	Swine	singleton_195	cluster_13	cluster_3
SRR23353217	2023	Turkey	cluster_18	cluster_13	cluster_3
SRR23362292	2023	Swine	singleton_34	cluster_13	cluster_3
SRR23384994	2023	Swine	singleton_162	cluster_13	cluster_3
SRR23479309	2023	Human	singleton_154	cluster_11	cluster_3
SRR23687498	2023	Human	cluster_25	cluster_10	cluster_3
SRR23839391	2023	Swine	singleton_88	cluster_13	cluster_3
SRR23853455	2023	Human	singleton_124	singleton_17	cluster_3
SRR23853735	2023	Human	singleton_13	cluster_1	cluster_2
SRR23863921	2023	Human	singleton_109	cluster_13	cluster_3
SRR23989613	2023	Human	singleton_100	singleton_11	cluster_3
SRR24062660	2023	Human	singleton_125	singleton_18	cluster_3
SRR24105400	2023	Human	cluster_25	cluster_10	cluster_3
SRR24154236	2023	Human	cluster_25	cluster_10	cluster_3
SRR24202653	2023	Human	singleton_111	singleton_13	cluster_3
SRR24323028	2023	Swine	cluster_12	cluster_13	cluster_3
SRR24401736	2023	Swine	singleton_152	singleton_25	cluster_3
SRR24470618	2023	Human	cluster_25	cluster_10	cluster_3
SRR24750736	2023	Human	singleton_92	cluster_13	cluster_3
SRR25117147	2023	Human	singleton_10	singleton_3	singleton_1
SRR25132928	2023	Human	singleton_155	cluster_12	cluster_3
SRR25601498	2023	Swine	singleton_64	cluster_13	cluster_3
SRR25617297	2023	Human	cluster_36	cluster_13	cluster_3
SRR25629341	2023	Swine	singleton_20	cluster_13	cluster_3
SRR25629342	2023	Swine	singleton_21	cluster_13	cluster_3
SRR25655479	2023	Human	singleton_159	singleton_28	cluster_3
SRR25741473	2023	Human	singleton_172	cluster_13	cluster_3
SRR25760324	2023	Human	singleton_31	cluster_13	cluster_3
SRR25776692	2023	Human	singleton_46	cluster_13	cluster_3
SRR26095823	2023	Swine	singleton_74	cluster_13	cluster_3
SRR26124420	2023	Bovine	singleton_37	cluster_13	cluster_3
SRR26163206	2023	Human	singleton_15	cluster_1	cluster_2
SRR26223145	2023	Swine	singleton_67	cluster_13	cluster_3
SRR26278498	2023	Human	cluster_9	cluster_1	cluster_2
SRR26278500	2023	Human	cluster_9	cluster_1	cluster_2
SRR26287704	2023	Human	cluster_37	cluster_13	cluster_3
SRR26292629	2023	Human	singleton_128	singleton_20	cluster_3
SRR26379848	2023	Human	singleton_16	cluster_1	cluster_2
SRR26396717	2023	Human	cluster_5	cluster_1	cluster_2
SRR26406144	2023	Human	singleton_151	cluster_11	cluster_3
SRR26444705	2023	Human	cluster_36	cluster_13	cluster_3
SRR26470237	2023	Human	singleton_143	cluster_10	cluster_3
SRR26490833	2023	Swine	cluster_36	cluster_13	cluster_3
SRR26519265	2023	Human	singleton_42	cluster_13	cluster_3
SRR26681392	2023	Human	singleton_157	singleton_27	cluster_3
SRR27042788	2023	Human	cluster_5	cluster_1	cluster_2
SRR27045308	2023	Bovine	cluster_5	cluster_1	cluster_2
SRR27176543	2023	Human	singleton_1	singleton_1	cluster_3
SRR27185232	2023	Human	cluster_37	cluster_13	cluster_3
SRR27287877	2023	Human	singleton_145	cluster_12	cluster_3
SRR27328837	2023	Human	cluster_5	cluster_1	cluster_2
SRR27350438	2023	Swine	singleton_77	cluster_13	cluster_3
SRR27351875	2023	Human	singleton_132	cluster_3	cluster_3
SRR27398418	2023	Human	singleton_158	cluster_8	cluster_3
SRR27641570	2024	Human	cluster_24	cluster_9	cluster_3
SRR27682265	2024	Swine	singleton_83	cluster_13	cluster_3
SRR27743522	2024	Human	cluster_24	cluster_9	cluster_3
SRR27763299	2024	Human	singleton_72	cluster_13	cluster_3
SRR27887940	2024	Human	cluster_37	cluster_13	cluster_3
SRR27918926	2024	Human	cluster_12	cluster_13	cluster_3
SRR27946273	2024	Human	cluster_34	cluster_13	cluster_3
SRR27946644	2023	Human	cluster_34	cluster_13	cluster_3
SRR27957460	2024	Human	singleton_138	cluster_10	cluster_3
SRR28026753	2024	Human	singleton_96	cluster_3	cluster_3
SRR28083569	2024	Swine	singleton_60	cluster_13	cluster_3
SRR28094971	2024	Human	cluster_24	cluster_9	cluster_3
SRR28164745	2024	Human	singleton_26	cluster_13	cluster_3
SRR28212200	2024	Swine	cluster_21	cluster_13	cluster_3
SRR28320483	2024	Human	singleton_176	cluster_13	cluster_3
SRR28346125	2024	Human	singleton_131	cluster_8	cluster_3
SRR28376532	2024	Human	singleton_8	cluster_1	cluster_2
SRR28416717	2024	Human	cluster_34	cluster_13	cluster_3
SRR28417533	2024	Human	singleton_150	cluster_11	cluster_3
SRR28421157	2024	Human	singleton_147	cluster_9	cluster_3
SRR2989209	2015	Swine	cluster_21	cluster_13	cluster_3
SRR2989568	2015	Swine	singleton_27	cluster_13	cluster_3
SRR3203832	2015	Swine	cluster_21	cluster_13	cluster_3
SRR3405888	2015	Human	singleton_14	singleton_6	cluster_2
SRR3474481	Unknown	Human	cluster_18	cluster_13	cluster_3
SRR4054681	2016	Human	singleton_43	cluster_13	cluster_3
SRR4414094	2016	Human	cluster_29	cluster_13	cluster_3
SRR4414095	2016	Human	cluster_29	cluster_13	cluster_3
SRR4415938	2008	Human	cluster_4	cluster_1	cluster_2
SRR4434826	Unknown	Human	cluster_29	cluster_13	cluster_3
SRR5044918	2016	Swine	singleton_90	cluster_13	cluster_3
SRR5152080	2012	Human	singleton_193	cluster_13	cluster_3
SRR5173519	2016	Human	cluster_36	cluster_13	cluster_3
SRR5176625	2016	Swine	cluster_36	cluster_13	cluster_3
SRR5188987	2016	Human	cluster_36	cluster_13	cluster_3
SRR5240696	2016	Human	singleton_169	cluster_13	cluster_3
SRR5297480	2017	Swine	cluster_36	cluster_13	cluster_3
SRR5297978	2017	Chicken	cluster_26	cluster_13	cluster_3
SRR5336303	2017	Human	cluster_16	cluster_13	cluster_3
SRR5379227	2017	Human	cluster_29	cluster_13	cluster_3
SRR5418794	2017	Human	singleton_6	cluster_1	cluster_2
SRR5441629	2017	Swine	singleton_52	cluster_13	cluster_3
SRR5486468	2014	Human	cluster_4	cluster_1	cluster_2
SRR5499057	2017	Swine	cluster_21	cluster_13	cluster_3
SRR5514441	2017	Swine	cluster_18	cluster_13	cluster_3
SRR5576114	2017	Swine	cluster_18	cluster_13	cluster_3
SRR5586337	2017	Human	singleton_9	cluster_1	cluster_2
SRR5633665	2017	Human	singleton_47	singleton_8	cluster_3
SRR5684080	2017	Swine	singleton_178	cluster_13	cluster_3
SRR5725494	2017	Swine	cluster_26	cluster_13	cluster_3
SRR5881991	2017	Swine	cluster_10	cluster_13	cluster_3
SRR5930206	2017	Bovine	cluster_20	cluster_13	cluster_3
SRR5930217	2017	Swine	cluster_20	cluster_13	cluster_3
SRR5991002	2017	Human	singleton_113	cluster_13	cluster_3
SRR6195137	2017	Human	singleton_116	cluster_5	cluster_3
SRR6197838	2017	Swine	cluster_21	cluster_13	cluster_3
SRR6218031	2017	Swine	cluster_21	cluster_13	cluster_3
SRR6249577	2017	Human	singleton_133	cluster_10	cluster_3
SRR6249687	2017	Swine	cluster_18	cluster_13	cluster_3
SRR6290063	2017	Human	singleton_135	singleton_21	cluster_3
SRR6335208	2017	Chicken	singleton_199	cluster_13	cluster_3
SRR6336344	2017	Swine	singleton_197	cluster_13	cluster_3
SRR6412855	2017	Human	cluster_36	cluster_13	cluster_3
SRR6434090	2017	Human	cluster_35	cluster_13	cluster_3
SRR6514335	2018	Other	singleton_122	singleton_15	cluster_3
SRR6639046	2018	Swine	singleton_186	cluster_13	cluster_3
SRR6663425	2017	Human	singleton_191	cluster_13	cluster_3
SRR6687379	2017	Human	singleton_53	cluster_13	cluster_3
SRR6786485	2018	Human	singleton_136	cluster_8	cluster_3
SRR6818827	2018	Bovine	singleton_3	cluster_1	cluster_2
SRR6876275	2018	Swine	singleton_55	cluster_13	cluster_3
SRR6876276	2018	Swine	cluster_10	cluster_13	cluster_3
SRR6881154	2017	Human	singleton_98	singleton_10	singleton_3
SRR6920580	2018	Human	cluster_18	cluster_13	cluster_3
SRR6926850	2018	Human	cluster_18	cluster_13	cluster_3
SRR6930050	2018	Swine	cluster_11	cluster_13	cluster_3
SRR6940534	2018	Human	cluster_15	cluster_13	cluster_3
SRR6940563	2018	Human	cluster_15	cluster_13	cluster_3
SRR6940885	2018	Human	singleton_121	singleton_14	cluster_3
SRR6956374	2018	Bovine	cluster_10	cluster_13	cluster_3
SRR6994920	2018	Human	singleton_130	cluster_8	cluster_3
SRR7051538	2018	Bovine	singleton_164	cluster_13	cluster_3
SRR7130974	2018	Swine	singleton_4	cluster_1	cluster_2
SRR7138702	2017	Swine	singleton_177	cluster_13	cluster_3
SRR7184514	2018	Swine	cluster_10	cluster_13	cluster_3
SRR7280307	2018	Human	singleton_101	cluster_8	cluster_3
SRR7294362	2018	Human	singleton_153	cluster_11	cluster_3
SRR7358446	2018	Swine	cluster_21	cluster_13	cluster_3
SRR7441948	Unknown	Human	cluster_18	cluster_13	cluster_3
SRR7463962	2018	Human	cluster_18	cluster_13	cluster_3
SRR7501030	2018	Swine	singleton_73	cluster_13	cluster_3
SRR7504652	2018	Human	cluster_37	cluster_13	cluster_3
SRR7514632	2018	Human	cluster_35	cluster_13	cluster_3
SRR7536279	2018	Swine	cluster_21	cluster_13	cluster_3
SRR7536703	2018	Human	singleton_91	cluster_13	cluster_3
SRR7627988	2018	Human	cluster_2	cluster_1	cluster_2
SRR7688269	2018	Human	cluster_36	cluster_13	cluster_3
SRR7697281	2018	Human	cluster_2	cluster_1	cluster_2
SRR7728039	2018	Human	cluster_2	cluster_1	cluster_2
SRR7767245	2018	Human	singleton_104	cluster_11	cluster_3
SRR7785133	2018	Chicken	singleton_174	cluster_13	cluster_3
SRR7810075	2018	Swine	cluster_10	cluster_13	cluster_3
SRR7837067	2018	Swine	cluster_21	cluster_13	cluster_3
SRR7865605	2018	Human	singleton_120	cluster_6	cluster_3
SRR7881567	2018	Bovine	cluster_36	cluster_13	cluster_3
SRR7898945	2018	Human	cluster_16	cluster_13	cluster_3
SRR7958993	2018	Human	singleton_107	cluster_13	cluster_3
SRR8058187	2018	Human	singleton_139	cluster_10	cluster_3
SRR8076574	2018	Human	cluster_5	cluster_1	cluster_2
SRR8083631	2018	Human	cluster_29	cluster_13	cluster_3
SRR8092177	2018	Human	cluster_36	cluster_13	cluster_3
SRR8110493	2018	Human	singleton_201	cluster_13	cluster_3
SRR8134442	2018	Human	cluster_23	cluster_5	cluster_3
SRR8134446	2018	Human	cluster_23	cluster_5	cluster_3
SRR8145269	2018	Human	cluster_36	cluster_13	cluster_3
SRR8167615	2018	Swine	singleton_166	cluster_13	cluster_3
SRR8170241	2018	Human	cluster_36	cluster_13	cluster_3
SRR8170257	2018	Bovine	cluster_36	cluster_13	cluster_3
SRR8175800	2018	Human	cluster_16	cluster_13	cluster_3
SRR8188794	2018	Human	cluster_10	cluster_13	cluster_3
SRR8206294	2018	Swine	cluster_10	cluster_13	cluster_3
SRR8263125	2018	Swine	singleton_82	cluster_13	cluster_3
SRR8266142	2018	Human	singleton_117	cluster_6	cluster_3
SRR8299302	2018	Human	cluster_34	cluster_13	cluster_3
SRR8494972	2018	Human	singleton_110	cluster_13	cluster_3
SRR8511124	2018	Human	cluster_21	cluster_13	cluster_3
SRR8575070	2019	Swine	cluster_21	cluster_13	cluster_3
SRR8578693	2018	Human	cluster_36	cluster_13	cluster_3
SRR8619344	2018	Bovine	cluster_36	cluster_13	cluster_3
SRR8698552	2019	Chicken	singleton_45	cluster_13	cluster_3
SRR8734127	2019	Human	cluster_22	cluster_7	cluster_3
SRR8741945	2019	Human	singleton_156	singleton_26	cluster_3
SRR8888399	2019	Human	cluster_22	cluster_7	cluster_3
SRR8950320	2019	Swine	singleton_59	cluster_13	cluster_3
SRR9057507	2019	Human	singleton_126	singleton_19	cluster_3
SRR9060711	2019	Human	cluster_17	cluster_2	cluster_3
SRR9108048	2019	Human	cluster_3	cluster_1	cluster_2
SRR9132481	2019	Human	singleton_54	cluster_13	cluster_3
SRR9137442	2019	Human	singleton_12	singleton_5	cluster_2
SRR9188568	2019	Swine	cluster_21	cluster_13	cluster_3
SRR9212395	2019	Swine	cluster_19	cluster_13	cluster_3
SRR9289324	2019	Swine	cluster_21	cluster_13	cluster_3
SRR9302514	2019	Human	singleton_108	cluster_13	cluster_3
SRR9312588	2019	Human	cluster_17	cluster_2	cluster_3
SRR9616450	2019	Human	cluster_3	cluster_1	cluster_2
SRR9643392	2019	Swine	cluster_21	cluster_13	cluster_3
SRR9658175	2019	Swine	singleton_39	cluster_13	cluster_3
SRR9973367	2019	Human	cluster_3	cluster_1	cluster_2
