ID	Year	Source	MST-23
SRR10001181	2019	Human	cluster_53
SRR10003398	2019	Human	singleton_320
SRR10003593	2019	Human	cluster_47
SRR10005559	2019	Swine	singleton_106
SRR10009899	2019	Human	cluster_60
SRR10012208	2019	Human	cluster_60
SRR10012598	Unknown	Unspecified Animal	cluster_47
SRR10012600	Unknown	Unspecified Animal	cluster_47
SRR10013143	2019	Human	cluster_55
SRR10014245	2018	Human	cluster_60
SRR10015813	2019	Human	cluster_60
SRR10015900	2019	Human	cluster_50
SRR10015904	2019	Human	cluster_60
SRR10015939	2019	Human	cluster_60
SRR10016015	2019	Human	cluster_53
SRR10016092	2019	Human	singleton_298
SRR10017644	2019	Human	cluster_60
SRR10018368	2019	Human	cluster_60
SRR10018708	2019	Human	singleton_73
SRR10019354	2019	Human	cluster_23
SRR10030015	2019	Human	singleton_179
SRR10030044	2019	Human	cluster_60
SRR10031123	2019	Human	singleton_112
SRR10031626	Unknown	Unspecified Animal	cluster_60
SRR10032593	2019	Human	cluster_60
SRR10035396	2019	Human	cluster_60
SRR10035399	2019	Human	cluster_60
SRR10036388	2019	Human	cluster_60
SRR10037872	2019	Human	cluster_55
SRR10049600	2019	Human	cluster_36
SRR10049980	2019	Human	singleton_223
SRR10060845	2019	Human	cluster_55
SRR10061085	2019	Human	cluster_55
SRR10067806	2019	Human	cluster_60
SRR10067809	2019	Human	cluster_60
SRR10068600	2019	Human	singleton_336
SRR10068607	2019	Human	singleton_257
SRR10068979	2019	Human	cluster_47
SRR10069018	2019	Human	cluster_29
SRR10071613	2019	Human	cluster_60
SRR10072529	2019	Human	cluster_53
SRR10075388	2019	Human	cluster_50
SRR10078148	2019	Human	singleton_197
SRR10079541	2019	Human	cluster_60
SRR10087564	Unknown	Human	cluster_60
SRR10092490	2019	Human	cluster_56
SRR10093196	2019	Human	cluster_60
SRR10095599	2019	Human	cluster_60
SRR10096546	2019	Human	cluster_47
SRR10098753	2011	Human	cluster_60
SRR10098754	2012	Human	cluster_60
SRR10100195	2019	Human	singleton_337
SRR10108421	Unknown	Human	singleton_99
SRR10117890	2019	Human	cluster_36
SRR10119503	2019	Human	cluster_60
SRR10120227	2019	Human	cluster_60
SRR10129592	2019	Human	cluster_60
SRR10131174	2019	Human	singleton_144
SRR10135924	2019	Human	cluster_47
SRR10137082	2010	Human	cluster_60
SRR10139847	2019	Human	cluster_60
SRR10143284	2019	Human	cluster_60
SRR10152606	2019	Human	cluster_60
SRR10158237	2019	Human	cluster_55
SRR10158252	2019	Human	cluster_47
SRR10163280	2019	Human	singleton_370
SRR10164087	2019	Swine	cluster_60
SRR10172209	2019	Human	cluster_60
SRR10172260	2019	Human	cluster_60
SRR10186938	2019	Human	cluster_60
SRR10189376	2019	Human	singleton_121
SRR10189384	2019	Human	singleton_376
SRR10190333	2019	Human	cluster_60
SRR10191012	2019	Human	singleton_366
SRR10197441	2019	Human	cluster_47
SRR10206137	2019	Human	singleton_125
SRR10207369	2019	Human	cluster_56
SRR10207461	2019	Human	cluster_47
SRR10209941	2019	Human	cluster_55
SRR10210125	2019	Human	cluster_60
SRR10210179	2019	Swine	cluster_47
SRR10210531	2019	Human	cluster_47
SRR10212943	2019	Swine	cluster_60
SRR10222494	2019	Human	cluster_55
SRR10222664	2019	Human	cluster_47
SRR10222668	2019	Human	cluster_60
SRR10225072	2019	Human	cluster_55
SRR10226809	2019	Human	cluster_47
SRR10228562	Unknown	Human	cluster_60
SRR10230000	2019	Chicken	cluster_54
SRR10230579	2019	Human	cluster_28
SRR10239228	2019	Swine	cluster_47
SRR10239231	2019	Human	cluster_47
SRR10249853	2019	Human	cluster_60
SRR10253529	2019	Human	cluster_47
SRR10254984	2019	Human	cluster_47
SRR10259210	2019	Swine	cluster_55
SRR10269930	2019	Human	singleton_3
SRR10269938	2019	Human	cluster_60
SRR10273577	2019	Human	cluster_60
SRR10276214	2019	Human	cluster_60
SRR10286851	2019	Human	cluster_60
SRR10286973	2019	Human	cluster_60
SRR10292487	2019	Human	cluster_60
SRR10292490	2019	Human	cluster_60
SRR10309707	2019	Human	cluster_29
SRR10309771	2019	Human	cluster_47
SRR10310261	2019	Human	cluster_60
SRR10310363	2019	Human	cluster_60
SRR10311778	2019	Human	cluster_60
SRR10313561	Unknown	Human	cluster_60
SRR10325531	2019	Human	cluster_55
SRR10326042	2019	Human	cluster_29
SRR10333964	2019	Human	singleton_236
SRR10341867	2019	Human	cluster_60
SRR10342193	2019	Human	cluster_60
SRR10348276	2019	Human	singleton_29
SRR10348499	Unknown	Unspecified Animal	cluster_60
SRR10356363	2019	Human	cluster_47
SRR10360446	2019	Human	cluster_60
SRR10360458	2019	Human	cluster_60
SRR10360877	2019	Swine	cluster_60
SRR10365904	2019	Human	singleton_331
SRR10366916	2019	Human	cluster_53
SRR10367831	2019	Human	cluster_55
SRR10368054	2019	Human	singleton_258
SRR10377310	2019	Human	cluster_60
SRR10377375	2019	Human	singleton_176
SRR10382866	Unknown	Unspecified Animal	cluster_28
SRR10384063	2019	Human	cluster_60
SRR10392984	2019	Human	cluster_60
SRR10397381	2019	Human	cluster_56
SRR10398042	2019	Human	cluster_50
SRR10403118	2019	Human	singleton_272
SRR10403178	2019	Human	singleton_181
SRR10405307	2019	Human	cluster_47
SRR10405342	2019	Human	cluster_60
SRR10418198	2019	Human	singleton_130
SRR10418400	2019	Human	singleton_391
SRR10419387	2019	Human	cluster_60
SRR10420832	2019	Human	cluster_60
SRR10420835	2019	Human	cluster_47
SRR10431586	2019	Human	cluster_55
SRR10432028	2019	Human	cluster_60
SRR10435748	2019	Human	singleton_124
SRR10436168	2019	Human	singleton_319
SRR10436174	2019	Human	cluster_60
SRR10436906	2019	Human	cluster_47
SRR10442777	2019	Human	cluster_60
SRR10445522	2019	Human	singleton_81
SRR10452776	2019	Human	cluster_47
SRR10484620	Unknown	Unspecified Animal	cluster_60
SRR10489608	2019	Human	cluster_47
SRR10489870	2019	Human	cluster_47
SRR10490671	2019	Human	cluster_60
SRR10502122	2019	Human	cluster_60
SRR10502128	2019	Human	cluster_47
SRR10502137	2019	Human	cluster_60
SRR10517404	2019	Swine	cluster_47
SRR10527378	Unknown	Unspecified Animal	cluster_60
SRR10530307	2019	Swine	cluster_60
SRR10531465	2019	Human	cluster_60
SRR10533213	2019	Human	cluster_47
SRR10541948	2019	Human	singleton_235
SRR10543690	2019	Human	singleton_31
SRR10546635	2019	Chicken	cluster_54
SRR10574787	2019	Swine	cluster_47
SRR10578246	2019	Human	cluster_47
SRR10609637	2019	Human	cluster_60
SRR10609679	2019	Human	cluster_60
SRR10615246	2019	Swine	cluster_60
SRR10615955	2019	Human	cluster_60
SRR10619332	2019	Human	cluster_60
SRR10666364	2019	Human	singleton_214
SRR10667031	2019	Human	cluster_60
SRR10669580	2019	Swine	cluster_60
SRR10696483	2019	Human	singleton_333
SRR10708452	2019	Chicken	cluster_54
SRR10709262	2019	Human	cluster_55
SRR10712820	2019	Human	cluster_55
SRR10715795	2019	Human	cluster_60
SRR10715809	2019	Human	cluster_60
SRR10734263	2019	Swine	cluster_60
SRR10759073	2019	Human	cluster_60
SRR10760877	2019	Human	cluster_47
SRR10763000	2019	Human	cluster_59
SRR10771213	2019	Human	singleton_136
SRR10773439	2019	Human	cluster_60
SRR10775385	2019	Swine	cluster_60
SRR10814662	2019	Human	singleton_72
SRR10814664	2019	Human	cluster_60
SRR10815587	2019	Swine	cluster_60
SRR10820437	2019	Human	cluster_47
SRR10820442	2019	Human	cluster_47
SRR10820691	2019	Human	cluster_47
SRR10820792	2019	Human	cluster_60
SRR10828246	2019	Human	cluster_60
SRR10829992	2019	Human	cluster_53
SRR10834052	2019	Human	singleton_78
SRR10835718	2019	Human	cluster_47
SRR10841541	2019	Human	cluster_60
SRR10871227	2019	Human	cluster_39
SRR10871905	2019	Human	cluster_47
SRR10879436	2019	Human	cluster_60
SRR10879445	2019	Human	singleton_167
SRR10879518	2019	Swine	cluster_60
SRR10885235	2019	Human	cluster_60
SRR10886883	2019	Human	cluster_60
SRR10886889	2019	Human	singleton_79
SRR10894582	2019	Human	cluster_47
SRR10894612	Unknown	Human	cluster_55
SRR10901329	2019	Human	cluster_60
SRR10909799	2019	Human	singleton_157
SRR10910726	2019	Human	cluster_47
SRR10951277	2020	Human	cluster_47
SRR10958376	2019	Human	cluster_60
SRR10958381	2019	Human	cluster_56
SRR10958402	2020	Human	cluster_60
SRR10961867	2020	Human	cluster_60
SRR10962081	2019	Human	singleton_220
SRR10981301	2020	Human	cluster_55
SRR10988627	2019	Human	cluster_47
SRR10990256	2019	Human	cluster_60
SRR10992462	2020	Human	cluster_39
SRR10996897	2020	Human	cluster_55
SRR10998624	2020	Human	cluster_60
SRR11003616	2020	Human	cluster_60
SRR11005314	2020	Human	cluster_60
SRR11016621	2020	Human	cluster_60
SRR11027301	2020	Human	cluster_55
SRR11052099	2019	Human	singleton_244
SRR11085325	2020	Swine	cluster_60
SRR11089800	2019	Human	singleton_361
SRR11097003	Unknown	Human	cluster_60
SRR11113063	2020	Human	cluster_47
SRR11173355	2020	Human	cluster_60
SRR11193969	2020	Human	cluster_61
SRR11195545	2020	Human	cluster_35
SRR11214808	2020	Bovine	cluster_60
SRR11215584	2020	Human	cluster_60
SRR11229728	2020	Human	cluster_60
SRR11237913	2020	Human	cluster_35
SRR11245246	2020	Human	cluster_60
SRR11248359	2020	Chicken	cluster_60
SRR11252086	2020	Human	cluster_60
SRR11260453	2020	Human	cluster_60
SRR11277869	2020	Human	cluster_60
SRR11279729	2020	Human	cluster_60
SRR11294479	2019	Human	singleton_215
SRR11304814	2019	Human	cluster_60
SRR11305626	2020	Human	cluster_6
SRR11311142	2020	Human	cluster_47
SRR11311817	2020	Turkey	cluster_60
SRR11317812	2020	Swine	cluster_60
SRR11321539	2020	Human	cluster_60
SRR11347198	2020	Swine	cluster_60
SRR11351649	2020	Turkey	cluster_60
SRR11357707	2020	Human	cluster_55
SRR11389088	2020	Human	singleton_19
SRR11392973	2019	Human	singleton_55
SRR11396131	2020	Swine	cluster_60
SRR11401969	2020	Human	cluster_47
SRR11420626	2020	Human	cluster_58
SRR11429378	2020	Human	cluster_60
SRR11448781	2015	Human	cluster_56
SRR11455630	2020	Human	cluster_60
SRR11455631	2020	Human	cluster_60
SRR11455869	2020	Human	singleton_357
SRR11456929	2019	Human	cluster_60
SRR11457953	2020	Human	cluster_60
SRR11470684	2020	Human	cluster_55
SRR11486360	2020	Human	cluster_60
SRR11488016	2020	Human	cluster_60
SRR11491061	2020	Human	cluster_60
SRR11499053	2019	Human	cluster_22
SRR11574674	2020	Swine	cluster_60
SRR11596240	Unknown	Unspecified Animal	cluster_60
SRR11596695	2020	Human	cluster_60
SRR11615145	2020	Human	cluster_55
SRR11616199	2020	Human	singleton_380
SRR11712043	2020	Human	cluster_60
SRR11714385	2020	Swine	cluster_60
SRR11728386	2020	Human	cluster_60
SRR11768275	2020	Human	cluster_60
SRR11772135	2020	Human	cluster_60
SRR11798269	2020	Human	cluster_60
SRR11806332	2020	Human	cluster_55
SRR11806334	2020	Human	cluster_16
SRR11825011	2020	Human	cluster_47
SRR11826756	2015	Human	cluster_60
SRR11848495	2020	Human	cluster_60
SRR11858687	2019	Human	cluster_60
SRR11860492	2020	Human	cluster_47
SRR11879308	2020	Swine	cluster_60
SRR11906793	2020	Human	cluster_60
SRR11907342	2020	Human	cluster_47
SRR11919045	2020	Human	singleton_13
SRR11931251	2020	Human	cluster_55
SRR11935157	Unknown	Unspecified Animal	cluster_47
SRR11951151	2020	Human	cluster_60
SRR11991560	2020	Swine	cluster_47
SRR12004378	2020	Human	cluster_60
SRR12005802	2020	Human	cluster_47
SRR12005837	2020	Human	cluster_60
SRR12017784	2020	Human	cluster_15
SRR12055001	2020	Human	cluster_15
SRR12070473	2020	Human	cluster_60
SRR12070925	2020	Human	cluster_60
SRR12072418	2020	Bovine	cluster_60
SRR12091694	2020	Human	cluster_60
SRR12108680	2020	Human	cluster_56
SRR12110213	2020	Human	cluster_60
SRR12110224	2020	Turkey	cluster_55
SRR12117975	2020	Human	cluster_60
SRR12117985	2020	Human	cluster_60
SRR12124796	2020	Human	cluster_60
SRR12125131	2020	Human	singleton_208
SRR12127081	2020	Human	cluster_60
SRR12127084	2020	Human	cluster_6
SRR12127086	2020	Human	cluster_60
SRR12136478	2020	Human	cluster_6
SRR12136479	2020	Human	cluster_6
SRR12136481	2020	Human	cluster_6
SRR12136523	2020	Swine	cluster_60
SRR12150132	2020	Human	cluster_48
SRR12150535	2020	Human	cluster_55
SRR12172610	2020	Human	cluster_6
SRR12185371	2020	Human	cluster_60
SRR12192395	2020	Human	cluster_60
SRR12207414	2020	Human	cluster_60
SRR12211464	2020	Human	cluster_55
SRR12212807	2020	Human	cluster_6
SRR12215566	2020	Swine	cluster_60
SRR12216025	2020	Human	singleton_207
SRR12216326	2020	Human	cluster_60
SRR12226623	2020	Human	cluster_60
SRR12229884	Unknown	Unspecified Animal	cluster_60
SRR12229965	2020	Human	cluster_60
SRR12244482	2020	Human	cluster_55
SRR12244545	2020	Human	cluster_60
SRR12244555	2020	Human	cluster_55
SRR12248584	2020	Human	cluster_55
SRR12260812	2020	Human	singleton_296
SRR12277876	2020	Human	cluster_55
SRR12283192	2020	Human	cluster_47
SRR12291299	2020	Human	cluster_55
SRR12300145	2020	Turkey	cluster_60
SRR12300485	2020	Human	cluster_60
SRR12300508	2020	Human	cluster_60
SRR12316773	2020	Human	cluster_47
SRR12317085	2020	Chicken	cluster_54
SRR12318385	2020	Human	cluster_50
SRR12319537	2020	Human	cluster_60
SRR12333206	2020	Human	cluster_55
SRR12336734	2020	Human	cluster_4
SRR12336837	2020	Human	cluster_60
SRR12340808	2020	Human	cluster_60
SRR12343740	2020	Human	singleton_18
SRR12344649	2020	Human	singleton_122
SRR12362525	2020	Human	cluster_60
SRR12371440	2020	Human	cluster_10
SRR12377462	2020	Sheep/Goat	cluster_60
SRR12385468	2020	Human	cluster_60
SRR12389316	2020	Human	cluster_47
SRR12401681	2020	Human	cluster_23
SRR12414038	2020	Human	cluster_60
SRR12414102	2020	Human	cluster_47
SRR12422230	2020	Human	cluster_60
SRR12422270	2020	Human	cluster_59
SRR12422385	2020	Human	singleton_131
SRR12422715	2020	Human	cluster_56
SRR12422723	2020	Human	cluster_60
SRR12424635	2020	Human	cluster_55
SRR12424935	2020	Human	cluster_47
SRR12427948	2020	Human	cluster_22
SRR12429813	2020	Human	cluster_10
SRR12429817	2020	Human	cluster_10
SRR12436995	2020	Human	cluster_55
SRR12438034	2020	Human	singleton_169
SRR12450608	2020	Human	cluster_23
SRR12465806	2020	Human	cluster_60
SRR12471024	2020	Human	cluster_60
SRR12486024	2020	Swine	cluster_50
SRR12491937	2020	Human	cluster_60
SRR12491952	2020	Human	cluster_56
SRR12507863	2020	Human	singleton_189
SRR12511485	2020	Human	cluster_56
SRR12513511	2020	Human	cluster_60
SRR12515430	2020	Human	cluster_56
SRR12536385	2020	Swine	cluster_60
SRR12540115	2020	Human	singleton_182
SRR12540191	2020	Human	singleton_232
SRR12561088	2020	Human	singleton_381
SRR12567773	2020	Human	cluster_55
SRR12569869	2020	Human	cluster_55
SRR12569882	2020	Human	cluster_60
SRR12571223	2020	Human	cluster_50
SRR12610368	2020	Human	cluster_60
SRR12625370	2020	Swine	cluster_56
SRR12625771	2020	Swine	cluster_53
SRR12633937	2020	Human	cluster_60
SRR12641911	2020	Human	cluster_55
SRR12642818	2020	Human	cluster_55
SRR12646297	2020	Turkey	cluster_60
SRR12646597	2020	Bovine	cluster_60
SRR12654428	2020	Human	cluster_53
SRR12655889	2020	Human	cluster_47
SRR12655918	2020	Human	singleton_129
SRR12659870	2020	Human	cluster_60
SRR12660253	2020	Human	cluster_47
SRR12660738	2020	Human	cluster_60
SRR12660789	2020	Human	singleton_51
SRR12664102	2020	Human	cluster_60
SRR12672081	2020	Human	cluster_60
SRR12678579	2020	Swine	cluster_47
SRR12682518	2020	Human	cluster_60
SRR12689540	Unknown	Human	cluster_60
SRR12689545	2020	Human	cluster_60
SRR12694458	2020	Human	cluster_56
SRR12694810	2020	Human	cluster_55
SRR12694874	2020	Human	cluster_60
SRR12695134	2020	Human	cluster_60
SRR12697403	2020	Human	singleton_146
SRR12706051	2020	Human	cluster_50
SRR12707423	2020	Human	singleton_285
SRR12717982	2020	Chicken	singleton_38
SRR12727389	2020	Human	cluster_60
SRR12733029	2020	Human	cluster_56
SRR12733031	2020	Human	cluster_60
SRR12733134	2020	Human	singleton_372
SRR12743097	2020	Human	cluster_60
SRR12747735	2020	Human	cluster_55
SRR12748519	2020	Human	cluster_60
SRR12749067	2020	Human	singleton_110
SRR12759198	2020	Human	cluster_60
SRR12762061	Unknown	Human	cluster_60
SRR12766646	2020	Human	cluster_60
SRR12768699	2020	Human	singleton_89
SRR12772068	2020	Human	cluster_60
SRR12781948	2020	Human	cluster_60
SRR12790199	2020	Human	cluster_55
SRR12793966	2020	Human	cluster_56
SRR12797114	2020	Human	cluster_60
SRR12799172	2020	Swine	cluster_60
SRR12804204	2020	Human	cluster_60
SRR12804217	Unknown	Unspecified Animal	cluster_60
SRR12804292	Unknown	Human	cluster_47
SRR12806805	2020	Human	singleton_222
SRR12811601	2020	Swine	cluster_60
SRR12819062	2020	Human	cluster_47
SRR12827157	2020	Human	cluster_60
SRR12827423	2020	Human	singleton_206
SRR12827436	2020	Human	singleton_154
SRR12827478	2020	Human	cluster_60
SRR12828708	2020	Human	cluster_60
SRR12833048	2020	Human	cluster_55
SRR12850293	2020	Human	cluster_60
SRR12850749	2020	Human	cluster_60
SRR12850754	2020	Human	cluster_60
SRR12852604	2020	Human	singleton_173
SRR12879282	2020	Human	cluster_47
SRR12884703	2020	Human	singleton_71
SRR12885539	2020	Human	singleton_9
SRR12898268	2020	Human	cluster_60
SRR12898809	2020	Human	singleton_12
SRR12898927	2020	Human	cluster_60
SRR12903517	2020	Human	cluster_60
SRR12903518	2020	Human	cluster_60
SRR12903538	2020	Human	cluster_60
SRR12925897	2020	Human	singleton_299
SRR12930888	2020	Human	singleton_369
SRR12931160	2020	Human	singleton_368
SRR12935215	2020	Human	cluster_47
SRR12937396	2020	Human	cluster_60
SRR12956960	2020	Swine	cluster_60
SRR12957121	2020	Human	cluster_47
SRR12967301	2020	Human	cluster_60
SRR12967534	2020	Human	cluster_55
SRR12967654	2020	Human	cluster_60
SRR12968129	2020	Human	cluster_60
SRR12978327	2020	Human	cluster_56
SRR12979369	2020	Human	cluster_60
SRR12982418	2020	Human	singleton_113
SRR12982444	2020	Human	singleton_66
SRR12982583	2020	Swine	cluster_60
SRR12991430	2019	Human	cluster_47
SRR12995418	2020	Human	cluster_60
SRR12997645	2020	Human	cluster_47
SRR13000273	2020	Human	singleton_140
SRR13008687	2020	Human	singleton_162
SRR13009802	2020	Human	cluster_50
SRR13009880	2020	Human	cluster_60
SRR13011525	2020	Human	cluster_55
SRR13015514	2020	Human	cluster_60
SRR13019264	2020	Human	cluster_60
SRR13067600	2020	Swine	cluster_60
SRR13068485	2020	Human	cluster_55
SRR13080723	2020	Human	cluster_55
SRR13081167	2020	Human	cluster_16
SRR13081170	2020	Human	cluster_55
SRR13081908	2020	Human	cluster_60
SRR13087662	2020	Human	cluster_47
SRR13094413	2020	Swine	cluster_60
SRR13108319	2020	Human	singleton_211
SRR13123101	2020	Human	cluster_60
SRR13156205	2020	Human	cluster_50
SRR13165651	2020	Human	cluster_44
SRR13168940	2020	Human	singleton_383
SRR13178787	2020	Human	cluster_47
SRR13187398	2020	Swine	cluster_60
SRR13198880	2020	Turkey	cluster_58
SRR13206936	2020	Human	cluster_44
SRR13223881	2020	Human	singleton_292
SRR13236797	2020	Human	cluster_60
SRR13237228	2020	Human	cluster_60
SRR13245099	2020	Swine	cluster_60
SRR13253506	2020	Human	cluster_60
SRR13256554	2020	Human	cluster_60
SRR13256630	2020	Human	cluster_60
SRR13257099	2020	Human	cluster_60
SRR13258937	2020	Human	cluster_60
SRR13259091	2020	Human	cluster_60
SRR13268207	2020	Human	cluster_60
SRR13268211	2020	Human	cluster_60
SRR13281250	2020	Human	cluster_47
SRR13289439	2020	Human	cluster_60
SRR13290831	2020	Human	cluster_47
SRR13292750	2020	Human	cluster_60
SRR13295008	2020	Human	cluster_47
SRR13301772	2020	Human	cluster_56
SRR13306493	2020	Human	cluster_55
SRR13313052	2020	Human	singleton_149
SRR13313438	2020	Human	singleton_234
SRR13320596	2020	Human	cluster_47
SRR13330715	2020	Human	cluster_60
SRR13332100	2020	Human	cluster_60
SRR13357458	2020	Human	cluster_62
SRR13367348	2020	Human	cluster_60
SRR13388815	2020	Human	cluster_60
SRR13394518	2020	Human	cluster_60
SRR13405897	2020	Swine	cluster_60
SRR13417778	2020	Human	cluster_60
SRR13421040	2020	Human	singleton_274
SRR13435610	2020	Human	cluster_60
SRR13438655	2020	Human	cluster_53
SRR13443256	2020	Human	cluster_55
SRR13450010	2021	Swine	cluster_47
SRR13490874	2020	Human	cluster_60
SRR13490880	2020	Human	cluster_55
SRR13498069	2019	Human	cluster_47
SRR13509041	2021	Human	cluster_60
SRR13510911	2019	Human	cluster_50
SRR13519894	2021	Swine	cluster_60
SRR13520217	2020	Human	cluster_60
SRR13573549	2020	Human	singleton_356
SRR13574998	2020	Human	cluster_60
SRR13593648	2021	Swine	cluster_55
SRR13633820	2021	Chicken	cluster_54
SRR13642831	2021	Human	cluster_47
SRR13644118	2021	Swine	cluster_60
SRR13666659	Unknown	Unspecified Animal	cluster_60
SRR13680586	2021	Human	singleton_212
SRR13694459	2021	Human	cluster_60
SRR13694678	2019	Human	cluster_60
SRR13700270	2019	Human	singleton_151
SRR13706047	2019	Human	cluster_47
SRR13706155	2019	Human	cluster_55
SRR13706156	2019	Human	cluster_60
SRR13708469	2019	Human	cluster_55
SRR13719146	2021	Human	cluster_60
SRR13723921	2021	Human	cluster_47
SRR13729113	2021	Human	cluster_60
SRR13760691	2021	Human	cluster_60
SRR13776386	2021	Human	singleton_203
SRR13783229	2021	Human	cluster_47
SRR13794603	2021	Human	cluster_55
SRR13811189	2021	Human	cluster_55
SRR13811236	2021	Human	cluster_60
SRR13826504	2021	Human	cluster_60
SRR13923127	2019	Human	cluster_47
SRR13926921	2021	Swine	cluster_47
SRR13944338	2021	Human	cluster_60
SRR13944340	2021	Swine	cluster_27
SRR13944748	2021	Chicken	cluster_54
SRR14017886	2021	Human	cluster_55
SRR14028532	2020	Human	cluster_47
SRR14029655	2021	Swine	cluster_27
SRR14092569	2021	Human	cluster_60
SRR14098061	2021	Human	cluster_60
SRR14145885	2021	Human	cluster_50
SRR14156266	2021	Swine	cluster_47
SRR14162383	2021	Human	singleton_196
SRR14238913	2021	Human	cluster_55
SRR14240254	2021	Human	singleton_7
SRR14244477	2021	Human	cluster_54
SRR14289374	2021	Chicken	singleton_16
SRR14293404	2021	Human	cluster_60
SRR14293568	2021	Human	cluster_60
SRR14296443	2021	Human	cluster_60
SRR14325777	2021	Human	singleton_218
SRR14326393	2021	Swine	cluster_60
SRR14352021	2020	Human	cluster_55
SRR14369981	2021	Human	cluster_60
SRR14408211	2021	Human	singleton_39
SRR14432655	2021	Human	cluster_60
SRR14479070	2021	Human	singleton_139
SRR14481133	2021	Swine	cluster_60
SRR14481531	2021	Human	singleton_199
SRR14482341	2021	Human	cluster_50
SRR14494704	2021	Human	cluster_41
SRR14516299	2021	Human	cluster_55
SRR14539532	2021	Human	singleton_200
SRR14551613	2021	Human	cluster_47
SRR14555459	2021	Swine	cluster_60
SRR14567273	2021	Human	singleton_82
SRR14569538	2021	Human	cluster_60
SRR14578744	2021	Human	singleton_238
SRR14597004	2021	Human	singleton_277
SRR14607013	2021	Human	singleton_174
SRR14608646	2021	Swine	cluster_60
SRR14631926	2021	Human	singleton_41
SRR14633493	2021	Human	cluster_47
SRR14634398	2021	Human	singleton_42
SRR14634610	2021	Human	singleton_68
SRR14635758	2021	Human	cluster_62
SRR14676058	2021	Human	cluster_60
SRR14711572	2021	Human	cluster_60
SRR14711881	2021	Human	cluster_60
SRR14715707	2021	Unspecified Animal	cluster_60
SRR14718093	2021	Human	cluster_60
SRR14730169	2021	Human	singleton_351
SRR14746646	2021	Human	cluster_55
SRR14751921	2021	Human	singleton_393
SRR14773179	2021	Human	cluster_47
SRR14780540	2021	Human	cluster_60
SRR14792118	2021	Human	singleton_386
SRR14792261	2021	Human	cluster_16
SRR14810347	2021	Human	cluster_47
SRR14810389	2021	Human	cluster_60
SRR14825492	2021	Swine	cluster_60
SRR14826207	2021	Human	cluster_60
SRR14846572	2021	Human	cluster_60
SRR14856471	2021	Human	cluster_47
SRR14864510	2021	Human	cluster_60
SRR14870638	2021	Human	singleton_291
SRR14872742	2021	Human	cluster_60
SRR14873687	2021	Human	cluster_47
SRR14873708	2021	Human	cluster_47
SRR14883377	2021	Human	cluster_60
SRR14907162	2021	Human	cluster_60
SRR14920451	2021	Human	cluster_47
SRR14921296	2021	Swine	cluster_47
SRR14921298	2021	Human	singleton_84
SRR14928982	2021	Human	cluster_60
SRR14934742	2021	Human	cluster_60
SRR14934921	2021	Human	singleton_350
SRR14959379	2021	Human	singleton_159
SRR14977878	2021	Human	cluster_60
SRR14979010	2021	Human	cluster_47
SRR14995622	2021	Human	singleton_250
SRR14996419	2021	Human	cluster_60
SRR15007525	2021	Human	singleton_345
SRR15048721	2021	Human	cluster_60
SRR15050796	2021	Human	cluster_49
SRR15051158	2021	Human	cluster_55
SRR15054508	2021	Human	cluster_60
SRR15060930	2021	Human	cluster_47
SRR15069900	Unknown	Unspecified Animal	cluster_60
SRR15070647	2021	Human	singleton_100
SRR15084685	2021	Human	cluster_60
SRR15107754	2021	Human	cluster_56
SRR15115797	2021	Human	cluster_60
SRR15128279	2021	Human	cluster_60
SRR15128284	2021	Human	cluster_50
SRR15128529	2021	Human	cluster_60
SRR15130464	2021	Human	cluster_60
SRR15142414	2020	Human	cluster_23
SRR15142455	2021	Human	cluster_60
SRR15155890	2021	Human	singleton_263
SRR15178489	2021	Human	cluster_26
SRR15178521	2021	Human	cluster_26
SRR15178543	2021	Human	cluster_47
SRR15199580	2021	Human	cluster_60
SRR15202738	2021	Human	cluster_60
SRR15209067	2021	Human	cluster_60
SRR15210592	2021	Human	cluster_60
SRR15223062	2021	Human	cluster_60
SRR15245423	2021	Human	singleton_17
SRR15248601	2021	Human	cluster_16
SRR15249066	2021	Human	cluster_60
SRR15249595	2021	Human	cluster_60
SRR15251247	2021	Human	cluster_60
SRR15253447	2021	Human	cluster_60
SRR15276836	2021	Human	cluster_60
SRR15282953	2021	Human	cluster_60
SRR15282970	2021	Human	cluster_60
SRR15287404	2021	Human	cluster_33
SRR15295025	2021	Human	cluster_60
SRR15295031	2021	Human	cluster_56
SRR15295141	2021	Human	cluster_55
SRR15295240	2021	Human	cluster_60
SRR15296237	2021	Human	singleton_76
SRR15305625	2021	Human	cluster_60
SRR15307586	2021	Human	cluster_60
SRR15321223	2021	Swine	cluster_60
SRR15321998	2021	Human	cluster_60
SRR15340809	2021	Human	cluster_60
SRR15340810	2021	Human	cluster_60
SRR15343705	2021	Human	cluster_60
SRR15348072	2021	Human	cluster_47
SRR15358550	2021	Human	cluster_60
SRR15374329	2021	Human	cluster_60
SRR15403633	2021	Human	singleton_322
SRR15403648	2021	Human	singleton_283
SRR15406726	2021	Human	singleton_165
SRR15411256	2021	Human	cluster_47
SRR15413413	2021	Human	singleton_290
SRR15428991	2021	Human	cluster_56
SRR15431018	2021	Human	cluster_21
SRR15441517	2021	Human	cluster_60
SRR15446403	2021	Human	cluster_56
SRR15466040	2021	Human	singleton_126
SRR15488704	2021	Human	cluster_60
SRR15512413	2021	Human	cluster_64
SRR15512840	2021	Human	cluster_60
SRR15522124	2021	Human	cluster_60
SRR15522140	2021	Human	cluster_60
SRR15526140	2021	Human	cluster_47
SRR15527235	2021	Human	cluster_49
SRR15527236	2021	Human	singleton_37
SRR15527995	2021	Human	cluster_60
SRR15540831	2021	Human	cluster_60
SRR15540890	2021	Human	singleton_202
SRR15566086	2021	Human	cluster_21
SRR15566824	2021	Human	cluster_60
SRR15598651	2021	Human	cluster_60
SRR15600238	Unknown	Unspecified Animal	cluster_60
SRR15607185	2021	Human	cluster_73
SRR15607193	2021	Human	cluster_60
SRR15607196	2021	Human	cluster_73
SRR15633251	2021	Human	cluster_60
SRR15634509	2021	Human	cluster_60
SRR15654855	2021	Human	singleton_394
SRR15657208	2021	Human	cluster_60
SRR15657285	2021	Human	cluster_60
SRR15669299	2021	Human	singleton_278
SRR15676033	2021	Human	cluster_60
SRR15680216	2021	Human	cluster_60
SRR15687587	2021	Human	cluster_60
SRR15687596	2021	Human	singleton_233
SRR15687836	2021	Bovine	cluster_60
SRR15688948	2021	Human	cluster_60
SRR15693945	2021	Human	cluster_60
SRR15713689	2021	Human	cluster_60
SRR15713845	2021	Human	cluster_60
SRR15713849	2021	Human	cluster_60
SRR15736150	2021	Human	cluster_56
SRR15739531	2021	Human	cluster_55
SRR15744462	2021	Swine	cluster_60
SRR15783378	2021	Human	cluster_55
SRR15792797	2021	Human	cluster_60
SRR15793083	2021	Human	cluster_60
SRR15793084	2021	Human	cluster_60
SRR15793088	2021	Human	cluster_60
SRR15793116	2021	Human	cluster_60
SRR15808234	2021	Human	cluster_60
SRR15829424	2021	Human	cluster_60
SRR15831081	2021	Human	cluster_60
SRR15831213	2021	Human	cluster_60
SRR15831278	2021	Human	singleton_2
SRR15831281	2021	Human	cluster_60
SRR15837370	2021	Human	cluster_60
SRR15862142	2021	Bovine	cluster_60
SRR15871444	2021	Human	cluster_60
SRR15871540	2021	Human	cluster_60
SRR15871619	2021	Human	cluster_60
SRR15871629	2021	Human	cluster_60
SRR15877851	2021	Human	cluster_60
SRR15879224	2021	Human	cluster_60
SRR15880678	2021	Human	cluster_56
SRR15881258	2021	Swine	cluster_60
SRR15898462	2021	Human	cluster_60
SRR15900763	2021	Human	cluster_60
SRR15904938	2021	Human	cluster_60
SRR15909631	2021	Human	cluster_60
SRR15916309	2021	Swine	cluster_60
SRR15926856	2021	Human	cluster_60
SRR15926868	2021	Swine	cluster_60
SRR15927196	2021	Human	cluster_60
SRR15927271	2021	Human	cluster_60
SRR15931632	2021	Human	cluster_60
SRR15942392	2021	Human	cluster_60
SRR15942393	2021	Human	cluster_60
SRR15962725	2021	Human	cluster_33
SRR15962731	2021	Human	singleton_164
SRR15971052	2021	Human	cluster_60
SRR15971083	2021	Human	cluster_55
SRR15972679	2021	Human	cluster_60
SRR15972820	2021	Human	cluster_60
SRR15972947	2021	Human	cluster_60
SRR15988319	2021	Human	cluster_60
SRR15997096	2021	Human	singleton_377
SRR16006930	2021	Human	cluster_60
SRR16027356	2021	Human	cluster_60
SRR16047910	2021	Human	cluster_60
SRR16054140	2021	Human	singleton_52
SRR16060661	2021	Swine	cluster_60
SRR16080601	2021	Human	cluster_60
SRR16089525	2021	Human	cluster_60
SRR16091359	2021	Human	cluster_60
SRR16095488	2021	Human	cluster_60
SRR16104227	2021	Human	cluster_60
SRR16113177	2021	Swine	cluster_60
SRR16114561	2021	Human	singleton_183
SRR16118191	2021	Human	singleton_224
SRR16118313	2021	Human	cluster_60
SRR16133399	2021	Bovine	cluster_60
SRR16151819	2021	Human	cluster_45
SRR16152114	2021	Human	cluster_56
SRR16152121	2021	Human	cluster_56
SRR16153209	2021	Human	cluster_60
SRR16153213	2021	Human	cluster_60
SRR16153906	2021	Swine	cluster_60
SRR16185520	2021	Human	cluster_60
SRR16186814	2021	Human	cluster_60
SRR16186840	2021	Human	cluster_60
SRR16186900	2021	Human	cluster_60
SRR16192114	2021	Human	cluster_60
SRR16192642	2021	Human	cluster_57
SRR16193638	2021	Human	cluster_60
SRR16194250	2021	Human	cluster_60
SRR16219318	2021	Human	cluster_60
SRR16249230	2021	Human	singleton_60
SRR16291122	2021	Human	cluster_60
SRR16301479	2021	Human	cluster_60
SRR16303292	2021	Human	cluster_60
SRR16313024	2021	Human	cluster_60
SRR16314072	2021	Human	singleton_192
SRR16340016	2021	Human	cluster_60
SRR16345270	2021	Human	singleton_14
SRR16389893	2021	Human	singleton_5
SRR16395160	2021	Human	cluster_60
SRR16470933	2021	Human	cluster_60
SRR16477502	2021	Human	cluster_60
SRR16480116	2021	Human	cluster_60
SRR16491002	2021	Human	singleton_321
SRR16491142	2021	Human	singleton_63
SRR16491269	2021	Human	cluster_60
SRR16502349	2021	Swine	cluster_60
SRR16505407	2021	Human	cluster_60
SRR16519850	2021	Human	cluster_60
SRR16519984	2021	Human	cluster_60
SRR16520575	2021	Human	singleton_135
SRR16538687	2021	Human	cluster_60
SRR16563484	2021	Human	cluster_60
SRR16569327	2021	Human	cluster_60
SRR16574569	2021	Human	cluster_60
SRR16576378	2021	Human	cluster_60
SRR16579202	2021	Human	cluster_60
SRR16598273	2021	Human	cluster_60
SRR16600315	2021	Human	singleton_148
SRR16609751	2021	Human	cluster_60
SRR16633925	2021	Human	singleton_260
SRR16637728	2021	Human	cluster_56
SRR16637943	2021	Human	cluster_60
SRR16640445	2021	Human	cluster_60
SRR16676107	2021	Human	singleton_57
SRR16677045	2021	Human	cluster_60
SRR16681627	2021	Swine	cluster_60
SRR16692934	2021	Human	cluster_60
SRR16692979	2021	Human	singleton_264
SRR16692998	2021	Human	cluster_60
SRR16693296	2021	Human	singleton_178
SRR16761455	2021	Swine	cluster_60
SRR16764819	2021	Human	cluster_60
SRR16771680	2021	Human	cluster_60
SRR16820867	2021	Human	cluster_60
SRR16848609	2021	Human	cluster_60
SRR16889107	2021	Human	cluster_60
SRR16889641	2021	Human	cluster_57
SRR16891742	2021	Human	singleton_62
SRR16892651	2021	Human	cluster_60
SRR16893592	2021	Human	cluster_60
SRR16910974	2021	Human	cluster_60
SRR16913311	2021	Human	cluster_60
SRR16913532	2021	Human	cluster_60
SRR16913539	2021	Human	cluster_60
SRR16913945	2021	Human	cluster_60
SRR16913968	2021	Human	cluster_60
SRR16913978	2021	Human	cluster_60
SRR16927796	2021	Swine	cluster_60
SRR16928137	2021	Human	cluster_60
SRR16931875	2021	Swine	cluster_60
SRR16950705	2021	Human	cluster_60
SRR16952454	2021	Human	cluster_60
SRR16956426	2021	Human	cluster_60
SRR16958676	2021	Human	singleton_36
SRR16959467	2021	Human	cluster_60
SRR16983424	2021	Human	singleton_341
SRR16987629	2021	Human	cluster_55
SRR16987644	2021	Human	cluster_60
SRR16988333	2021	Human	cluster_60
SRR16999057	2021	Human	cluster_60
SRR17000829	2021	Human	cluster_72
SRR17005833	2021	Human	singleton_171
SRR17006594	2021	Human	cluster_72
SRR17010419	2021	Human	cluster_13
SRR17010423	2021	Human	cluster_13
SRR17010775	2021	Human	cluster_13
SRR17016984	2021	Human	cluster_60
SRR17022069	2021	Human	cluster_13
SRR17050066	2021	Human	cluster_60
SRR17065419	2021	Human	cluster_60
SRR17066689	2021	Bovine	cluster_60
SRR17067185	2021	Swine	cluster_60
SRR17084726	2021	Human	singleton_204
SRR17096093	2021	Human	singleton_284
SRR17119255	2021	Human	cluster_61
SRR17119776	2021	Human	cluster_60
SRR17119998	2021	Human	cluster_60
SRR17143413	2021	Human	cluster_60
SRR17188768	2021	Swine	cluster_55
SRR17230841	2021	Human	cluster_60
SRR17239743	2021	Human	cluster_60
SRR1724676	2014	Human	cluster_60
SRR1724678	2014	Human	cluster_60
SRR17248557	2021	Human	cluster_60
SRR17253185	2021	Human	cluster_60
SRR17262928	2021	Human	cluster_55
SRR17266919	2021	Human	cluster_52
SRR17276287	2021	Human	cluster_55
SRR17276366	2021	Human	cluster_60
SRR17282667	2021	Human	cluster_60
SRR17286581	2021	Human	singleton_241
SRR17287651	2021	Human	cluster_60
SRR17299219	Unknown	Human	cluster_60
SRR17308304	2021	Swine	cluster_60
SRR17311929	2021	Human	cluster_60
SRR17321838	2021	Swine	cluster_60
SRR17334021	2021	Human	cluster_60
SRR17335479	2021	Human	cluster_60
SRR17336109	2021	Human	cluster_60
SRR17343907	2021	Human	cluster_60
SRR17373608	2021	Human	singleton_390
SRR17398018	Unknown	Human	cluster_60
SRR17413609	2021	Human	cluster_47
SRR17422996	2021	Human	cluster_60
SRR17431441	2021	Human	singleton_242
SRR17486651	2021	Human	cluster_5
SRR17533122	2021	Human	cluster_60
SRR17534380	2021	Human	cluster_60
SRR17534454	2021	Human	cluster_60
SRR17534988	2021	Human	singleton_346
SRR17574783	2021	Human	cluster_60
SRR17586907	2021	Unspecified Animal	cluster_55
SRR17604986	2021	Human	cluster_60
SRR17654459	2022	Human	cluster_60
SRR17657553	2021	Swine	singleton_103
SRR17670772	2021	Human	cluster_60
SRR17695664	2021	Human	cluster_60
SRR17695711	2022	Human	cluster_60
SRR17721534	2021	Human	cluster_60
SRR17724587	2022	Human	cluster_47
SRR17735569	2022	Human	cluster_60
SRR17763875	2022	Human	cluster_60
SRR17769740	2022	Human	singleton_56
SRR17774022	2021	Human	cluster_5
SRR17784677	2021	Human	cluster_60
SRR17805862	2021	Human	cluster_60
SRR17805864	2021	Human	singleton_145
SRR17831424	2022	Swine	cluster_60
SRR17837447	2022	Human	singleton_352
SRR17838238	2021	Human	cluster_60
SRR17838605	2022	Swine	cluster_60
SRR17838870	2022	Human	cluster_60
SRR17838915	2022	Human	cluster_60
SRR17843243	2022	Human	cluster_60
SRR17843512	2021	Human	cluster_60
SRR17844130	2022	Human	cluster_60
SRR17858643	2022	Human	cluster_60
SRR17886993	2022	Human	cluster_60
SRR17887119	2021	Human	cluster_60
SRR17918646	2022	Human	cluster_60
SRR17922811	2022	Human	cluster_60
SRR17922815	2022	Swine	cluster_60
SRR17922928	2021	Human	cluster_60
SRR17940320	2021	Human	cluster_60
SRR17940326	2021	Human	cluster_60
SRR17956267	2022	Human	cluster_60
SRR17956273	2022	Human	cluster_17
SRR17957664	2022	Human	singleton_209
SRR17982499	2022	Human	cluster_60
SRR18039102	2022	Human	cluster_60
SRR18095498	2022	Human	cluster_56
SRR18101281	2022	Human	cluster_60
SRR18101297	2022	Human	cluster_60
SRR18163374	2022	Human	cluster_60
SRR18164492	2022	Swine	cluster_60
SRR18165597	2022	Human	cluster_45
SRR18270784	2022	Human	cluster_60
SRR18271735	2021	Human	cluster_60
SRR18283062	2022	Human	cluster_60
SRR18297506	2022	Swine	cluster_60
SRR18297507	2022	Swine	cluster_60
SRR18299057	2022	Swine	cluster_60
SRR18319683	2022	Swine	cluster_60
SRR18326761	2022	Human	cluster_60
SRR18327097	2022	Human	cluster_5
SRR18332294	2022	Human	cluster_60
SRR18426067	2022	Swine	cluster_60
SRR18429463	2022	Human	cluster_60
SRR18434391	2022	Human	cluster_60
SRR18453100	2021	Human	singleton_243
SRR18453923	Unknown	Unspecified Animal	singleton_273
SRR18462660	2022	Human	cluster_60
SRR18464330	2022	Human	cluster_60
SRR18500783	2022	Human	cluster_17
SRR18500807	2022	Human	cluster_60
SRR18518918	2022	Swine	cluster_60
SRR18530189	2022	Human	cluster_60
SRR18594395	2022	Human	singleton_308
SRR18595267	2021	Human	cluster_55
SRR18605173	2022	Human	cluster_60
SRR18685509	2022	Human	singleton_94
SRR18741491	2022	Human	cluster_60
SRR18741542	2022	Human	cluster_60
SRR18745490	2022	Human	cluster_60
SRR18793770	2022	Human	singleton_344
SRR18795820	2022	Human	singleton_362
SRR18819302	2022	Human	cluster_60
SRR18856262	2021	Human	cluster_60
SRR18858871	2022	Human	cluster_60
SRR18888901	2022	Human	cluster_60
SRR18889263	2022	Human	singleton_185
SRR18898018	2021	Human	cluster_60
SRR18911114	2022	Human	cluster_60
SRR18911487	2022	Human	cluster_60
SRR18914353	2022	Human	cluster_60
SRR18914354	2022	Human	cluster_60
SRR18920543	2022	Human	cluster_60
SRR18928243	2021	Human	cluster_55
SRR18937063	2022	Human	singleton_392
SRR18944052	2022	Human	cluster_17
SRR19038694	2022	Swine	cluster_55
SRR19039048	2022	Human	cluster_60
SRR19100829	2022	Human	cluster_60
SRR19133656	2022	Swine	cluster_60
SRR19154179	2022	Human	singleton_307
SRR19158478	2022	Human	cluster_60
SRR19225729	2022	Human	cluster_60
SRR19242481	2022	Human	cluster_60
SRR19329989	2022	Swine	cluster_60
SRR19395581	2022	Human	cluster_60
SRR19415748	2022	Human	cluster_60
SRR19430691	2022	Human	singleton_340
SRR19486179	2022	Swine	cluster_60
SRR19522623	2022	Human	singleton_313
SRR19529137	2022	Chicken	cluster_54
SRR19529253	2022	Human	cluster_60
SRR19546090	2022	Human	cluster_60
SRR19549350	2022	Human	cluster_55
SRR19549702	2022	Human	cluster_60
SRR19552469	2022	Human	cluster_60
SRR19581729	2022	Human	cluster_60
SRR19581931	2022	Human	cluster_60
SRR19582005	2022	Human	cluster_60
SRR19591792	2022	Swine	cluster_60
SRR19594418	2022	Human	cluster_60
SRR19621298	2022	Human	singleton_281
SRR19636044	2022	Human	singleton_306
SRR19639044	2022	Human	cluster_60
SRR19649804	2022	Human	cluster_23
SRR19663656	2022	Human	cluster_40
SRR19735509	2022	Human	cluster_60
SRR19744809	2022	Swine	cluster_60
SRR19769855	2022	Human	singleton_88
SRR19775531	2022	Chicken	singleton_30
SRR19782479	2022	Human	singleton_247
SRR19785311	2022	Human	cluster_60
SRR19836437	2022	Human	cluster_40
SRR19837503	2022	Chicken	cluster_54
SRR19846969	2022	Human	cluster_55
SRR19866060	2022	Human	cluster_60
SRR19867441	2022	Human	cluster_56
SRR19868220	2022	Human	cluster_60
SRR19888510	2022	Human	cluster_60
SRR19888627	2022	Human	cluster_60
SRR19898093	2022	Human	cluster_60
SRR19908642	2022	Human	cluster_60
SRR19912915	2022	Human	singleton_288
SRR19918603	2022	Human	cluster_60
SRR19932267	2022	Human	singleton_111
SRR19982164	2022	Human	cluster_60
SRR19984999	2022	Swine	cluster_60
SRR19986378	Unknown	Human	cluster_60
SRR19996172	2022	Human	cluster_60
SRR20015845	2022	Human	cluster_60
SRR20015872	2022	Human	cluster_60
SRR20026904	2022	Swine	cluster_60
SRR20046612	2022	Swine	cluster_60
SRR20046758	2022	Human	cluster_60
SRR20049328	2022	Human	singleton_384
SRR20078595	2022	Human	cluster_60
SRR20079090	2022	Human	singleton_309
SRR20096920	2022	Human	singleton_248
SRR20183499	2022	Human	cluster_60
SRR20184233	2022	Human	cluster_60
SRR20281731	2022	Human	cluster_60
SRR20308706	2022	Human	cluster_60
SRR20308770	2022	Human	cluster_60
SRR20309394	2022	Human	cluster_18
SRR20325579	2022	Human	cluster_60
SRR20329942	2022	Human	cluster_60
SRR20341366	2022	Swine	cluster_60
SRR20391949	2022	Human	cluster_60
SRR20454096	2022	Human	cluster_55
SRR20584198	2022	Human	cluster_60
SRR20622088	2022	Human	cluster_56
SRR20629457	2022	Human	cluster_56
SRR20634860	2022	Human	cluster_60
SRR20634985	2022	Human	singleton_349
SRR20652847	2022	Human	cluster_60
SRR20657134	2022	Swine	cluster_60
SRR20668401	2022	Human	cluster_60
SRR20710265	2022	Human	cluster_18
SRR20720060	2022	Human	cluster_60
SRR20736445	2022	Human	cluster_60
SRR20736465	2022	Human	cluster_60
SRR20737937	2022	Human	cluster_12
SRR20737953	2022	Human	cluster_12
SRR20748523	2022	Human	cluster_60
SRR20749076	2022	Human	cluster_60
SRR20751626	2022	Human	cluster_56
SRR20791613	2022	Human	cluster_60
SRR20823128	2022	Human	cluster_60
SRR20959654	2022	Human	singleton_83
SRR20959901	2022	Human	cluster_60
SRR20993345	2022	Human	cluster_60
SRR20994250	2022	Human	cluster_60
SRR21011022	2022	Swine	cluster_60
SRR21017408	2022	Human	cluster_60
SRR21024889	2022	Human	cluster_60
SRR21025726	2022	Human	cluster_60
SRR21026053	2022	Human	cluster_60
SRR21058672	2022	Chicken	singleton_15
SRR21065606	2022	Swine	cluster_53
SRR21066138	2022	Human	cluster_60
SRR21070909	2022	Human	cluster_68
SRR21085099	2022	Chicken	cluster_54
SRR21085580	2022	Human	cluster_60
SRR21086011	2022	Human	cluster_56
SRR21086586	2022	Swine	cluster_60
SRR21087206	2022	Human	cluster_60
SRR21088276	2022	Human	cluster_42
SRR21090234	2022	Human	cluster_60
SRR21090494	2022	Human	cluster_60
SRR21091671	2022	Human	cluster_60
SRR21091745	2022	Human	cluster_60
SRR21111915	2022	Human	singleton_98
SRR21111928	2022	Human	cluster_60
SRR21113405	2022	Human	cluster_41
SRR21161395	2022	Human	cluster_60
SRR21166176	2022	Human	cluster_60
SRR21166321	2022	Human	cluster_60
SRR21186157	2022	Human	singleton_118
SRR21191135	2022	Human	singleton_116
SRR21193087	2022	Swine	cluster_60
SRR21202937	2022	Human	cluster_60
SRR21208413	2022	Human	cluster_60
SRR21221375	2022	Swine	cluster_60
SRR21227344	2022	Human	cluster_60
SRR21227466	2022	Human	cluster_68
SRR21228255	2022	Human	cluster_60
SRR21231097	2022	Human	singleton_210
SRR21296969	2022	Human	cluster_60
SRR21377597	2022	Human	cluster_60
SRR21387362	2022	Human	cluster_60
SRR21387366	2022	Human	cluster_60
SRR21429463	2022	Human	cluster_60
SRR21437902	2022	Human	cluster_55
SRR21452063	2022	Human	cluster_60
SRR21459588	2022	Chicken	singleton_33
SRR21461243	2022	Human	cluster_60
SRR21491184	2022	Human	singleton_355
SRR21498861	2022	Human	cluster_60
SRR21504333	2022	Human	cluster_56
SRR21530411	2022	Human	cluster_60
SRR21533353	2022	Human	cluster_60
SRR21533639	2022	Human	cluster_60
SRR21534555	2022	Human	cluster_50
SRR21541995	2022	Human	cluster_55
SRR21542046	2022	Human	cluster_68
SRR21543815	2022	Human	cluster_37
SRR21545759	Unknown	Human	cluster_60
SRR21547432	2022	Human	cluster_60
SRR21564667	2022	Human	singleton_269
SRR21590070	2022	Human	cluster_60
SRR21607728	2022	Human	cluster_60
SRR21624270	2022	Human	cluster_60
SRR21628556	2022	Human	singleton_50
SRR21643158	2022	Human	singleton_365
SRR21644358	2022	Human	cluster_60
SRR21659010	2022	Human	singleton_289
SRR21660848	2022	Human	cluster_60
SRR21667867	2022	Swine	cluster_60
SRR21678320	2022	Human	cluster_60
SRR21684233	2022	Human	singleton_32
SRR21729062	2022	Human	cluster_60
SRR21736301	2022	Human	cluster_60
SRR21737189	2022	Human	cluster_60
SRR21742901	2022	Human	singleton_240
SRR21742905	2022	Human	cluster_60
SRR21742955	2022	Human	singleton_276
SRR21763236	2022	Turkey	cluster_60
SRR21765786	2022	Human	cluster_60
SRR21769886	2022	Human	cluster_55
SRR21769922	2022	Human	singleton_221
SRR21785076	2022	Human	cluster_60
SRR21786413	2022	Human	cluster_56
SRR21786535	2022	Swine	cluster_43
SRR21814030	2022	Human	cluster_60
SRR21824201	2022	Human	cluster_60
SRR21824568	2022	Human	cluster_60
SRR21830958	2022	Human	singleton_75
SRR21832298	2022	Human	cluster_60
SRR21839464	2022	Human	singleton_177
SRR21854209	2022	Human	cluster_60
SRR21870271	2022	Human	cluster_60
SRR21871182	2022	Human	cluster_60
SRR21882290	2022	Human	singleton_279
SRR21893870	2022	Human	singleton_4
SRR21894330	2022	Human	cluster_60
SRR21905099	2022	Human	cluster_60
SRR21911268	2022	Human	cluster_60
SRR21930611	2022	Human	cluster_56
SRR21931819	2022	Human	singleton_90
SRR21931820	2022	Human	singleton_86
SRR21932016	2022	Swine	cluster_60
SRR21948712	2022	Human	cluster_60
SRR21951425	2022	Human	cluster_60
SRR21986260	2022	Human	singleton_102
SRR22004954	2022	Human	singleton_213
SRR22006609	2022	Swine	cluster_60
SRR22007276	2022	Swine	cluster_60
SRR22028515	2022	Human	singleton_328
SRR22033702	2022	Human	singleton_194
SRR22042161	2022	Human	cluster_60
SRR22049155	2022	Human	cluster_60
SRR22049593	2022	Human	cluster_47
SRR22059288	2022	Human	cluster_60
SRR22069780	2022	Human	cluster_60
SRR22084597	2022	Human	cluster_60
SRR22086124	2022	Human	cluster_60
SRR22119870	2022	Swine	cluster_60
SRR22129674	2022	Human	cluster_60
SRR22143905	2022	Human	cluster_60
SRR22177849	2022	Human	cluster_60
SRR22192768	2022	Human	singleton_326
SRR22195992	2022	Human	singleton_245
SRR22196800	2022	Human	cluster_60
SRR22214566	2022	Human	cluster_55
SRR22217193	2022	Human	cluster_60
SRR22230253	2022	Human	cluster_60
SRR22230376	2022	Human	cluster_60
SRR22246868	2022	Human	cluster_60
SRR22247528	2022	Human	singleton_262
SRR22247602	2022	Human	cluster_60
SRR22247763	2022	Human	cluster_60
SRR22247944	2022	Swine	cluster_60
SRR22276146	2022	Human	singleton_354
SRR22279279	2022	Human	cluster_60
SRR22303894	2022	Bovine	cluster_60
SRR22334642	2022	Human	cluster_60
SRR22355713	2022	Human	cluster_55
SRR22356559	2022	Human	cluster_60
SRR22361288	2022	Human	cluster_60
SRR22378122	2022	Human	cluster_60
SRR22378344	2022	Human	cluster_60
SRR22382428	2022	Swine	cluster_60
SRR22408486	2022	Human	cluster_60
SRR22427774	2022	Human	cluster_60
SRR22428496	2022	Human	singleton_239
SRR22442202	2022	Human	cluster_60
SRR22442210	2022	Human	cluster_60
SRR22446211	2022	Human	cluster_56
SRR22469509	2022	Human	cluster_60
SRR22484552	2022	Swine	cluster_60
SRR22489981	2022	Swine	cluster_60
SRR22502087	2022	Human	cluster_60
SRR22509471	2022	Human	cluster_60
SRR22526425	2022	Human	singleton_374
SRR22526899	2022	Human	singleton_303
SRR22535435	2022	Human	cluster_60
SRR22548611	2022	Human	cluster_60
SRR22548830	2022	Swine	cluster_60
SRR22565544	2022	Human	cluster_60
SRR22565545	2022	Swine	cluster_60
SRR22565632	2022	Swine	cluster_60
SRR22566363	2022	Swine	cluster_60
SRR22570239	2022	Human	cluster_60
SRR22578317	2022	Swine	cluster_60
SRR22666750	2022	Human	cluster_54
SRR22696463	2022	Human	cluster_60
SRR22703888	2022	Human	cluster_60
SRR22703890	2022	Human	cluster_60
SRR22705528	2022	Other	cluster_60
SRR22705565	2022	Other	cluster_60
SRR22705819	2022	Other	cluster_60
SRR22706007	2022	Other	cluster_60
SRR22706055	2022	Other	cluster_60
SRR22706259	2022	Other	cluster_60
SRR22706377	2022	Other	cluster_60
SRR22706843	2022	Other	cluster_60
SRR22706876	2022	Other	cluster_60
SRR22706971	2022	Other	cluster_60
SRR22707228	2022	Other	cluster_60
SRR22730753	2022	Human	cluster_60
SRR22763455	2022	Human	cluster_60
SRR22811676	2022	Human	singleton_195
SRR22812194	2022	Human	cluster_55
SRR22812658	2022	Human	cluster_63
SRR22815316	2022	Human	singleton_74
SRR22826479	2022	Human	cluster_55
SRR22829123	2022	Human	cluster_60
SRR22852521	2022	Human	cluster_60
SRR22854089	2022	Swine	cluster_60
SRR22879946	2022	Swine	cluster_60
SRR22881447	2022	Human	cluster_42
SRR22884937	2022	Human	cluster_60
SRR22897516	2022	Human	cluster_60
SRR22902428	2022	Human	cluster_60
SRR22926487	2022	Human	singleton_382
SRR22955979	2022	Human	cluster_60
SRR22965277	2022	Human	cluster_60
SRR22965607	2022	Human	cluster_60
SRR23000458	2022	Swine	cluster_60
SRR23025337	2022	Human	cluster_60
SRR23037544	2022	Human	cluster_60
SRR23041751	2022	Human	singleton_198
SRR23043257	2022	Swine	cluster_60
SRR23049334	2022	Human	cluster_56
SRR23055898	2022	Human	cluster_60
SRR23064035	2022	Human	cluster_60
SRR23080482	2022	Human	cluster_60
SRR23101553	2023	Human	cluster_60
SRR23111753	2022	Human	cluster_60
SRR23191448	2023	Swine	cluster_60
SRR23196484	2023	Human	cluster_60
SRR23237633	2023	Human	cluster_60
SRR23240881	2023	Human	cluster_60
SRR23263074	2022	Swine	cluster_60
SRR23289463	2022	Human	cluster_60
SRR23291474	2023	Swine	cluster_55
SRR23333277	2023	Human	cluster_53
SRR23347109	2023	Human	cluster_60
SRR23347113	2022	Human	cluster_60
SRR23347114	2023	Human	cluster_60
SRR23347117	2023	Human	cluster_60
SRR23347118	2023	Human	cluster_60
SRR23351218	2023	Human	cluster_60
SRR23360159	2023	Swine	cluster_60
SRR23363428	2023	Swine	cluster_60
SRR23363653	2023	Human	cluster_53
SRR23374207	2023	Human	cluster_60
SRR23374264	2023	Human	cluster_60
SRR23384177	2023	Human	singleton_359
SRR23401462	2023	Human	cluster_60
SRR23495061	2023	Human	cluster_60
SRR23495064	2022	Human	cluster_60
SRR23497300	2023	Human	cluster_60
SRR23512607	2023	Human	cluster_60
SRR23512636	2023	Swine	cluster_60
SRR23584298	2023	Human	cluster_60
SRR23588370	2023	Human	cluster_55
SRR23601862	2023	Human	cluster_60
SRR23609928	2022	Human	cluster_60
SRR23610093	2023	Human	cluster_60
SRR23610096	2023	Human	cluster_60
SRR23610179	2023	Human	cluster_60
SRR23633046	2023	Swine	cluster_55
SRR23654277	2022	Human	singleton_225
SRR23696600	2023	Human	cluster_60
SRR23696613	2023	Human	singleton_251
SRR23702701	2023	Swine	cluster_60
SRR23712513	2023	Human	cluster_37
SRR23800286	2023	Human	cluster_60
SRR23839030	2023	Human	cluster_60
SRR23839388	2023	Swine	cluster_60
SRR23839440	2023	Swine	cluster_60
SRR23868771	2023	Human	cluster_60
SRR23871763	2023	Human	cluster_60
SRR23873712	2023	Human	singleton_65
SRR23907493	2023	Swine	cluster_60
SRR23907556	2023	Swine	cluster_60
SRR23927750	2022	Human	cluster_60
SRR23927768	2022	Human	cluster_60
SRR23954842	2023	Human	cluster_60
SRR23955433	2023	Human	cluster_60
SRR23980248	2023	Swine	cluster_60
SRR23982920	2022	Human	singleton_259
SRR24008054	2023	Swine	cluster_60
SRR24016009	2023	Human	singleton_170
SRR24018641	2023	Human	cluster_34
SRR24029456	2023	Swine	cluster_60
SRR24033828	2023	Human	cluster_60
SRR24034146	2022	Human	singleton_323
SRR24036872	2023	Human	cluster_60
SRR24039193	2022	Human	singleton_47
SRR24061416	2023	Human	cluster_63
SRR24065800	2023	Human	cluster_60
SRR24071977	2023	Human	cluster_60
SRR24076118	2023	Human	cluster_50
SRR24082804	2023	Human	cluster_7
SRR24098499	2023	Human	cluster_34
SRR24120197	2023	Human	cluster_7
SRR24120198	2023	Human	cluster_7
SRR24120215	2023	Human	cluster_7
SRR24152915	2023	Human	cluster_7
SRR24152918	2023	Human	cluster_7
SRR24153009	2023	Human	cluster_60
SRR24153015	2023	Human	cluster_7
SRR24174219	2023	Human	cluster_7
SRR24178976	2023	Human	singleton_282
SRR24197733	2023	Human	cluster_60
SRR24202276	2023	Human	cluster_7
SRR24203497	2023	Human	cluster_7
SRR24203522	2023	Human	cluster_7
SRR24204003	2023	Human	cluster_60
SRR24210682	2023	Human	cluster_7
SRR24210692	2023	Human	cluster_7
SRR24210693	2023	Human	cluster_7
SRR24287019	2023	Human	cluster_7
SRR24287021	2023	Human	cluster_7
SRR24287399	2023	Human	cluster_7
SRR24287404	2023	Human	cluster_7
SRR24299578	2023	Human	cluster_7
SRR24299711	2023	Human	cluster_7
SRR24300328	2023	Human	cluster_60
SRR24326138	2023	Human	cluster_7
SRR24326762	2023	Human	cluster_7
SRR24326777	2023	Human	cluster_7
SRR24326779	2023	Human	cluster_7
SRR24338786	2023	Human	cluster_60
SRR24351058	2023	Human	singleton_301
SRR24391728	2023	Human	cluster_7
SRR24403023	2023	Human	cluster_60
SRR24403061	2023	Human	cluster_7
SRR24403096	2023	Human	cluster_7
SRR24412750	2023	Swine	cluster_60
SRR24422355	2023	Human	cluster_60
SRR24466688	2023	Human	cluster_7
SRR24466729	2023	Human	cluster_7
SRR24477900	2023	Human	cluster_7
SRR24504122	2023	Human	cluster_60
SRR24519408	2023	Human	cluster_7
SRR24564841	2023	Human	cluster_60
SRR24593297	2023	Human	cluster_7
SRR24624890	2023	Human	cluster_60
SRR24633551	2023	Human	cluster_60
SRR24638614	2023	Human	cluster_60
SRR24660960	2023	Human	cluster_60
SRR24684498	2023	Human	cluster_7
SRR24686809	2023	Human	singleton_114
SRR24698166	2023	Human	cluster_60
SRR24705727	2023	Human	cluster_7
SRR24719315	2023	Human	singleton_387
SRR24727046	2023	Human	cluster_60
SRR24727071	2023	Human	cluster_7
SRR24737342	2023	Human	cluster_60
SRR24747726	2023	Human	cluster_60
SRR24748391	2023	Human	cluster_60
SRR24764824	2023	Human	cluster_60
SRR24764832	2023	Human	cluster_60
SRR24764878	2023	Human	cluster_60
SRR24793320	2023	Human	cluster_60
SRR24806581	2023	Human	cluster_60
SRR24806870	2023	Human	cluster_60
SRR24828792	2023	Human	singleton_120
SRR24835487	2023	Human	cluster_60
SRR24835619	2023	Human	cluster_60
SRR24874522	2023	Human	cluster_60
SRR24875744	2023	Human	cluster_53
SRR24876207	2023	Human	singleton_70
SRR24882316	2023	Human	cluster_60
SRR24894423	2023	Human	cluster_60
SRR24895129	2023	Bovine	cluster_60
SRR24895458	2023	Human	cluster_60
SRR24895486	2023	Human	cluster_60
SRR24899940	2023	Human	singleton_339
SRR24938205	2023	Human	cluster_60
SRR24951183	2023	Human	singleton_24
SRR24958640	2023	Human	singleton_156
SRR24968500	2023	Human	singleton_61
SRR24968604	2023	Human	singleton_67
SRR24968866	2023	Human	cluster_60
SRR24968867	2023	Human	cluster_60
SRR24969062	2023	Human	cluster_60
SRR24970328	2023	Human	cluster_60
SRR24973717	2023	Human	cluster_60
SRR24977859	2023	Human	cluster_60
SRR24978003	2023	Human	singleton_119
SRR24979589	2023	Human	singleton_293
SRR24980158	2023	Human	singleton_302
SRR24983474	2023	Human	cluster_60
SRR24988844	2023	Human	singleton_261
SRR24991898	2023	Swine	cluster_60
SRR25005423	2023	Human	singleton_48
SRR25020877	2023	Human	cluster_60
SRR25021095	2023	Human	cluster_60
SRR25023856	2023	Human	singleton_275
SRR25033785	2023	Human	cluster_60
SRR25054976	2023	Human	cluster_55
SRR25067770	2023	Human	cluster_60
SRR25069775	2023	Human	cluster_48
SRR25073099	2023	Human	cluster_60
SRR25115632	2023	Human	cluster_60
SRR25115880	2023	Human	cluster_60
SRR25116077	2023	Human	cluster_60
SRR25117247	2023	Human	cluster_51
SRR25143777	2023	Human	cluster_60
SRR25146210	2023	Human	cluster_60
SRR25161618	2023	Human	cluster_37
SRR25168864	2023	Human	cluster_60
SRR25177978	2023	Human	cluster_60
SRR25178132	2023	Human	cluster_60
SRR25182422	2023	Human	cluster_60
SRR25213955	2023	Human	cluster_60
SRR25248644	2023	Human	cluster_60
SRR25256625	2023	Human	cluster_60
SRR25268536	2023	Swine	cluster_60
SRR25319439	2023	Human	cluster_60
SRR25342782	2023	Human	cluster_60
SRR25343139	2023	Human	cluster_60
SRR25368469	2023	Human	cluster_60
SRR25383493	2023	Human	singleton_49
SRR25384193	2023	Human	cluster_60
SRR25384195	2023	Human	cluster_60
SRR25385271	2023	Human	cluster_60
SRR25385723	2023	Human	cluster_55
SRR25403843	2023	Human	cluster_60
SRR25404158	2023	Human	cluster_55
SRR25404965	2023	Human	cluster_52
SRR25411782	2023	Human	cluster_60
SRR25411825	2023	Human	singleton_187
SRR25426513	2023	Human	cluster_38
SRR25426650	2023	Human	singleton_347
SRR25432276	2023	Human	cluster_60
SRR25439574	2023	Human	cluster_60
SRR25445909	2023	Human	cluster_55
SRR25464471	2023	Human	cluster_60
SRR25464985	2023	Human	singleton_375
SRR25468585	2023	Human	cluster_60
SRR25476015	2023	Human	cluster_38
SRR25476123	2023	Swine	cluster_60
SRR25476262	2023	Human	singleton_286
SRR25481064	2023	Human	singleton_11
SRR25490174	2023	Human	cluster_60
SRR25507358	2023	Human	cluster_71
SRR25507374	2023	Human	cluster_71
SRR25517628	2023	Human	cluster_60
SRR25548836	2023	Human	cluster_60
SRR25548987	2023	Human	singleton_163
SRR25549104	2023	Human	cluster_60
SRR25551231	2023	Swine	cluster_60
SRR25568863	2022	Human	cluster_60
SRR25568949	2023	Human	cluster_60
SRR25570226	2023	Human	cluster_56
SRR25572156	2023	Human	cluster_60
SRR25572157	2023	Human	singleton_216
SRR25583091	2023	Human	singleton_27
SRR25597634	2023	Human	cluster_60
SRR25599435	2023	Swine	cluster_60
SRR25601795	2023	Swine	cluster_43
SRR25601985	2023	Human	cluster_60
SRR25610013	2023	Human	cluster_60
SRR25611609	2023	Human	cluster_59
SRR25629480	2023	Human	cluster_59
SRR25630319	2023	Human	cluster_60
SRR25634829	2023	Human	cluster_47
SRR25634916	2023	Human	cluster_60
SRR25634925	2023	Human	cluster_43
SRR25642105	2023	Human	cluster_60
SRR25656382	2023	Human	cluster_38
SRR25664225	2023	Human	cluster_60
SRR25687218	2023	Human	singleton_353
SRR25711603	2023	Human	cluster_60
SRR25714027	2023	Human	cluster_60
SRR25728472	2023	Human	cluster_60
SRR25729147	2023	Human	singleton_312
SRR25739731	2023	Human	cluster_60
SRR25739920	2023	Human	singleton_294
SRR25748358	2023	Human	cluster_60
SRR25755103	2023	Human	cluster_60
SRR25756597	2023	Human	cluster_60
SRR25757249	2023	Human	cluster_38
SRR25763688	2023	Human	cluster_60
SRR25763968	2023	Human	cluster_60
SRR25764076	2023	Human	cluster_60
SRR25793530	2023	Swine	cluster_60
SRR25799313	2023	Human	cluster_60
SRR25805103	2023	Human	cluster_60
SRR25807275	2023	Human	cluster_60
SRR25836581	2023	Human	cluster_67
SRR25869585	2023	Human	cluster_56
SRR25870989	2023	Human	singleton_314
SRR25871006	2023	Human	cluster_60
SRR25871351	2023	Human	cluster_60
SRR25918856	2023	Human	cluster_60
SRR25923028	2023	Human	cluster_60
SRR25923582	2023	Human	cluster_60
SRR25923641	2023	Human	cluster_60
SRR25925769	2023	Human	cluster_60
SRR25926055	2023	Human	cluster_60
SRR25926258	2023	Human	cluster_60
SRR25929715	2023	Human	cluster_60
SRR25929741	2023	Human	cluster_55
SRR25932383	2023	Human	cluster_60
SRR25932406	2023	Human	cluster_60
SRR25940719	2023	Human	cluster_60
SRR25944625	2023	Human	singleton_265
SRR26020641	2023	Human	cluster_60
SRR26030099	2023	Human	singleton_385
SRR26037834	2023	Human	cluster_56
SRR26049840	2023	Human	cluster_60
SRR26052707	2023	Human	cluster_60
SRR26060060	2023	Human	cluster_60
SRR26070120	2023	Human	cluster_53
SRR26071091	2023	Human	cluster_60
SRR26073789	2023	Human	cluster_60
SRR26091840	2023	Human	cluster_60
SRR26093280	2023	Human	cluster_60
SRR26107389	2023	Human	cluster_60
SRR26107404	2023	Human	cluster_56
SRR26110248	2023	Human	singleton_367
SRR26113115	2023	Human	cluster_60
SRR26116067	2023	Human	cluster_56
SRR26125667	2023	Human	cluster_55
SRR26128031	2023	Swine	cluster_60
SRR26133765	2023	Human	cluster_60
SRR26163043	2023	Human	cluster_60
SRR26164334	2023	Human	cluster_60
SRR26166180	2023	Human	cluster_60
SRR26167042	2023	Human	cluster_67
SRR26175970	2023	Human	cluster_60
SRR26176135	2023	Human	singleton_191
SRR26182369	2023	Human	cluster_60
SRR26195082	2023	Human	cluster_60
SRR26195142	2023	Human	cluster_60
SRR26195177	2023	Human	cluster_60
SRR26203603	2023	Human	cluster_60
SRR26204814	2023	Swine	cluster_60
SRR26208390	2023	Human	cluster_53
SRR26221839	2023	Human	cluster_60
SRR26253663	2023	Human	cluster_60
SRR26257717	2023	Human	cluster_60
SRR26259777	2023	Human	cluster_60
SRR26278215	2023	Human	cluster_60
SRR26292627	2023	Human	cluster_60
SRR26300893	2023	Human	singleton_201
SRR26301150	2023	Human	singleton_143
SRR26301196	2021	Human	cluster_60
SRR26301260	2023	Human	cluster_24
SRR26337580	2023	Human	cluster_60
SRR26340737	2023	Human	cluster_60
SRR26350436	2023	Human	cluster_60
SRR26352888	2023	Human	cluster_60
SRR26352889	2023	Human	cluster_55
SRR26353193	2023	Human	cluster_60
SRR26378524	2023	Human	cluster_60
SRR26393747	2023	Human	cluster_60
SRR26393800	2023	Human	singleton_184
SRR26405904	2023	Human	cluster_60
SRR26406363	2023	Human	cluster_56
SRR26406523	2023	Human	cluster_60
SRR26409331	2023	Human	cluster_60
SRR26419249	2023	Human	singleton_358
SRR26421770	2023	Human	cluster_60
SRR26422112	2023	Swine	cluster_60
SRR26422393	2023	Human	cluster_9
SRR26424179	2023	Human	cluster_60
SRR26424195	2023	Human	singleton_342
SRR26439091	2023	Human	cluster_15
SRR26439104	2023	Human	cluster_60
SRR26441752	2023	Human	singleton_115
SRR26468695	2023	Human	cluster_56
SRR26471626	2023	Human	cluster_60
SRR26486744	2023	Human	cluster_60
SRR26501616	2023	Human	cluster_70
SRR26515149	2023	Human	cluster_60
SRR26515295	2023	Human	cluster_60
SRR26515794	2023	Human	cluster_60
SRR26517206	2023	Human	cluster_60
SRR26518933	2023	Human	singleton_64
SRR26518946	2023	Human	cluster_60
SRR26519268	2023	Human	cluster_55
SRR26533618	2023	Human	cluster_56
SRR26535396	2023	Human	cluster_9
SRR26546316	2023	Human	singleton_25
SRR26629057	2023	Human	cluster_60
SRR26641402	2023	Human	cluster_55
SRR26641507	2023	Human	cluster_60
SRR26680178	2023	Human	singleton_255
SRR26680462	2023	Human	cluster_56
SRR26681532	2023	Human	cluster_60
SRR26726206	2023	Human	singleton_256
SRR26784017	2023	Human	cluster_55
SRR26804534	2023	Human	singleton_360
SRR26804561	2023	Human	cluster_60
SRR26804567	2023	Human	cluster_60
SRR26806903	2023	Human	cluster_60
SRR26848105	2023	Human	cluster_60
SRR26849076	2023	Human	cluster_60
SRR26852424	2023	Human	singleton_172
SRR26852452	2023	Human	cluster_60
SRR26862504	2023	Human	singleton_329
SRR26863710	2023	Human	cluster_60
SRR26898801	2023	Human	cluster_55
SRR26899149	2023	Human	cluster_56
SRR26906725	2023	Human	cluster_60
SRR26956285	2023	Human	cluster_60
SRR26989701	2023	Human	cluster_60
SRR27003665	2023	Human	cluster_60
SRR27010411	2023	Human	cluster_60
SRR27098850	2023	Human	cluster_60
SRR27107090	2023	Human	cluster_60
SRR27108607	2023	Human	cluster_60
SRR27130215	2023	Human	cluster_60
SRR27130692	2023	Human	cluster_60
SRR27145398	2023	Swine	cluster_60
SRR27145466	2023	Human	singleton_87
SRR27185228	2023	Human	cluster_55
SRR27198904	2023	Human	cluster_60
SRR27200124	2023	Human	singleton_335
SRR27205999	2023	Human	cluster_60
SRR27209344	2023	Human	cluster_60
SRR27209356	2023	Human	cluster_60
SRR27209383	2023	Human	cluster_60
SRR27213567	2023	Human	cluster_55
SRR27222340	2023	Human	cluster_60
SRR27242744	2023	Human	cluster_56
SRR27257218	2023	Human	cluster_60
SRR27270132	2023	Human	cluster_60
SRR27271388	2023	Human	cluster_60
SRR27283979	2023	Human	cluster_56
SRR27284001	2023	Swine	cluster_60
SRR27295183	2023	Human	cluster_70
SRR27330781	2023	Human	cluster_60
SRR27351767	2023	Human	cluster_60
SRR27351906	2023	Human	cluster_60
SRR27367301	2023	Human	cluster_60
SRR27372547	2023	Human	cluster_60
SRR27380721	2023	Human	cluster_60
SRR27398678	2023	Swine	cluster_60
SRR27408776	2023	Human	cluster_24
SRR27456850	2023	Human	cluster_60
SRR27460471	2023	Human	cluster_60
SRR27490406	2023	Human	cluster_60
SRR27490458	2023	Human	cluster_60
SRR27493625	2023	Human	cluster_60
SRR27503908	2023	Human	cluster_56
SRR27562145	2024	Human	cluster_60
SRR27562940	2023	Human	cluster_60
SRR27563351	2023	Human	cluster_55
SRR27589901	2023	Human	singleton_26
SRR27590611	2023	Human	singleton_97
SRR27592484	2023	Human	cluster_60
SRR27593409	2023	Human	cluster_55
SRR27593415	2023	Human	cluster_60
SRR27593429	2023	Human	cluster_60
SRR27605763	2023	Human	cluster_60
SRR27678978	2024	Human	cluster_60
SRR27682288	2024	Human	cluster_60
SRR27683134	2024	Human	singleton_137
SRR27743552	2024	Human	singleton_46
SRR27762869	2024	Human	singleton_28
SRR27788960	2024	Human	cluster_60
SRR27833327	2024	Human	cluster_60
SRR27843582	2024	Human	cluster_56
SRR27881801	2024	Human	cluster_60
SRR27887533	2024	Human	cluster_60
SRR27887603	2024	Human	cluster_69
SRR27887752	2024	Human	cluster_69
SRR27911558	2024	Human	cluster_69
SRR27948936	2023	Human	cluster_60
SRR27957539	2024	Human	cluster_60
SRR28005127	2024	Human	cluster_66
SRR28013383	2024	Human	cluster_60
SRR28013927	2024	Human	cluster_60
SRR28013930	2024	Human	cluster_60
SRR28017555	2024	Human	cluster_60
SRR28034038	2024	Human	cluster_60
SRR28066041	2024	Human	cluster_66
SRR28093468	2024	Human	cluster_60
SRR28116087	2024	Other	cluster_65
SRR28116121	2024	Other	cluster_65
SRR28150233	2024	Human	singleton_270
SRR28164743	2024	Human	cluster_47
SRR28198019	2024	Human	singleton_348
SRR28255177	2024	Human	cluster_37
SRR28284891	2024	Swine	cluster_60
SRR28343085	2024	Human	cluster_60
SRR28416763	2024	Human	singleton_311
SRR2952667	2015	Human	cluster_60
SRR3240954	2016	Swine	cluster_60
SRR3277621	2015	Unspecified Animal	singleton_280
SRR3277622	2015	Unspecified Animal	cluster_60
SRR3277624	2015	Unspecified Animal	cluster_60
SRR3277625	2015	Unspecified Animal	cluster_60
SRR3392778	2016	Human	cluster_47
SRR3642964	2016	Human	cluster_60
SRR3930223	2016	Human	cluster_47
SRR3999996	2016	Human	cluster_60
SRR4046908	2016	Human	cluster_60
SRR4054688	2016	Human	cluster_47
SRR4176745	2016	Human	singleton_93
SRR4295006	2016	Human	cluster_47
SRR4295008	2016	Human	cluster_60
SRR4300543	2016	Human	cluster_15
SRR4342976	2014	Human	cluster_60
SRR4414090	2016	Human	cluster_47
SRR4414091	2016	Human	cluster_55
SRR4414092	2016	Human	cluster_60
SRR4414093	2016	Human	cluster_60
SRR4414096	2016	Human	cluster_47
SRR4414098	2016	Human	cluster_47
SRR4414099	2016	Human	cluster_47
SRR4415940	2010	Human	cluster_60
SRR4416096	2016	Human	cluster_60
SRR4418381	2016	Human	cluster_60
SRR4434816	2016	Human	cluster_47
SRR4434830	2016	Human	cluster_60
SRR4447211	2016	Human	cluster_60
SRR4450023	2016	Human	cluster_60
SRR4841914	2016	Human	cluster_60
SRR4893115	2016	Other	cluster_47
SRR5016860	2016	Human	cluster_60
SRR5043238	2016	Chicken	cluster_54
SRR5044071	2016	Human	singleton_379
SRR5057237	2016	Human	cluster_47
SRR5057258	2016	Human	cluster_60
SRR5057260	2016	Human	cluster_47
SRR5066048	2016	Human	singleton_92
SRR5081322	2012	Human	cluster_60
SRR5091698	2016	Chicken	cluster_54
SRR5120944	2016	Swine	cluster_60
SRR5121438	2016	Human	cluster_53
SRR5121439	2016	Human	cluster_47
SRR5126006	2016	Human	cluster_60
SRR5126021	2016	Human	cluster_55
SRR5130000	2016	Human	cluster_60
SRR5130004	2016	Human	cluster_60
SRR5132345	2016	Human	singleton_107
SRR5163807	2016	Human	cluster_55
SRR5173503	2016	Human	cluster_47
SRR5184270	2016	Human	cluster_47
SRR5188729	2016	Human	cluster_47
SRR5190130	2016	Human	cluster_47
SRR5202803	2016	Swine	cluster_60
SRR5202820	2016	Swine	cluster_60
SRR5217701	2016	Human	cluster_47
SRR5217776	2016	Human	cluster_53
SRR5221602	2016	Human	cluster_47
SRR5221619	2016	Human	cluster_47
SRR5221630	2016	Human	cluster_60
SRR5224203	2017	Chicken	cluster_54
SRR5227881	2016	Human	cluster_60
SRR5229510	2017	Chicken	cluster_54
SRR5231269	2016	Human	cluster_60
SRR5249528	2016	Human	cluster_47
SRR5251099	2017	Turkey	cluster_60
SRR5278643	2014	Human	cluster_56
SRR5291644	2017	Human	singleton_330
SRR5297359	2017	Swine	cluster_60
SRR5336146	2014	Human	cluster_60
SRR5336147	2014	Human	singleton_253
SRR5336148	2014	Human	cluster_19
SRR5336150	2014	Human	cluster_60
SRR5336151	2014	Human	cluster_60
SRR5336153	2014	Human	singleton_254
SRR5336300	2017	Human	cluster_60
SRR5341727	2016	Human	singleton_161
SRR5344865	2017	Swine	cluster_53
SRR5345421	2017	Turkey	cluster_60
SRR5360687	2016	Human	singleton_175
SRR5360707	2016	Human	cluster_47
SRR5360964	2016	Human	singleton_152
SRR5360994	2014	Human	cluster_60
SRR5361183	2016	Human	cluster_60
SRR5361185	2016	Human	singleton_378
SRR5361480	2017	Human	cluster_60
SRR5361535	2017	Human	cluster_60
SRR5364280	2017	Human	cluster_60
SRR5365223	2017	Chicken	cluster_54
SRR5366223	2015	Human	cluster_47
SRR5366224	2016	Human	cluster_47
SRR5366225	2015	Human	singleton_252
SRR5366227	2014	Human	singleton_300
SRR5366229	2015	Human	cluster_47
SRR5366232	2014	Human	cluster_50
SRR5366233	2016	Human	cluster_60
SRR5366235	2014	Human	singleton_54
SRR5366237	2015	Human	cluster_60
SRR5366238	2015	Human	cluster_60
SRR5366239	2014	Human	singleton_295
SRR5366241	2015	Human	cluster_60
SRR5366242	2015	Human	cluster_47
SRR5366243	2014	Human	cluster_60
SRR5366244	2014	Human	cluster_60
SRR5366245	2014	Human	cluster_60
SRR5366246	2014	Human	cluster_60
SRR5366248	2015	Human	cluster_47
SRR5379258	2016	Human	singleton_127
SRR5379278	2017	Human	cluster_60
SRR5381006	2017	Human	cluster_60
SRR5387066	2016	Human	cluster_60
SRR5408977	2016	Human	cluster_47
SRR5408990	2017	Human	cluster_60
SRR5419267	2016	Human	cluster_60
SRR5434459	2017	Human	cluster_53
SRR5441867	2017	Turkey	cluster_60
SRR5448529	2017	Turkey	cluster_60
SRR5459698	2017	Human	cluster_60
SRR5459711	2017	Human	singleton_389
SRR5460906	2016	Human	singleton_297
SRR5486199	2017	Human	cluster_53
SRR5486550	2016	Human	cluster_60
SRR5488963	2016	Human	cluster_50
SRR5496765	2017	Turkey	cluster_60
SRR5501040	2016	Human	cluster_55
SRR5501069	2016	Human	cluster_47
SRR5508290	2017	Human	cluster_60
SRR5508301	2017	Human	cluster_60
SRR5508437	2017	Human	cluster_47
SRR5576522	2016	Human	singleton_101
SRR5576583	2017	Human	cluster_46
SRR5583928	2017	Human	cluster_4
SRR5584671	2016	Human	cluster_56
SRR5584733	2017	Human	cluster_60
SRR5584851	2017	Human	cluster_55
SRR5585045	2017	Human	cluster_47
SRR5640358	2017	Human	cluster_19
SRR5640373	2017	Human	cluster_19
SRR5640385	2017	Human	cluster_14
SRR5645252	2017	Human	singleton_325
SRR5647045	2017	Chicken	cluster_54
SRR5677756	2017	Human	cluster_14
SRR5693818	2017	Swine	cluster_53
SRR5714168	2017	Human	cluster_19
SRR5714298	2017	Human	cluster_47
SRR5714310	2016	Human	cluster_47
SRR5742369	2017	Human	cluster_47
SRR5742554	2017	Human	cluster_60
SRR5761318	2017	Human	cluster_60
SRR5761325	2017	Human	cluster_55
SRR5761337	2007	Human	singleton_266
SRR5761375	2017	Human	cluster_47
SRR5762183	2017	Swine	cluster_60
SRR5799663	2017	Human	singleton_141
SRR5806480	2017	Human	singleton_8
SRR5808923	2017	Human	cluster_60
SRR5808926	2017	Human	cluster_14
SRR5812023	2017	Human	cluster_60
SRR5820373	2017	Human	cluster_60
SRR5821929	2017	Human	singleton_166
SRR5864276	2017	Human	cluster_46
SRR5864401	2017	Human	cluster_46
SRR5865277	2017	Human	singleton_160
SRR5876393	2017	Human	singleton_287
SRR5876834	2017	Human	cluster_53
SRR5890303	2017	Swine	cluster_60
SRR5890327	2017	Human	cluster_60
SRR5890357	2017	Human	cluster_56
SRR5902689	2017	Turkey	cluster_60
SRR5908210	2017	Human	cluster_53
SRR5908395	2016	Human	cluster_56
SRR5921361	2017	Human	cluster_53
SRR5921362	2017	Human	cluster_60
SRR5929564	2017	Human	cluster_53
SRR5929602	2017	Human	singleton_85
SRR5929656	2017	Human	singleton_1
SRR5935353	2017	Human	cluster_60
SRR5935368	2017	Human	cluster_60
SRR5935381	2017	Human	cluster_47
SRR5935385	2017	Human	cluster_60
SRR5935652	2017	Human	singleton_231
SRR5945396	2017	Human	cluster_53
SRR5945542	2017	Human	cluster_60
SRR5947619	2017	Human	cluster_60
SRR5947783	2017	Human	cluster_47
SRR5948534	2011	Human	cluster_60
SRR5955379	2017	Swine	cluster_43
SRR5962590	2017	Human	cluster_53
SRR5962876	2017	Human	cluster_55
SRR5978536	2017	Human	cluster_50
SRR5993062	2017	Human	cluster_50
SRR5995896	2017	Human	cluster_60
SRR5995934	2017	Human	cluster_37
SRR6014484	2007	Other Animal	cluster_60
SRR6014506	2007	Other Animal	cluster_60
SRR6019633	2017	Human	cluster_60
SRR6019640	2017	Human	cluster_60
SRR6019655	2017	Human	cluster_60
SRR6025898	2017	Human	cluster_60
SRR6027920	2017	Turkey	cluster_60
SRR6051320	Unknown	Human	cluster_56
SRR6051321	2017	Human	cluster_56
SRR6082044	2017	Human	cluster_60
SRR6107228	2017	Human	cluster_60
SRR6107522	2017	Human	cluster_55
SRR6107552	2017	Human	cluster_31
SRR6107610	2017	Human	cluster_55
SRR6107651	2017	Human	cluster_60
SRR6107685	2017	Human	cluster_56
SRR6107911	2017	Human	cluster_60
SRR6108607	2017	Human	singleton_117
SRR6114311	2017	Human	cluster_55
SRR6114322	2017	Human	singleton_138
SRR6114359	2017	Human	cluster_60
SRR6133734	2017	Human	cluster_60
SRR6133827	Unknown	Human	singleton_364
SRR6155165	2017	Human	cluster_47
SRR6155201	2017	Human	cluster_55
SRR6155216	2017	Human	singleton_34
SRR6158441	2017	Human	cluster_47
SRR6158635	2017	Human	cluster_53
SRR6165559	2017	Human	cluster_4
SRR6165562	2017	Human	cluster_60
SRR6192419	2017	Human	cluster_47
SRR6192608	2017	Human	singleton_20
SRR6195120	2017	Human	cluster_60
SRR6197859	2017	Chicken	cluster_54
SRR6216138	2017	Human	cluster_55
SRR6216194	2017	Human	cluster_60
SRR6231060	Unknown	Human	cluster_60
SRR6243418	2017	Human	cluster_60
SRR6243456	2017	Human	cluster_60
SRR6243491	2017	Human	cluster_60
SRR6243672	2017	Human	cluster_60
SRR6249657	2017	Human	cluster_55
SRR6283532	2017	Human	cluster_60
SRR6299377	2017	Human	cluster_60
SRR6310639	2017	Human	cluster_55
SRR6313652	2017	Other	cluster_30
SRR6313730	2017	Human	cluster_60
SRR6313801	2017	Human	cluster_4
SRR6317148	2017	Human	cluster_20
SRR6317331	2017	Human	singleton_219
SRR6326986	2017	Human	cluster_60
SRR6330632	2017	Human	cluster_60
SRR6333627	2017	Human	cluster_60
SRR6334885	2017	Human	cluster_56
SRR6336362	2017	Chicken	cluster_54
SRR6337580	2017	Swine	cluster_60
SRR6353810	2017	Human	cluster_60
SRR6371937	2017	Human	cluster_60
SRR6373504	2017	Human	cluster_50
SRR6373508	2017	Human	singleton_304
SRR6373532	2017	Human	cluster_60
SRR6373667	2017	Human	cluster_60
SRR6377182	2016	Bovine	cluster_47
SRR6385503	2017	Human	cluster_60
SRR6386407	2017	Human	cluster_47
SRR6386412	2017	Human	cluster_60
SRR6387348	2017	Chicken	cluster_54
SRR6409474	2017	Human	cluster_30
SRR6412914	2017	Human	singleton_371
SRR6412953	2017	Human	singleton_35
SRR6430052	2017	Human	singleton_150
SRR6430098	2017	Human	singleton_343
SRR6434060	2017	Human	cluster_60
SRR6434242	2017	Human	cluster_47
SRR6434307	2017	Human	cluster_60
SRR6439887	2017	Human	cluster_47
SRR6440052	2017	Human	singleton_142
SRR6447545	2017	Turkey	cluster_60
SRR6447549	2017	Chicken	cluster_54
SRR6451403	2017	Swine	cluster_60
SRR6457607	2017	Human	cluster_47
SRR6457764	2017	Human	cluster_56
SRR6481160	2018	Human	cluster_20
SRR6481349	2017	Human	singleton_317
SRR6485175	2017	Human	cluster_60
SRR6485358	2017	Human	cluster_55
SRR6491246	2017	Human	cluster_60
SRR6514474	2017	Human	cluster_60
SRR6514606	2017	Human	cluster_56
SRR6514745	2018	Human	cluster_56
SRR6515216	2017	Human	cluster_60
SRR6651212	2017	Unspecified Poultry	cluster_54
SRR6663432	2018	Human	cluster_60
SRR6663582	2018	Human	cluster_50
SRR6663712	2017	Human	cluster_51
SRR6672403	2018	Turkey	cluster_60
SRR6674705	2018	Human	cluster_60
SRR6674721	2018	Human	cluster_53
SRR6676539	2018	Human	cluster_60
SRR6682059	2017	Human	cluster_60
SRR6682889	2017	Human	cluster_60
SRR6726531	2017	Human	cluster_47
SRR6750471	2017	Human	cluster_53
SRR6750611	2017	Human	cluster_60
SRR6760502	2017	Human	cluster_60
SRR6760506	2017	Human	cluster_60
SRR6766141	2017	Human	cluster_60
SRR6766173	2017	Human	cluster_60
SRR6795011	2017	Human	singleton_327
SRR6809228	2018	Human	cluster_53
SRR6809294	2018	Human	cluster_50
SRR6811300	2018	Swine	cluster_4
SRR6813651	2017	Human	singleton_188
SRR6848363	2018	Swine	cluster_60
SRR6879082	2018	Human	cluster_60
SRR6879635	2018	Human	singleton_338
SRR6879953	2018	Human	cluster_55
SRR6879959	2018	Human	cluster_56
SRR6880013	Unknown	Human	cluster_4
SRR6880107	2017	Human	cluster_53
SRR6880111	2017	Human	cluster_53
SRR6881171	2017	Human	cluster_56
SRR6881547	2018	Human	singleton_128
SRR6895844	2017	Human	cluster_47
SRR6895846	2017	Human	cluster_56
SRR6895850	2018	Human	cluster_47
SRR6902897	2018	Human	cluster_56
SRR6904584	2018	Chicken	cluster_60
SRR6940238	2017	Human	cluster_60
SRR6984219	2017	Human	cluster_53
SRR6984247	2018	Human	cluster_50
SRR6984372	2018	Human	cluster_53
SRR6984400	2018	Human	cluster_4
SRR6994899	2018	Human	cluster_60
SRR7010885	2018	Human	cluster_60
SRR7046172	2018	Turkey	cluster_60
SRR7049727	2018	Human	cluster_60
SRR7049748	2018	Human	cluster_60
SRR7049752	2018	Human	cluster_53
SRR7063423	2018	Human	cluster_60
SRR7068313	2018	Human	cluster_64
SRR7081917	2018	Human	cluster_53
SRR7082074	2017	Human	singleton_315
SRR7082100	2018	Human	cluster_50
SRR7089228	2018	Human	cluster_47
SRR7093126	2017	Human	cluster_60
SRR7093207	2018	Human	cluster_2
SRR7093227	2018	Human	cluster_2
SRR7093285	2018	Human	cluster_60
SRR7105099	2018	Human	cluster_60
SRR7125586	2018	Human	singleton_237
SRR7140186	2017	Human	cluster_47
SRR7140233	2018	Human	cluster_60
SRR7140276	2018	Human	cluster_60
SRR7162806	2018	Human	cluster_53
SRR7167100	2018	Human	cluster_60
SRR7182335	2018	Human	cluster_60
SRR7218482	2018	Human	cluster_55
SRR7219158	2018	Human	cluster_60
SRR7245708	2018	Human	cluster_47
SRR7245745	2018	Human	cluster_56
SRR7245960	2018	Human	cluster_53
SRR7247770	2018	Human	singleton_21
SRR7257607	2018	Swine	cluster_60
SRR7269064	2018	Human	cluster_60
SRR7269350	2018	Human	cluster_50
SRR7269409	2018	Human	cluster_60
SRR7294337	2018	Human	cluster_60
SRR7300294	2018	Human	cluster_55
SRR7300336	2018	Human	cluster_60
SRR7347022	2018	Human	singleton_268
SRR7348341	2018	Human	cluster_50
SRR7352841	2018	Human	cluster_60
SRR7362890	2018	Unknown	cluster_60
SRR7363570	2018	Human	cluster_60
SRR7406208	2018	Turkey	cluster_60
SRR7414555	2018	Human	cluster_60
SRR7442037	2018	Human	cluster_56
SRR7442228	2018	Human	cluster_53
SRR7442286	2018	Human	cluster_11
SRR7442288	2018	Human	cluster_11
SRR7473102	2018	Human	cluster_55
SRR7504601	2018	Human	cluster_60
SRR7504707	2018	Human	cluster_60
SRR7504834	2018	Human	cluster_56
SRR7524778	2018	Human	cluster_60
SRR7524779	2018	Human	cluster_56
SRR7532608	2018	Human	cluster_32
SRR7532617	2018	Human	singleton_44
SRR7532711	2018	Human	cluster_60
SRR7532806	2018	Human	cluster_60
SRR7536812	2018	Human	cluster_25
SRR7537002	2017	Human	singleton_91
SRR7545562	2018	Human	cluster_60
SRR7551716	2018	Human	cluster_8
SRR7588170	2018	Human	cluster_60
SRR7588223	2017	Human	singleton_6
SRR7588400	2018	Human	cluster_60
SRR7608290	2018	Human	cluster_60
SRR7610589	2018	Human	cluster_8
SRR7620488	2018	Human	cluster_8
SRR7633239	2018	Human	cluster_8
SRR7633307	2018	Human	cluster_32
SRR7633365	2018	Human	cluster_60
SRR7642110	2018	Human	cluster_60
SRR7650118	2018	Turkey	cluster_60
SRR7652618	2018	Human	cluster_50
SRR7657507	2018	Swine	cluster_47
SRR7661096	2018	Human	cluster_60
SRR7661210	2018	Human	singleton_105
SRR7661275	2018	Human	cluster_25
SRR7661277	2018	Human	cluster_25
SRR7661287	2018	Human	cluster_25
SRR7664437	2018	Human	cluster_8
SRR7664440	2018	Human	cluster_8
SRR7664585	2018	Human	cluster_60
SRR7664685	2018	Human	cluster_60
SRR7665218	2018	Turkey	cluster_60
SRR7665220	2018	Chicken	cluster_54
SRR7665480	2018	Swine	cluster_47
SRR7691743	2018	Human	cluster_60
SRR7691755	2018	Human	cluster_60
SRR7691951	2018	Turkey	cluster_60
SRR7697350	2018	Human	cluster_47
SRR7697560	2018	Human	cluster_8
SRR7697561	2018	Human	cluster_25
SRR7701236	2018	Human	cluster_8
SRR7703027	2018	Human	cluster_55
SRR7727859	2018	Human	cluster_60
SRR7727871	2018	Human	singleton_155
SRR7728355	2018	Human	cluster_8
SRR7730328	2018	Human	cluster_8
SRR7747013	2018	Human	cluster_60
SRR7750704	2018	Human	cluster_60
SRR7750823	2018	Human	cluster_8
SRR7766971	2018	Human	cluster_60
SRR7767063	2018	Human	cluster_60
SRR7767271	2018	Human	cluster_8
SRR7767342	2018	Human	cluster_8
SRR7773282	2018	Human	cluster_47
SRR7773993	2018	Human	cluster_60
SRR7789676	2018	Human	cluster_60
SRR7789817	2018	Human	singleton_334
SRR7813114	2018	Human	cluster_53
SRR7813117	2018	Human	cluster_60
SRR7820767	2018	Human	cluster_53
SRR7821043	2018	Human	cluster_60
SRR7821112	2018	Human	cluster_4
SRR7822701	2018	Turkey	cluster_60
SRR7830541	2018	Human	cluster_60
SRR7853993	2018	Human	cluster_50
SRR7854030	2018	Human	cluster_60
SRR7874379	2018	Human	cluster_60
SRR7874558	2018	Human	cluster_60
SRR7876486	2018	Human	singleton_193
SRR7888706	2018	Human	cluster_47
SRR7888715	2018	Human	cluster_47
SRR7888879	2018	Human	cluster_60
SRR7888910	2018	Human	cluster_60
SRR7888927	2018	Human	cluster_60
SRR7889003	2018	Human	singleton_168
SRR7889004	2018	Human	cluster_47
SRR7906225	2018	Human	singleton_310
SRR7906567	2018	Human	cluster_60
SRR7906720	2018	Human	cluster_47
SRR7906727	2018	Human	singleton_332
SRR7958624	2018	Human	cluster_60
SRR7958641	2018	Human	cluster_60
SRR7958673	2018	Human	cluster_60
SRR7958676	2018	Human	cluster_60
SRR7958775	2018	Human	singleton_104
SRR7965087	2018	Human	singleton_95
SRR7994276	2018	Human	cluster_60
SRR8003724	2018	Human	cluster_50
SRR8030266	2018	Human	cluster_60
SRR8053888	2018	Human	cluster_55
SRR8054170	2018	Human	cluster_60
SRR8054193	2018	Human	cluster_60
SRR8054277	2018	Human	cluster_55
SRR8054281	2018	Human	singleton_10
SRR8054469	2018	Human	cluster_8
SRR8058195	2018	Human	cluster_60
SRR8062566	2018	Human	cluster_47
SRR8062574	2018	Human	cluster_60
SRR8069408	2018	Human	cluster_56
SRR8069428	2018	Human	cluster_47
SRR8069577	2018	Human	singleton_132
SRR8083672	2018	Human	cluster_60
SRR8102376	2018	Human	cluster_60
SRR8121347	2018	Human	singleton_77
SRR8144709	2018	Human	singleton_363
SRR8145094	2018	Human	cluster_60
SRR8145148	2018	Human	cluster_60
SRR8145151	2018	Human	cluster_31
SRR8145152	2018	Human	cluster_60
SRR8145180	2018	Human	cluster_60
SRR8145185	2018	Human	cluster_31
SRR8145187	2018	Human	cluster_60
SRR8145207	2018	Human	cluster_55
SRR8145238	2018	Human	cluster_60
SRR8146891	2018	Turkey	cluster_60
SRR8157151	2018	Human	cluster_60
SRR8157190	2018	Human	cluster_60
SRR8157337	2018	Human	singleton_217
SRR8164379	2018	Human	cluster_60
SRR8170195	2018	Human	cluster_60
SRR8170217	2018	Human	cluster_60
SRR8170231	2018	Human	cluster_60
SRR8170284	2018	Human	cluster_44
SRR8170400	2018	Human	cluster_60
SRR8170463	2018	Human	cluster_60
SRR8170473	2018	Human	singleton_271
SRR8170808	2018	Human	cluster_60
SRR8170824	2018	Human	cluster_60
SRR8188819	2018	Human	cluster_3
SRR8188901	2018	Turkey	cluster_60
SRR8189144	2018	Human	singleton_40
SRR8192879	2018	Human	cluster_60
SRR8192896	2018	Human	cluster_60
SRR8192903	2018	Human	cluster_60
SRR8192905	2018	Human	cluster_60
SRR8192920	2018	Human	cluster_60
SRR8198203	2018	Human	cluster_60
SRR8200501	2018	Chicken	cluster_54
SRR8207752	2018	Human	singleton_22
SRR8207753	2018	Human	cluster_3
SRR8210479	2018	Human	singleton_226
SRR8235391	2018	Human	cluster_60
SRR8235530	2018	Human	singleton_227
SRR8235550	2018	Human	singleton_59
SRR8244488	2018	Human	cluster_60
SRR8244503	2018	Human	cluster_60
SRR8266225	2018	Human	cluster_56
SRR8266278	2018	Human	cluster_56
SRR8268144	2018	Human	cluster_60
SRR8268160	2018	Human	cluster_60
SRR8268168	2018	Human	cluster_47
SRR8268230	2018	Human	cluster_60
SRR8268552	2018	Human	singleton_133
SRR8268556	2018	Human	cluster_60
SRR8271856	2018	Human	singleton_305
SRR8280711	2018	Human	cluster_60
SRR8280762	2011	Human	cluster_60
SRR8294499	2018	Human	cluster_60
SRR8294564	2018	Human	cluster_47
SRR8294596	2018	Human	cluster_60
SRR8294652	2018	Human	cluster_60
SRR8298001	2012	Turkey	cluster_60
SRR8298017	2012	Human	cluster_60
SRR8298018	Unknown	Unspecified Animal	cluster_60
SRR8298578	2018	Human	cluster_60
SRR8298597	2018	Human	cluster_60
SRR8298791	2018	Human	singleton_318
SRR8298828	2018	Human	cluster_55
SRR8298844	2018	Human	cluster_60
SRR8299115	2018	Human	cluster_60
SRR8303302	2018	Human	cluster_60
SRR8305768	2018	Human	cluster_60
SRR8305770	2018	Human	cluster_60
SRR8355000	2018	Human	cluster_60
SRR8358394	2018	Bovine	cluster_60
SRR8364836	2018	Swine	cluster_47
SRR8369971	2018	Human	cluster_60
SRR8383711	2018	Human	cluster_55
SRR8383985	2018	Human	cluster_60
SRR8383988	2018	Human	cluster_60
SRR8384859	2018	Human	cluster_60
SRR8384920	2018	Human	cluster_60
SRR8388953	2018	Human	singleton_205
SRR8394165	2018	Human	cluster_60
SRR8394170	2018	Human	cluster_60
SRR8394177	2018	Human	cluster_60
SRR8432305	2018	Human	cluster_53
SRR8435034	2018	Human	cluster_60
SRR8439804	2018	Human	cluster_60
SRR8443660	2018	Human	cluster_55
SRR8444308	2018	Human	cluster_56
SRR8455467	2018	Human	cluster_55
SRR8477301	2018	Human	cluster_60
SRR8494898	2018	Human	cluster_47
SRR8494964	2018	Human	singleton_158
SRR8511169	2019	Human	cluster_60
SRR8530220	2018	Human	cluster_47
SRR8530224	2018	Human	cluster_47
SRR8534262	2018	Human	cluster_60
SRR8545416	2018	Human	cluster_60
SRR8549378	2019	Human	cluster_60
SRR8567698	2018	Human	cluster_60
SRR8568051	Unknown	Unspecified Animal	singleton_324
SRR8568095	2018	Human	cluster_60
SRR8582605	2018	Human	cluster_47
SRR8582834	2019	Human	cluster_55
SRR8597291	2018	Human	cluster_60
SRR8597307	2018	Human	cluster_47
SRR8597347	2019	Human	cluster_60
SRR8597992	2019	Human	cluster_60
SRR8625019	2019	Human	cluster_56
SRR8643865	2019	Human	cluster_47
SRR8644944	2019	Human	singleton_246
SRR8647325	2019	Human	singleton_69
SRR8707436	2019	Other	cluster_60
SRR8707580	2019	Swine	cluster_60
SRR8731588	2019	Swine	cluster_55
SRR8732075	2019	Human	cluster_60
SRR8732886	2019	Human	cluster_53
SRR8734102	2019	Human	cluster_55
SRR8734124	2018	Human	cluster_47
SRR8756243	2019	Human	cluster_60
SRR8756459	2019	Human	cluster_60
SRR8756602	2019	Human	singleton_109
SRR8756646	2018	Human	cluster_60
SRR8757183	2019	Human	cluster_60
SRR8757242	2019	Human	cluster_60
SRR8760738	Unknown	Human	singleton_388
SRR8780949	Unknown	Human	singleton_186
SRR8786768	2019	Human	cluster_60
SRR8793562	2019	Human	cluster_50
SRR8799771	2019	Human	cluster_60
SRR8800573	2019	Human	singleton_43
SRR8800611	2019	Human	cluster_60
SRR8800618	2019	Human	cluster_60
SRR8800668	2018	Human	singleton_190
SRR8839670	2019	Turkey	cluster_60
SRR8839829	2019	Swine	cluster_60
SRR8870181	2019	Human	cluster_55
SRR8878905	2019	Human	cluster_60
SRR8882025	2019	Human	singleton_45
SRR8887785	2018	Human	cluster_47
SRR8888213	2019	Human	cluster_60
SRR8888409	2019	Human	cluster_47
SRR8899765	2019	Human	cluster_50
SRR8923061	Unknown	Human	singleton_147
SRR8942727	2019	Human	cluster_60
SRR8945308	2019	Human	cluster_47
SRR8962228	2019	Human	cluster_60
SRR8984698	2019	Human	cluster_53
SRR8997279	2019	Human	cluster_47
SRR8997910	2019	Human	cluster_1
SRR9007182	2019	Human	cluster_50
SRR9028835	2019	Human	singleton_53
SRR9041618	2019	Human	cluster_55
SRR9051012	2019	Human	cluster_53
SRR9057451	2019	Human	singleton_23
SRR9074466	2019	Human	cluster_60
SRR9115404	2017	Human	cluster_4
SRR9122713	2019	Human	singleton_180
SRR9137479	2019	Human	cluster_60
SRR9179263	2019	Human	cluster_60
SRR9180272	2019	Human	cluster_60
SRR9190130	2019	Human	cluster_47
SRR9200307	Unknown	Human	singleton_249
SRR9212664	2019	Turkey	cluster_60
SRR9217911	2018	Human	singleton_58
SRR9257579	2019	Chicken	cluster_54
SRR9283131	2019	Human	cluster_60
SRR9283135	2019	Human	singleton_229
SRR9323803	2019	Human	cluster_55
SRR9326881	2019	Human	cluster_47
SRR9331688	2019	Human	cluster_53
SRR9331970	2019	Human	singleton_123
SRR9334805	2019	Human	singleton_96
SRR9335349	2019	Human	cluster_60
SRR9593595	2019	Human	cluster_60
SRR9600074	2019	Human	cluster_60
SRR9603260	2019	Human	cluster_55
SRR9610738	2019	Human	cluster_60
SRR9616670	Unknown	Human	cluster_60
SRR9640997	2019	Human	cluster_1
SRR9643518	Unknown	Human	cluster_60
SRR9646729	2019	Human	cluster_60
SRR9655140	2019	Human	singleton_108
SRR9674949	2014	Human	cluster_60
SRR9699217	2019	Human	cluster_37
SRR9711201	2019	Human	cluster_55
SRR9719446	2019	Human	cluster_60
SRR9719480	2019	Human	cluster_50
SRR9721873	2019	Chicken	cluster_54
SRR9734404	2019	Human	cluster_60
SRR9822671	2019	Human	cluster_47
SRR9833803	2019	Human	singleton_228
SRR9841157	2019	Human	cluster_47
SRR9842382	2019	Human	cluster_60
SRR9843199	2019	Human	cluster_60
SRR9843315	2019	Human	cluster_47
SRR9843322	2019	Human	cluster_47
SRR9845603	2019	Human	cluster_55
SRR9860639	2019	Human	cluster_60
SRR9860812	2019	Human	cluster_60
SRR9861223	2019	Human	cluster_30
SRR9861241	2019	Human	cluster_60
SRR9861279	2019	Human	cluster_60
SRR9866412	2019	Human	singleton_230
SRR9875230	2019	Human	cluster_55
SRR9879900	2019	Swine	cluster_60
SRR9886681	2019	Human	cluster_60
SRR9888195	2019	Human	cluster_60
SRR9901827	2019	Human	singleton_316
SRR9903937	2019	Human	cluster_50
SRR9912142	2019	Human	cluster_60
SRR9914988	2019	Human	cluster_60
SRR9914993	2019	Human	singleton_153
SRR9954144	2018	Human	cluster_60
SRR9955151	2018	Human	cluster_47
SRR9961485	2019	Human	cluster_60
SRR9961663	2019	Human	cluster_60
SRR9965216	2019	Human	singleton_134
SRR9966592	2019	Human	singleton_80
SRR9972061	2014	Human	cluster_60
SRR9985559	2019	Human	singleton_373
SRR9996228	2019	Human	singleton_267
SRR9999933	2019	Human	cluster_47
