ID	Year	Source	MST-79
SRR10001325	2019	Human	cluster_14
SRR10003558	2019	Human	cluster_9
SRR10005230	2019	Bovine	cluster_14
SRR10011496	2019	Human	cluster_9
SRR10031151	2019	Human	cluster_14
SRR10059377	2019	Human	cluster_14
SRR10082280	2019	Bovine	cluster_17
SRR10082281	2019	Bovine	cluster_17
SRR10094668	2019	Bovine	cluster_14
SRR10094678	2019	Bovine	cluster_14
SRR10100584	2019	Bovine	cluster_17
SRR10156088	2019	Bovine	cluster_17
SRR10156133	2019	Swine	cluster_9
SRR10156135	2019	Bovine	cluster_6
SRR10164562	2019	Bovine	cluster_17
SRR10164712	2019	Bovine	cluster_17
SRR10164742	2019	Bovine	cluster_16
SRR10165194	2019	Bovine	cluster_17
SRR10165269	2019	Swine	cluster_9
SRR10165270	2019	Bovine	cluster_17
SRR10165294	2019	Bovine	cluster_17
SRR10165299	2019	Bovine	cluster_17
SRR10176070	2019	Human	cluster_9
SRR10186949	2019	Bovine	cluster_17
SRR10187037	2019	Bovine	cluster_17
SRR10187048	2019	Bovine	cluster_17
SRR10189663	2019	Human	cluster_14
SRR10210178	2019	Bovine	cluster_17
SRR10210188	2019	Bovine	cluster_17
SRR10229992	2019	Bovine	cluster_5
SRR10230006	2019	Bovine	cluster_17
SRR10246930	2019	Human	cluster_14
SRR10247600	Unknown	Human	cluster_9
SRR10258429	2019	Bovine	cluster_6
SRR10258444	2019	Bovine	cluster_5
SRR10276319	2019	Human	cluster_14
SRR10281732	2019	Human	cluster_14
SRR10303369	2019	Bovine	cluster_5
SRR10311575	2019	Human	cluster_14
SRR10319750	2019	Chicken	cluster_14
SRR10341303	2019	Bovine	cluster_17
SRR10343238	2019	Bovine	cluster_17
SRR10360874	2019	Bovine	cluster_17
SRR10378122	2019	Human	cluster_14
SRR10400247	2019	Bovine	cluster_5
SRR10427917	2019	Human	cluster_9
SRR10427925	2019	Bovine	cluster_14
SRR10435128	2019	Bovine	cluster_5
SRR10447363	2019	Bovine	cluster_17
SRR10447367	2019	Bovine	cluster_17
SRR10465577	2019	Bovine	cluster_5
SRR10465598	2019	Bovine	cluster_5
SRR10465624	2019	Bovine	cluster_5
SRR10467393	2019	Swine	cluster_14
SRR10480682	2019	Bovine	cluster_17
SRR10493560	2019	Bovine	cluster_17
SRR10530291	2019	Bovine	cluster_17
SRR10530305	2019	Bovine	cluster_17
SRR10577723	2019	Human	cluster_17
SRR10579176	2019	Human	cluster_14
SRR10582222	2019	Bovine	cluster_17
SRR10582766	2019	Bovine	cluster_17
SRR10609515	2019	Human	cluster_14
SRR10611991	2019	Bovine	cluster_14
SRR10612285	2019	Bovine	cluster_17
SRR10612290	2019	Bovine	singleton_33
SRR10667023	2019	Human	cluster_15
SRR10669564	2019	Bovine	cluster_5
SRR10671631	2019	Human	cluster_14
SRR10673626	2019	Bovine	cluster_17
SRR10708467	2019	Swine	cluster_14
SRR10708474	2019	Bovine	cluster_5
SRR10775264	2019	Bovine	cluster_17
SRR10810799	2019	Human	singleton_12
SRR10821207	2019	Bovine	cluster_17
SRR10825153	2019	Human	cluster_9
SRR10842928	2019	Bovine	cluster_17
SRR10853294	2019	Bovine	cluster_17
SRR10873160	2019	Bovine	cluster_14
SRR10873169	2019	Bovine	cluster_14
SRR10873182	2019	Bovine	cluster_17
SRR10897582	2019	Human	cluster_14
SRR10972190	2020	Human	cluster_14
SRR10985089	2019	Human	cluster_9
SRR10987386	2020	Swine	cluster_9
SRR11032655	2019	Human	cluster_14
SRR11040162	2020	Bovine	cluster_17
SRR11059419	2020	Chicken	cluster_9
SRR11059462	2020	Bovine	cluster_17
SRR11102093	2020	Bovine	singleton_41
SRR11119324	2020	Bovine	cluster_17
SRR11185174	2019	Bovine	cluster_14
SRR11207781	2020	Human	cluster_14
SRR11232264	2020	Bovine	cluster_16
SRR11248423	2020	Bovine	cluster_17
SRR11252392	2020	Bovine	cluster_17
SRR11252401	2020	Bovine	cluster_17
SRR11252408	2020	Bovine	cluster_17
SRR11252409	2020	Bovine	cluster_17
SRR11278036	2020	Bovine	cluster_17
SRR11278041	2020	Bovine	cluster_16
SRR11283160	2020	Swine	cluster_14
SRR11284265	2020	Bovine	cluster_17
SRR11311286	2020	Bovine	cluster_5
SRR11311380	2020	Swine	cluster_14
SRR11317889	2020	Bovine	cluster_13
SRR11317901	2020	Bovine	cluster_13
SRR11348088	2020	Bovine	cluster_17
SRR11348092	2020	Bovine	cluster_17
SRR11348095	2020	Bovine	cluster_1
SRR11348098	2020	Bovine	cluster_17
SRR11348104	2020	Bovine	cluster_17
SRR11351663	2020	Bovine	cluster_1
SRR11357334	2020	Swine	cluster_14
SRR11430487	2020	Swine	cluster_4
SRR11472173	2020	Bovine	cluster_17
SRR11488014	2020	Human	cluster_9
SRR11537702	2020	Human	cluster_9
SRR11544483	2020	Bovine	cluster_17
SRR11544513	2020	Bovine	cluster_17
SRR11575088	2020	Bovine	cluster_17
SRR11584909	2020	Sheep/Goat	singleton_32
SRR11600544	2020	Bovine	cluster_17
SRR11600621	2020	Bovine	cluster_17
SRR11601028	2020	Bovine	cluster_17
SRR11615678	2020	Bovine	cluster_17
SRR11704884	2020	Swine	cluster_9
SRR11768274	2020	Human	cluster_14
SRR11798773	2020	Human	cluster_14
SRR11799633	2020	Swine	cluster_9
SRR11802400	2020	Bovine	cluster_17
SRR11833467	2020	Bovine	cluster_17
SRR11847321	2020	Bovine	cluster_16
SRR11858671	2020	Bovine	cluster_17
SRR12005818	2020	Human	cluster_14
SRR12024289	2020	Human	cluster_14
SRR12047184	2020	Bovine	cluster_17
SRR12047188	2020	Bovine	cluster_17
SRR12056331	2020	Swine	cluster_14
SRR12118778	2020	Human	cluster_14
SRR12266346	2020	Bovine	cluster_5
SRR12283149	2020	Human	cluster_14
SRR12362686	2020	Bovine	cluster_5
SRR12363261	2020	Bovine	cluster_5
SRR12376968	2020	Bovine	cluster_16
SRR12377486	2020	Bovine	cluster_17
SRR12377509	2020	Bovine	cluster_5
SRR12403587	2020	Bovine	singleton_31
SRR12403598	2020	Bovine	cluster_17
SRR12407613	2020	Human	cluster_14
SRR12414035	2020	Human	cluster_9
SRR12424674	2020	Bovine	cluster_16
SRR12455699	2020	Bovine	cluster_17
SRR12455703	2020	Swine	cluster_9
SRR12472384	2020	Swine	cluster_9
SRR12472388	2020	Bovine	cluster_17
SRR12472393	2020	Swine	cluster_9
SRR12486595	2020	Bovine	cluster_17
SRR12492737	2020	Bovine	cluster_17
SRR12522427	2020	Human	cluster_14
SRR12526308	2020	Human	cluster_14
SRR12545593	2020	Bovine	cluster_17
SRR12581664	2020	Human	cluster_14
SRR12625466	2020	Bovine	cluster_17
SRR12625474	2020	Bovine	cluster_17
SRR12630732	2020	Bovine	cluster_16
SRR12646290	2020	Bovine	cluster_17
SRR12646519	2020	Bovine	cluster_17
SRR12646582	2020	Bovine	cluster_14
SRR12660748	2020	Human	cluster_14
SRR12664280	2020	Bovine	cluster_5
SRR12678566	2020	Bovine	cluster_17
SRR12707426	2020	Human	cluster_14
SRR12708932	2020	Bovine	cluster_11
SRR12708961	2020	Swine	cluster_9
SRR12713732	2020	Bovine	cluster_17
SRR12714006	2020	Bovine	singleton_26
SRR12717966	2020	Bovine	cluster_5
SRR12717971	2020	Bovine	cluster_17
SRR12734179	2020	Bovine	cluster_17
SRR12749204	2020	Swine	cluster_17
SRR12749515	2020	Human	cluster_14
SRR12781276	2020	Unspecified Animal	cluster_17
SRR12782037	2020	Bovine	cluster_17
SRR12782112	2020	Swine	cluster_9
SRR12799202	2020	Bovine	cluster_14
SRR12802688	2020	Human	cluster_14
SRR12817702	2020	Bovine	cluster_14
SRR12835770	2020	Human	cluster_14
SRR12884453	2020	Bovine	cluster_17
SRR12926373	2020	Human	cluster_14
SRR12938565	2020	Bovine	cluster_9
SRR12938569	2020	Bovine	cluster_17
SRR12939119	2020	Bovine	cluster_17
SRR12949780	2020	Bovine	cluster_17
SRR12949924	2020	Swine	cluster_9
SRR12967156	2020	Human	cluster_14
SRR12971478	2020	Bovine	cluster_17
SRR12971479	2020	Bovine	cluster_17
SRR12971589	2020	Bovine	cluster_17
SRR12991882	2020	Swine	cluster_9
SRR13017823	2020	Bovine	cluster_17
SRR13017827	2020	Bovine	cluster_17
SRR13021279	2020	Human	cluster_14
SRR13094549	2020	Bovine	singleton_20
SRR13094604	2020	Swine	cluster_9
SRR13166742	2020	Turkey	cluster_14
SRR13187409	2020	Bovine	cluster_17
SRR13198884	2020	Bovine	cluster_17
SRR13198886	2020	Bovine	cluster_17
SRR13198887	2020	Bovine	cluster_17
SRR13208054	2020	Swine	cluster_9
SRR13232392	2020	Human	cluster_14
SRR13238491	2020	Bovine	cluster_17
SRR13245221	2020	Bovine	cluster_14
SRR13245237	2020	Bovine	cluster_14
SRR13245246	2020	Bovine	cluster_17
SRR13246802	2020	Bovine	cluster_17
SRR13247813	2020	Bovine	cluster_17
SRR13247852	2020	Bovine	cluster_17
SRR13254123	2020	Human	cluster_14
SRR13254419	2020	Human	cluster_14
SRR13285877	2020	Swine	cluster_9
SRR13286669	2020	Bovine	cluster_17
SRR13295483	2020	Bovine	cluster_17
SRR13301915	2020	Swine	cluster_14
SRR13310525	2020	Bovine	singleton_7
SRR13321220	2020	Bovine	cluster_17
SRR13337691	2020	Bovine	cluster_16
SRR13337735	2020	Bovine	cluster_17
SRR13402296	2020	Human	cluster_14
SRR13407025	2020	Human	cluster_14
SRR13419968	2020	Bovine	cluster_17
SRR13420011	2020	Bovine	cluster_17
SRR13421119	2020	Bovine	cluster_17
SRR13450008	2021	Bovine	cluster_16
SRR13492875	2020	Human	cluster_9
SRR13530597	2021	Bovine	cluster_17
SRR13530944	2020	Bovine	cluster_14
SRR13530947	2020	Bovine	cluster_14
SRR13563374	2021	Human	cluster_14
SRR13573534	2021	Bovine	cluster_17
SRR13593772	2021	Bovine	cluster_17
SRR13605920	2020	Bovine	cluster_17
SRR13605953	2021	Swine	cluster_9
SRR13615157	2021	Swine	cluster_14
SRR13641918	2020	Bovine	cluster_17
SRR13641920	2020	Bovine	cluster_17
SRR13641932	2020	Bovine	cluster_17
SRR13641936	2021	Bovine	cluster_17
SRR13641937	2021	Bovine	cluster_17
SRR13641938	2021	Bovine	cluster_17
SRR13641940	2021	Bovine	cluster_17
SRR13641941	2020	Bovine	cluster_17
SRR13641943	2021	Bovine	cluster_17
SRR13641944	2021	Bovine	cluster_17
SRR13641945	2021	Bovine	cluster_17
SRR13641947	2021	Bovine	cluster_17
SRR13641949	2021	Bovine	cluster_17
SRR13641950	2021	Bovine	cluster_17
SRR13641954	2021	Bovine	cluster_17
SRR13642993	2021	Chicken	cluster_17
SRR13690550	2021	Bovine	cluster_17
SRR13690559	2021	Bovine	cluster_17
SRR13690576	2021	Bovine	cluster_17
SRR13703354	2021	Bovine	cluster_5
SRR13703380	2021	Bovine	singleton_47
SRR13747343	2021	Bovine	cluster_17
SRR13790728	2021	Bovine	cluster_17
SRR13797383	2021	Chicken	cluster_17
SRR13834024	2021	Bovine	cluster_17
SRR13834027	2021	Bovine	cluster_17
SRR13913059	2021	Bovine	cluster_14
SRR13926973	2021	Bovine	cluster_17
SRR13927110	2021	Bovine	cluster_17
SRR13927142	2021	Bovine	cluster_17
SRR13927417	2021	Bovine	cluster_17
SRR13927433	2021	Bovine	cluster_17
SRR13970171	Unknown	Unspecified Animal	cluster_14
SRR13976682	2021	Bovine	cluster_16
SRR13998196	2021	Bovine	cluster_17
SRR13998251	2021	Bovine	cluster_14
SRR14033129	2021	Human	cluster_15
SRR14045208	2021	Human	cluster_14
SRR14052396	2021	Bovine	singleton_44
SRR14052489	2021	Bovine	cluster_17
SRR14054434	2021	Bovine	cluster_17
SRR14054440	2021	Bovine	cluster_17
SRR14067910	2021	Human	cluster_14
SRR14084284	2021	Bovine	cluster_17
SRR14097315	2021	Human	cluster_14
SRR14097364	2021	Bovine	cluster_17
SRR14097895	2021	Bovine	cluster_17
SRR14131215	2021	Swine	cluster_14
SRR14145881	2021	Human	singleton_58
SRR14168447	2021	Bovine	cluster_17
SRR14193378	2021	Bovine	cluster_17
SRR14263043	2021	Bovine	cluster_17
SRR14272164	2021	Bovine	cluster_17
SRR14286377	2021	Bovine	cluster_17
SRR14289379	2021	Bovine	cluster_17
SRR14306316	2021	Bovine	cluster_17
SRR14306374	2021	Bovine	cluster_5
SRR14326395	2021	Bovine	cluster_17
SRR14326412	2021	Bovine	cluster_17
SRR14333431	2021	Human	cluster_14
SRR14334185	2021	Bovine	cluster_14
SRR14355059	2021	Human	cluster_14
SRR14408157	2021	Bovine	cluster_17
SRR14408206	2021	Bovine	cluster_17
SRR14416692	2021	Human	cluster_14
SRR14421773	2021	Bovine	cluster_5
SRR14421777	2021	Bovine	cluster_17
SRR14421779	2021	Bovine	singleton_25
SRR14460138	2021	Swine	cluster_14
SRR14480240	2021	Human	cluster_9
SRR14503774	2021	Bovine	cluster_17
SRR14512720	2021	Bovine	cluster_17
SRR14517916	2021	Bovine	cluster_17
SRR14521845	2021	Human	cluster_9
SRR14547279	2021	Swine	cluster_9
SRR14576895	2021	Human	cluster_14
SRR14585954	2021	Human	cluster_9
SRR14588733	2021	Bovine	cluster_17
SRR14589059	2021	Bovine	cluster_17
SRR14589069	2021	Bovine	cluster_17
SRR14608500	2021	Bovine	cluster_16
SRR14633190	2021	Human	singleton_38
SRR14633264	2021	Human	cluster_9
SRR14636548	2021	Bovine	singleton_21
SRR14656033	2021	Human	cluster_9
SRR14698489	2021	Bovine	cluster_17
SRR14702910	2021	Bovine	cluster_17
SRR14703528	2021	Bovine	cluster_17
SRR14704033	2021	Bovine	cluster_17
SRR14704346	2021	Bovine	cluster_17
SRR14704409	2021	Bovine	cluster_17
SRR14705107	2021	Human	cluster_14
SRR14719576	2021	Bovine	singleton_18
SRR14721205	2021	Bovine	cluster_17
SRR14722996	2021	Bovine	cluster_17
SRR14723050	2021	Bovine	cluster_17
SRR14739049	2021	Bovine	cluster_17
SRR14739050	2021	Bovine	cluster_17
SRR14753116	2021	Human	cluster_14
SRR14771902	2021	Human	cluster_9
SRR14789072	2021	Human	cluster_9
SRR14804992	2021	Human	cluster_14
SRR14806850	2021	Human	cluster_14
SRR14821650	2021	Bovine	cluster_17
SRR14828508	2021	Human	cluster_4
SRR14858391	2021	Bovine	cluster_16
SRR14875177	2021	Human	cluster_14
SRR14912895	2021	Human	cluster_14
SRR14920203	2021	Human	cluster_14
SRR14936411	2021	Human	cluster_14
SRR14949264	2021	Human	cluster_14
SRR15008210	2021	Human	cluster_14
SRR15064601	2021	Bovine	cluster_17
SRR15064636	2021	Bovine	singleton_16
SRR15064715	2021	Bovine	cluster_17
SRR15089749	2021	Swine	cluster_9
SRR15140808	2021	Bovine	cluster_17
SRR15178459	2021	Bovine	cluster_5
SRR15178474	2021	Bovine	cluster_5
SRR15178501	2021	Bovine	cluster_17
SRR15178525	2021	Bovine	cluster_10
SRR15184090	2021	Bovine	cluster_17
SRR15184094	2021	Bovine	cluster_17
SRR15184101	2021	Bovine	cluster_17
SRR15194506	2021	Swine	cluster_9
SRR15210499	2021	Human	cluster_14
SRR15216969	2021	Bovine	cluster_17
SRR15216970	2021	Bovine	cluster_17
SRR15217975	2021	Human	cluster_14
SRR15249441	2021	Bovine	cluster_5
SRR15276826	2021	Bovine	cluster_14
SRR15282969	2021	Human	cluster_14
SRR15295166	2021	Human	cluster_9
SRR15323977	2021	Bovine	cluster_17
SRR15323995	2021	Bovine	cluster_17
SRR15328979	2021	Human	cluster_14
SRR15346250	2021	Human	cluster_9
SRR15357305	2021	Swine	cluster_9
SRR15357318	2021	Unspecified Animal	cluster_17
SRR15357330	2021	Unspecified Animal	cluster_17
SRR15357333	2021	Unspecified Animal	cluster_17
SRR15357590	2021	Unspecified Animal	cluster_17
SRR15444046	2021	Bovine	cluster_17
SRR15503298	2021	Bovine	cluster_17
SRR15539679	2021	Swine	cluster_14
SRR15567233	2021	Human	cluster_9
SRR15598534	2021	Human	cluster_14
SRR15611014	2021	Human	cluster_9
SRR15613193	2021	Bovine	cluster_17
SRR15670921	2021	Human	cluster_14
SRR15671265	2021	Bovine	cluster_5
SRR15672834	2021	Bovine	cluster_16
SRR15676938	2021	Human	cluster_9
SRR15681040	2021	Bovine	cluster_11
SRR15688683	2021	Human	cluster_14
SRR15744463	2021	Bovine	cluster_17
SRR15859419	2021	Human	cluster_9
SRR15862317	2021	Bovine	cluster_16
SRR15907668	2021	Human	cluster_9
SRR15909622	2021	Human	cluster_14
SRR15914075	2021	Human	cluster_14
SRR15914080	2021	Human	cluster_14
SRR15919410	2021	Swine	cluster_14
SRR15973070	2021	Human	cluster_14
SRR16018753	2021	Human	cluster_14
SRR16018791	2021	Human	cluster_9
SRR16048154	2021	Bovine	singleton_30
SRR16091673	2021	Human	cluster_15
SRR16099971	2021	Human	cluster_14
SRR16113180	2021	Bovine	cluster_5
SRR16114992	2021	Human	cluster_9
SRR16173639	2021	Human	cluster_9
SRR16186846	2021	Human	cluster_14
SRR16201651	2021	Human	cluster_14
SRR16227604	2021	Human	cluster_15
SRR16299667	2021	Bovine	cluster_14
SRR16299874	2021	Bovine	cluster_17
SRR16315017	2021	Bovine	cluster_17
SRR16317251	2021	Bovine	cluster_14
SRR16396053	2021	Human	cluster_14
SRR16499290	2021	Bovine	cluster_16
SRR16502238	2021	Bovine	cluster_14
SRR16502272	2021	Swine	cluster_9
SRR16502282	2021	Bovine	cluster_14
SRR16502322	2021	Bovine	cluster_17
SRR16553251	2021	Bovine	cluster_14
SRR16563305	2021	Bovine	cluster_5
SRR16587942	2021	Bovine	cluster_17
SRR16598256	2021	Human	singleton_1
SRR16598278	2021	Bovine	cluster_17
SRR16603364	2021	Bovine	cluster_14
SRR16610257	2021	Human	cluster_14
SRR16631954	2021	Bovine	cluster_17
SRR16631962	2021	Bovine	cluster_17
SRR16680971	2021	Bovine	cluster_17
SRR16681603	2021	Bovine	cluster_17
SRR16681628	2021	Bovine	cluster_17
SRR16764577	2021	Bovine	cluster_14
SRR16764613	2021	Bovine	cluster_17
SRR16878467	2021	Bovine	cluster_14
SRR16881903	2021	Bovine	cluster_14
SRR16889910	2021	Swine	cluster_9
SRR16895138	2021	Human	cluster_14
SRR16913566	2021	Bovine	cluster_17
SRR16927944	2021	Swine	cluster_9
SRR16962746	2021	Swine	cluster_9
SRR16966792	2021	Bovine	cluster_17
SRR17018718	2021	Human	cluster_15
SRR17019591	2021	Bovine	cluster_17
SRR17023809	2021	Bovine	cluster_17
SRR17066345	2021	Bovine	cluster_17
SRR17066564	2021	Swine	cluster_14
SRR17066570	2021	Bovine	singleton_49
SRR17066671	2021	Swine	cluster_9
SRR17102509	2021	Human	cluster_14
SRR17110931	2021	Human	cluster_14
SRR17118780	2021	Bovine	cluster_17
SRR17144989	2021	Bovine	cluster_17
SRR17145008	2021	Bovine	cluster_17
SRR17145048	2021	Human	cluster_9
SRR17156526	2021	Bovine	cluster_16
SRR17156937	2021	Swine	cluster_9
SRR17188746	2021	Swine	cluster_9
SRR17208884	2021	Bovine	cluster_17
SRR17208897	2021	Bovine	cluster_17
SRR17209128	2021	Bovine	cluster_17
SRR17216556	2021	Human	cluster_14
SRR17218244	2021	Bovine	cluster_17
SRR17227333	2018	Unspecified Animal	cluster_14
SRR17229628	2021	Bovine	cluster_17
SRR17230340	2021	Human	cluster_9
SRR17286546	2021	Human	cluster_14
SRR17348921	2021	Bovine	cluster_17
SRR17348922	2021	Bovine	cluster_17
SRR17379672	Unknown	Human	cluster_14
SRR1745603	2012	Unspecified Poultry	cluster_14
SRR1745604	2012	Unspecified Poultry	cluster_15
SRR17534428	2021	Bovine	cluster_17
SRR17563859	2021	Bovine	cluster_17
SRR17563860	2021	Bovine	singleton_37
SRR17564624	2021	Bovine	cluster_17
SRR17564739	2021	Bovine	cluster_17
SRR17621717	2021	Bovine	cluster_17
SRR17652816	2021	Swine	cluster_14
SRR17652941	2021	Human	cluster_14
SRR17654479	2019	Unspecified Animal	cluster_14
SRR17657913	2021	Bovine	cluster_17
SRR17657917	2021	Bovine	cluster_17
SRR17658142	2021	Swine	cluster_9
SRR17670773	2021	Human	cluster_14
SRR1774057	2012	Unspecified Poultry	cluster_14
SRR17784691	2022	Human	cluster_14
SRR17786843	2021	Bovine	cluster_17
SRR17789612	2022	Bovine	cluster_17
SRR17805872	2022	Bovine	cluster_17
SRR17809313	2022	Bovine	cluster_17
SRR17838883	2022	Bovine	cluster_17
SRR17843458	2019	Unspecified Animal	cluster_14
SRR17915047	2022	Swine	cluster_9
SRR17915599	2022	Bovine	singleton_27
SRR17915601	2022	Bovine	cluster_16
SRR17915606	2022	Bovine	cluster_17
SRR17967443	2021	Bovine	cluster_17
SRR17967458	2021	Bovine	cluster_14
SRR17967460	2022	Bovine	cluster_17
SRR17974359	2022	Human	cluster_14
SRR18017713	2022	Human	cluster_14
SRR18034102	2022	Human	cluster_14
SRR18044767	2022	Human	cluster_15
SRR18106309	2022	Bovine	cluster_17
SRR18106315	2022	Bovine	cluster_17
SRR18106331	2022	Bovine	cluster_17
SRR18106332	2022	Bovine	cluster_17
SRR18115966	2022	Bovine	cluster_16
SRR18164487	2022	Swine	cluster_14
SRR18164493	2022	Bovine	cluster_17
SRR18164494	2022	Bovine	cluster_17
SRR18165216	2022	Bovine	cluster_17
SRR18215124	2022	Swine	cluster_9
SRR18230559	2022	Bovine	cluster_17
SRR18230628	2022	Bovine	cluster_17
SRR18231268	2022	Bovine	cluster_17
SRR18231275	2022	Bovine	cluster_17
SRR18256791	2022	Human	cluster_14
SRR18271206	2022	Human	cluster_14
SRR18296401	2022	Bovine	cluster_17
SRR18302231	2022	Human	cluster_14
SRR18314374	2022	Bovine	cluster_17
SRR18324844	2022	Swine	cluster_14
SRR18332113	2022	Human	cluster_14
SRR18392462	2022	Bovine	cluster_17
SRR18392508	2022	Bovine	cluster_17
SRR18399513	2022	Other	singleton_6
SRR18399782	2022	Human	cluster_9
SRR18399786	2022	Human	cluster_9
SRR18426057	2022	Bovine	cluster_17
SRR18435752	2022	Bovine	cluster_17
SRR18435762	2022	Bovine	cluster_17
SRR18508368	2022	Bovine	cluster_17
SRR18508392	2022	Bovine	cluster_17
SRR18529055	2022	Bovine	cluster_17
SRR18596410	2022	Bovine	cluster_17
SRR18600825	2022	Bovine	cluster_17
SRR18603282	2022	Bovine	cluster_17
SRR18604824	2022	Bovine	cluster_17
SRR18604826	2022	Bovine	cluster_17
SRR18609732	2022	Human	cluster_14
SRR18609902	2021	Other	cluster_14
SRR18609903	2021	Unspecified Animal	cluster_14
SRR18715925	2022	Human	cluster_15
SRR18736322	2021	Unspecified Animal	cluster_14
SRR18736326	2021	Unspecified Animal	cluster_14
SRR18771446	2022	Bovine	cluster_17
SRR18771451	2022	Bovine	cluster_17
SRR18793665	2022	Human	cluster_4
SRR18915664	2022	Bovine	cluster_17
SRR18915671	2022	Bovine	cluster_17
SRR18915696	2022	Bovine	cluster_17
SRR18915698	2022	Bovine	cluster_10
SRR18920734	2021	Unspecified Animal	cluster_14
SRR19084324	2022	Bovine	cluster_17
SRR19084326	2022	Bovine	cluster_17
SRR19084367	2022	Bovine	cluster_14
SRR19133600	2022	Bovine	cluster_17
SRR19133649	2022	Swine	cluster_9
SRR19198522	2022	Human	cluster_14
SRR19324914	2022	Bovine	cluster_17
SRR19344074	2022	Bovine	cluster_17
SRR19359462	2022	Bovine	cluster_17
SRR19360538	2022	Bovine	cluster_17
SRR19360542	2022	Bovine	cluster_17
SRR19363166	2022	Bovine	cluster_17
SRR19397117	2021	Bovine	cluster_17
SRR19415745	2022	Human	cluster_14
SRR19429949	2022	Human	cluster_4
SRR19431271	2021	Bovine	cluster_17
SRR19431278	2021	Bovine	cluster_17
SRR19486163	2022	Bovine	cluster_17
SRR19504615	2022	Bovine	cluster_17
SRR19504690	2022	Bovine	cluster_17
SRR19513352	2022	Bovine	cluster_17
SRR19552116	2022	Human	cluster_14
SRR19552226	2022	Human	cluster_9
SRR19554353	2022	Human	cluster_9
SRR19560736	2022	Human	cluster_14
SRR19591592	2022	Swine	cluster_14
SRR19591762	2022	Bovine	cluster_17
SRR19629432	2022	Human	cluster_9
SRR19636272	2022	Bovine	singleton_23
SRR19847242	2022	Bovine	singleton_10
SRR19865966	2022	Human	cluster_14
SRR19869222	2022	Swine	cluster_9
SRR19869735	2022	Bovine	cluster_17
SRR19909232	2022	Bovine	singleton_39
SRR19913040	2022	Bovine	cluster_5
SRR19916459	2022	Human	cluster_14
SRR19981164	2022	Human	cluster_17
SRR19986391	2022	Bovine	cluster_17
SRR19993712	2022	Bovine	cluster_16
SRR20016452	2022	Human	cluster_9
SRR20023325	2022	Bovine	cluster_14
SRR20231193	2022	Sheep/Goat	cluster_14
SRR20288848	2022	Human	cluster_14
SRR20307347	2022	Human	cluster_14
SRR20423092	2022	Bovine	cluster_17
SRR20428503	2022	Bovine	cluster_17
SRR20622373	2022	Human	cluster_14
SRR20633906	2022	Human	cluster_14
SRR20648335	2022	Human	cluster_14
SRR20670495	2022	Human	cluster_14
SRR2075040	2012	Unspecified Poultry	cluster_7
SRR2075179	2012	Unspecified Poultry	cluster_4
SRR2087001	2012	Unspecified Poultry	cluster_4
SRR20964718	2022	Bovine	cluster_17
SRR20965766	2022	Bovine	cluster_17
SRR20993178	2022	Human	cluster_15
SRR20995066	2022	Bovine	cluster_17
SRR21007694	2022	Bovine	cluster_17
SRR21023985	2022	Turkey	cluster_14
SRR21026057	2022	Bovine	cluster_5
SRR21065563	2022	Bovine	cluster_5
SRR21065593	2022	Bovine	cluster_17
SRR21085098	2022	Bovine	cluster_17
SRR21086640	2022	Bovine	cluster_17
SRR21111927	2022	Human	cluster_14
SRR21135247	2022	Bovine	singleton_24
SRR21137475	2022	Bovine	cluster_14
SRR21145974	2022	Bovine	cluster_5
SRR21146183	2022	Bovine	cluster_17
SRR21162454	2022	Bovine	cluster_17
SRR21204239	2022	Bovine	cluster_14
SRR21221348	2022	Bovine	cluster_5
SRR21227673	2022	Bovine	cluster_14
SRR21227680	2022	Bovine	cluster_5
SRR21232718	2022	Bovine	cluster_17
SRR2124399	2013	Unspecified Poultry	cluster_7
SRR2124446	2013	Unspecified Poultry	cluster_4
SRR21284450	2022	Chicken	cluster_15
SRR21294688	2022	Human	cluster_14
SRR21294963	2022	Bovine	cluster_17
SRR21303670	2022	Bovine	cluster_17
SRR21303685	2022	Bovine	cluster_5
SRR21377287	2022	Human	cluster_14
SRR21380850	2022	Bovine	cluster_14
SRR21383240	2022	Chicken	cluster_15
SRR21396017	2022	Bovine	cluster_16
SRR21440791	2022	Other	cluster_17
SRR21440794	2022	Other	cluster_17
SRR21503356	2022	Human	cluster_14
SRR21590085	2022	Human	cluster_14
SRR21629032	2022	Swine	cluster_9
SRR21632612	2022	Human	cluster_5
SRR21640916	2022	Bovine	cluster_14
SRR21640920	2022	Bovine	cluster_5
SRR21640922	2022	Bovine	cluster_5
SRR21640940	2022	Bovine	cluster_5
SRR21640942	2022	Bovine	cluster_5
SRR21650553	2022	Bovine	cluster_14
SRR21686175	2022	Bovine	cluster_14
SRR21726338	2022	Human	cluster_14
SRR21753505	2022	Bovine	cluster_14
SRR21763243	2022	Bovine	cluster_17
SRR21763298	2022	Bovine	cluster_17
SRR21789498	2022	Chicken	cluster_15
SRR21817112	2022	Bovine	cluster_17
SRR21817117	2022	Bovine	cluster_17
SRR21817243	2022	Bovine	cluster_17
SRR21839201	2022	Human	cluster_14
SRR21853942	2022	Human	cluster_14
SRR21874476	2022	Bovine	singleton_48
SRR2188126	2015	Bovine	cluster_17
SRR21911243	2021	Unspecified Animal	cluster_14
SRR21937918	2022	Bovine	cluster_14
SRR21973247	2021	Unspecified Animal	cluster_14
SRR22004788	2022	Bovine	cluster_17
SRR22006574	2022	Bovine	cluster_17
SRR22007248	2022	Chicken	cluster_14
SRR22007582	2022	Bovine	cluster_17
SRR22025507	2022	Bovine	cluster_17
SRR22051301	2022	Bovine	cluster_17
SRR22069630	2022	Human	cluster_14
SRR22069794	2022	Human	cluster_14
SRR22102675	2022	Bovine	cluster_17
SRR22102787	2022	Bovine	cluster_17
SRR22129672	2022	Human	cluster_14
SRR22179046	2022	Human	cluster_7
SRR22196044	2022	Bovine	cluster_17
SRR22196050	2022	Bovine	cluster_17
SRR22207009	2022	Human	cluster_14
SRR22223003	2022	Bovine	cluster_16
SRR22223013	2022	Bovine	cluster_17
SRR2226895	2015	Bovine	cluster_17
SRR2226935	2015	Bovine	cluster_17
SRR2227605	2015	Bovine	cluster_17
SRR2227628	2015	Bovine	cluster_17
SRR2228223	2015	Bovine	cluster_17
SRR22303895	2022	Bovine	cluster_5
SRR22314140	2022	Bovine	singleton_28
SRR22325438	2022	Bovine	cluster_17
SRR22359686	2022	Human	cluster_9
SRR2239756	2015	Bovine	cluster_17
SRR22398363	2022	Swine	cluster_9
SRR22398374	2022	Bovine	cluster_17
SRR22398406	2022	Bovine	cluster_17
SRR2240235	2015	Bovine	cluster_14
SRR22442219	2022	Human	cluster_7
SRR22485981	2022	Swine	cluster_14
SRR22493468	2022	Bovine	cluster_5
SRR22506419	2022	Bovine	cluster_17
SRR22535193	2022	Bovine	cluster_13
SRR22565548	2022	Bovine	singleton_11
SRR22565653	2022	Bovine	cluster_9
SRR22565660	2022	Swine	cluster_14
SRR22566365	2022	Bovine	cluster_16
SRR22610651	2022	Bovine	singleton_29
SRR22708388	2022	Human	cluster_9
SRR22756147	2022	Bovine	cluster_16
SRR22793116	2022	Bovine	singleton_45
SRR22793120	2022	Bovine	cluster_17
SRR22812066	2022	Human	cluster_14
SRR22847333	2022	Bovine	cluster_17
SRR22850489	2022	Bovine	cluster_14
SRR22850491	2022	Bovine	cluster_17
SRR22850609	2022	Bovine	singleton_34
SRR22881703	2022	Human	cluster_14
SRR22892279	2022	Chicken	cluster_15
SRR22915307	2022	Swine	cluster_14
SRR22939726	2022	Bovine	cluster_17
SRR22960587	2022	Human	cluster_14
SRR22998458	2022	Chicken	cluster_15
SRR23000271	2022	Bovine	cluster_17
SRR23025669	2022	Bovine	cluster_17
SRR23037545	2022	Human	cluster_14
SRR23063411	2022	Human	cluster_14
SRR23068154	2022	Human	cluster_14
SRR23068160	2022	Human	cluster_7
SRR23070836	2022	Bovine	cluster_17
SRR23070909	2022	Bovine	cluster_17
SRR23070910	2022	Bovine	cluster_17
SRR23071384	2022	Bovine	cluster_17
SRR23126302	2022	Chicken	cluster_14
SRR23136081	2022	Human	cluster_14
SRR23149179	2022	Human	cluster_14
SRR23170633	2023	Bovine	cluster_17
SRR23171648	2023	Bovine	cluster_17
SRR23291667	2023	Bovine	cluster_17
SRR23335290	2023	Human	singleton_13
SRR23350299	2023	Human	cluster_7
SRR23360284	2023	Bovine	cluster_17
SRR23387460	2023	Human	cluster_14
SRR23406337	2023	Bovine	cluster_17
SRR23406340	2023	Bovine	cluster_17
SRR23408080	2023	Bovine	cluster_17
SRR23440282	2023	Human	cluster_14
SRR23489611	2023	Human	cluster_14
SRR23512637	2023	Bovine	cluster_14
SRR23513601	2023	Bovine	cluster_12
SRR23566460	2023	Bovine	cluster_17
SRR23566470	2023	Bovine	cluster_17
SRR23607792	2023	Human	cluster_14
SRR23654290	2023	Human	singleton_54
SRR23683926	2022	Human	cluster_14
SRR23686201	2023	Bovine	cluster_17
SRR23686202	2023	Bovine	cluster_17
SRR23686208	2023	Bovine	cluster_17
SRR23686854	2023	Bovine	cluster_14
SRR23691049	2023	Bovine	cluster_17
SRR23697462	2023	Bovine	cluster_17
SRR23713201	2023	Human	cluster_14
SRR23749888	2022	Human	cluster_14
SRR23759103	2023	Human	cluster_14
SRR23760905	2023	Human	cluster_14
SRR23801130	2023	Bovine	singleton_22
SRR23839392	2023	Swine	cluster_9
SRR23864192	2022	Human	cluster_14
SRR23873752	2022	Human	cluster_14
SRR23919549	2023	Bovine	cluster_17
SRR23919683	2023	Bovine	cluster_17
SRR23929815	2023	Bovine	singleton_50
SRR23929925	2023	Bovine	cluster_17
SRR23956733	2023	Swine	cluster_14
SRR23959014	2023	Human	cluster_14
SRR23979089	2023	Bovine	cluster_17
SRR23979315	2023	Bovine	cluster_17
SRR23979329	2023	Bovine	singleton_5
SRR24039192	2022	Human	cluster_9
SRR24067598	2023	Human	cluster_14
SRR24083008	2023	Human	cluster_14
SRR24107089	2023	Bovine	cluster_17
SRR24129004	2023	Bovine	cluster_17
SRR24155140	2023	Human	cluster_14
SRR24162639	2023	Human	cluster_14
SRR24189513	2023	Bovine	cluster_17
SRR24203526	2023	Human	cluster_14
SRR24205686	2023	Swine	cluster_14
SRR2421532	2015	Bovine	cluster_14
SRR24255710	2023	Bovine	cluster_17
SRR24323003	2023	Bovine	cluster_17
SRR24376240	2023	Bovine	cluster_17
SRR24376479	2023	Bovine	cluster_17
SRR24376580	2023	Swine	cluster_14
SRR24412485	2023	Human	cluster_14
SRR24467520	2023	Bovine	cluster_17
SRR24467576	2023	Bovine	cluster_17
SRR24479155	2023	Human	cluster_14
SRR24491650	2023	Human	cluster_9
SRR24524004	2023	Human	cluster_4
SRR24564983	2023	Bovine	cluster_5
SRR24565658	2023	Swine	cluster_14
SRR24658867	2023	Human	cluster_9
SRR24687547	2023	Bovine	cluster_8
SRR24696349	2023	Human	cluster_14
SRR24727106	2023	Other	cluster_4
SRR24738074	2023	Bovine	cluster_14
SRR24773325	2023	Other	cluster_4
SRR24773326	2023	Other	cluster_4
SRR24773347	2023	Other	cluster_4
SRR24773356	2023	Other	cluster_4
SRR24773361	2023	Other	cluster_4
SRR24773362	2023	Other	cluster_4
SRR24773363	2023	Other	cluster_4
SRR24773364	2023	Other	cluster_4
SRR24773365	2023	Other	cluster_4
SRR24773366	2023	Other	cluster_4
SRR24773378	2023	Other	cluster_4
SRR24773379	2023	Other	cluster_4
SRR24773380	2023	Other	cluster_4
SRR24773411	2023	Other	cluster_4
SRR24773413	2023	Other	cluster_4
SRR24773416	2023	Other	cluster_4
SRR24773417	2023	Other	cluster_4
SRR24866243	2023	Human	cluster_7
SRR24867808	2023	Bovine	cluster_17
SRR24894116	2023	Swine	cluster_9
SRR24895827	2023	Bovine	cluster_17
SRR24895839	2023	Swine	cluster_9
SRR24898083	2023	Bovine	cluster_16
SRR24980123	2023	Bovine	cluster_17
SRR25009135	2023	Human	cluster_14
SRR25036872	2023	Bovine	cluster_17
SRR25037565	2023	Bovine	cluster_17
SRR25071554	2023	Human	cluster_9
SRR25071822	2023	Bovine	cluster_17
SRR25097188	2023	Other	cluster_9
SRR25097435	2023	Chicken	cluster_9
SRR25097442	2023	Other	cluster_9
SRR25097443	2023	Chicken	cluster_9
SRR25097454	2023	Chicken	cluster_9
SRR25232403	2023	Human	cluster_4
SRR25246335	2023	Bovine	cluster_14
SRR25246346	2023	Bovine	cluster_16
SRR25248626	2023	Human	singleton_19
SRR25278791	2023	Human	cluster_14
SRR25304163	2023	Human	cluster_14
SRR25305028	2023	Bovine	cluster_17
SRR25305704	2023	Bovine	cluster_16
SRR25343121	2023	Human	cluster_14
SRR25366614	2023	Human	cluster_14
SRR25382839	2023	Bovine	cluster_16
SRR25387009	2023	Bovine	singleton_35
SRR25399611	2023	Human	cluster_14
SRR25426505	2023	Human	singleton_53
SRR25462015	2023	Human	cluster_14
SRR25475440	2023	Bovine	cluster_17
SRR25475441	2023	Bovine	cluster_17
SRR25475442	2023	Bovine	cluster_17
SRR25495866	2023	Human	cluster_14
SRR25524836	2023	Bovine	cluster_14
SRR25525499	2023	Human	cluster_9
SRR25599451	2023	Bovine	cluster_16
SRR25599665	2023	Bovine	cluster_16
SRR25599689	2023	Bovine	cluster_17
SRR25629899	2023	Swine	cluster_9
SRR25634018	2023	Human	cluster_14
SRR25686479	2023	Chicken	cluster_17
SRR25686645	2023	Bovine	cluster_17
SRR25691058	2023	Human	cluster_14
SRR25726670	2023	Human	cluster_14
SRR25726820	2023	Human	cluster_9
SRR25730275	2023	Bovine	cluster_17
SRR25739901	2023	Human	cluster_14
SRR25760328	2023	Human	cluster_14
SRR25788121	2023	Human	cluster_9
SRR25793746	2023	Swine	cluster_9
SRR25799689	2023	Bovine	singleton_9
SRR25836850	2023	Bovine	singleton_15
SRR25836886	2023	Swine	cluster_14
SRR25837062	2023	Bovine	cluster_14
SRR25837311	2023	Bovine	cluster_5
SRR25926298	2023	Human	cluster_14
SRR25979443	2023	Human	cluster_14
SRR26044707	2023	Bovine	cluster_5
SRR26045262	2023	Human	cluster_14
SRR26053385	2023	Bovine	cluster_14
SRR26053781	2023	Bovine	cluster_17
SRR26053785	2023	Bovine	cluster_17
SRR26089121	2023	Bovine	cluster_14
SRR26089618	2023	Bovine	cluster_5
SRR26111208	2023	Human	cluster_14
SRR26121120	2023	Bovine	cluster_14
SRR26125211	2023	Bovine	cluster_14
SRR26126270	2023	Bovine	cluster_5
SRR26127830	2023	Bovine	cluster_14
SRR26135148	2023	Bovine	cluster_16
SRR26135265	2023	Bovine	cluster_17
SRR26135369	2023	Bovine	cluster_17
SRR26146385	2023	Human	cluster_5
SRR26167026	2023	Bovine	cluster_5
SRR26167036	2023	Bovine	cluster_5
SRR26167040	2023	Bovine	cluster_5
SRR26167041	2023	Bovine	cluster_17
SRR26167045	2023	Bovine	cluster_5
SRR26167048	2023	Bovine	cluster_5
SRR26208370	2023	Human	cluster_14
SRR26208842	2023	Bovine	singleton_42
SRR26208939	2023	Bovine	cluster_5
SRR26217371	2023	Chicken	cluster_17
SRR26217771	2023	Bovine	cluster_14
SRR26288157	2023	Bovine	cluster_17
SRR26288363	2023	Bovine	cluster_17
SRR26300897	2023	Human	cluster_14
SRR26363249	2023	Human	cluster_14
SRR2638017	2015	Bovine	cluster_17
SRR26398404	2023	Turkey	cluster_9
SRR26407674	2023	Bovine	cluster_14
SRR26411311	2023	Bovine	cluster_14
SRR26453392	2023	Bovine	cluster_5
SRR26453396	2023	Bovine	cluster_5
SRR26453399	2023	Bovine	cluster_5
SRR26453400	2023	Bovine	cluster_5
SRR26471962	2023	Bovine	cluster_5
SRR26472752	2023	Bovine	cluster_5
SRR26473182	2023	Bovine	cluster_5
SRR26473242	2023	Bovine	cluster_5
SRR26473361	2023	Bovine	cluster_5
SRR2648740	2015	Bovine	cluster_17
SRR2649002	2015	Swine	cluster_9
SRR26492726	2023	Bovine	cluster_5
SRR26515442	2023	Bovine	cluster_16
SRR26584088	2023	Bovine	cluster_17
SRR26621089	2023	Human	cluster_14
SRR26628771	2023	Bovine	cluster_5
SRR26666439	2023	Bovine	singleton_51
SRR26666488	2023	Bovine	cluster_5
SRR26666510	2023	Bovine	cluster_17
SRR26681427	2023	Bovine	singleton_43
SRR26806630	2023	Bovine	cluster_14
SRR26806633	2023	Bovine	cluster_14
SRR26836956	2023	Bovine	cluster_14
SRR26849618	2021	Other	cluster_9
SRR26849619	2021	Other	cluster_9
SRR26855709	2023	Bovine	cluster_17
SRR26860219	2023	Swine	cluster_9
SRR26862491	2023	Bovine	cluster_17
SRR26900898	2023	Human	cluster_15
SRR26902354	2023	Bovine	cluster_17
SRR26903150	2023	Bovine	cluster_16
SRR26918702	2023	Human	cluster_14
SRR26942995	2023	Bovine	cluster_17
SRR26942997	2023	Bovine	cluster_17
SRR26942998	2023	Bovine	cluster_17
SRR26943045	2023	Bovine	cluster_17
SRR26958035	2023	Human	cluster_14
SRR26959261	2023	Human	singleton_57
SRR26959351	2023	Bovine	cluster_17
SRR26959356	2023	Bovine	cluster_17
SRR26959991	2023	Bovine	cluster_17
SRR26960022	2023	Bovine	cluster_17
SRR27000535	2023	Human	cluster_9
SRR27011691	2023	Bovine	cluster_17
SRR27020710	2023	Bovine	cluster_17
SRR27167910	2023	Chicken	cluster_15
SRR27173428	2023	Human	cluster_9
SRR27201665	2023	Unspecified Animal	cluster_9
SRR27226108	2023	Human	cluster_14
SRR27238324	2023	Bovine	cluster_17
SRR27241185	2023	Human	cluster_14
SRR27283879	2023	Bovine	cluster_17
SRR27284003	2023	Bovine	cluster_5
SRR27315648	2023	Human	cluster_14
SRR27350441	2023	Bovine	cluster_17
SRR27383124	2023	Bovine	cluster_17
SRR27398670	2023	Bovine	singleton_8
SRR27504362	2023	Bovine	cluster_17
SRR27505043	2022	Other	cluster_9
SRR27562168	2023	Bovine	cluster_17
SRR27562267	2023	Bovine	cluster_5
SRR27563548	2023	Turkey	cluster_17
SRR27644877	2023	Human	cluster_17
SRR27647025	2024	Bovine	cluster_17
SRR27680335	2024	Bovine	cluster_17
SRR27681680	2024	Human	cluster_14
SRR27683344	2024	Bovine	cluster_17
SRR27745996	2024	Bovine	cluster_17
SRR27746122	2024	Bovine	cluster_17
SRR27836088	2024	Bovine	cluster_16
SRR27873435	2024	Turkey	cluster_14
SRR27911799	2024	Human	singleton_52
SRR27918992	2024	Human	cluster_9
SRR27929633	2024	Bovine	cluster_8
SRR27929855	2024	Bovine	cluster_16
SRR28014449	2024	Bovine	cluster_17
SRR28014455	2024	Bovine	singleton_3
SRR28015835	2024	Bovine	cluster_17
SRR28017250	2023	Human	cluster_14
SRR28093466	2024	Human	cluster_14
SRR28196384	2024	Human	cluster_9
SRR28197499	2024	Bovine	cluster_17
SRR28199670	2024	Bovine	singleton_14
SRR28217696	2024	Human	cluster_7
SRR28284994	2024	Bovine	cluster_16
SRR2829313	2015	Bovine	cluster_17
SRR28374799	2024	Bovine	cluster_17
SRR28399352	2024	Bovine	cluster_5
SRR28411087	2024	Bovine	cluster_17
SRR28419009	2021	Other	cluster_9
SRR2890152	2012	Unspecified Poultry	cluster_14
SRR2919949	2015	Bovine	cluster_17
SRR2959725	2015	Bovine	cluster_5
SRR2962902	2015	Bovine	cluster_17
SRR2973700	2015	Bovine	cluster_17
SRR2973730	2015	Bovine	cluster_17
SRR2973738	2015	Bovine	cluster_17
SRR2973740	2015	Bovine	cluster_17
SRR3001173	2015	Bovine	cluster_17
SRR3001178	2015	Swine	cluster_9
SRR3033302	2015	Bovine	singleton_55
SRR3033347	2015	Bovine	cluster_17
SRR3062685	2015	Bovine	cluster_17
SRR3098265	2015	Bovine	cluster_17
SRR3148231	2015	Other	cluster_17
SRR3156390	2015	Bovine	cluster_17
SRR3199698	2016	Bovine	cluster_17
SRR3240213	2016	Bovine	cluster_17
SRR3240946	2016	Bovine	cluster_17
SRR3240956	2016	Bovine	cluster_17
SRR3241518	2016	Bovine	cluster_17
SRR3284590	2016	Bovine	cluster_17
SRR3306046	2016	Bovine	cluster_17
SRR3322977	2016	Bovine	cluster_17
SRR3322993	2016	Other	cluster_9
SRR3330893	2016	Bovine	cluster_17
SRR3392763	2016	Unspecified Animal	cluster_14
SRR3401743	2016	Bovine	cluster_17
SRR3402069	2016	Bovine	cluster_17
SRR3402102	2016	Bovine	cluster_17
SRR3402168	2016	Bovine	cluster_17
SRR3402174	2016	Bovine	cluster_17
SRR3476384	2016	Swine	cluster_9
SRR3488744	2016	Swine	cluster_17
SRR3489300	2016	Bovine	cluster_17
SRR3489322	2016	Bovine	cluster_17
SRR3555080	2016	Bovine	cluster_14
SRR3572963	Unknown	Human	cluster_17
SRR3611555	2016	Bovine	cluster_17
SRR3611556	2016	Bovine	cluster_17
SRR3666661	2016	Swine	cluster_9
SRR3666675	2016	Bovine	cluster_17
SRR3666676	2016	Bovine	cluster_17
SRR3667069	2016	Swine	cluster_9
SRR3710225	2016	Bovine	cluster_14
SRR3710267	2016	Bovine	singleton_2
SRR3726296	2016	Bovine	cluster_17
SRR3726302	2016	Swine	cluster_17
SRR3726445	2016	Swine	cluster_17
SRR3732287	2016	Human	cluster_14
SRR3924742	2016	Bovine	cluster_17
SRR3925037	2016	Bovine	cluster_17
SRR3953263	2016	Bovine	cluster_17
SRR3954040	2016	Bovine	cluster_17
SRR3954045	2016	Swine	cluster_9
SRR3981091	2016	Swine	cluster_9
SRR3981177	2016	Bovine	cluster_17
SRR3995462	2016	Bovine	cluster_17
SRR4044911	2016	Bovine	cluster_14
SRR4044960	2016	Bovine	cluster_17
SRR4045020	2016	Swine	cluster_9
SRR4045022	2016	Bovine	cluster_17
SRR4050190	2016	Bovine	cluster_14
SRR4065745	2016	Bovine	cluster_17
SRR4065917	2016	Bovine	cluster_17
SRR4106373	2016	Bovine	cluster_17
SRR4106374	2016	Bovine	cluster_17
SRR4113422	2016	Human	singleton_59
SRR4252407	2016	Bovine	cluster_5
SRR4281402	2016	Swine	cluster_9
SRR4288977	2016	Bovine	cluster_17
SRR4288984	2016	Bovine	singleton_46
SRR4414133	2014	Human	singleton_61
SRR4416005	2016	Human	cluster_14
SRR4417796	2016	Swine	cluster_9
SRR4417798	2016	Bovine	cluster_17
SRR4417802	2016	Bovine	cluster_17
SRR4418023	2016	Bovine	cluster_17
SRR4418024	2016	Bovine	cluster_17
SRR4418284	2016	Bovine	cluster_17
SRR4418288	2016	Bovine	cluster_17
SRR4419017	2016	Swine	cluster_9
SRR4434224	2016	Bovine	cluster_17
SRR4434226	2016	Bovine	cluster_17
SRR4434320	2016	Bovine	cluster_17
SRR4841798	2016	Swine	cluster_17
SRR4842232	2016	Bovine	cluster_5
SRR4842293	2016	Bovine	cluster_17
SRR4842304	2016	Bovine	cluster_14
SRR4947528	2016	Bovine	cluster_17
SRR5016926	2016	Human	cluster_14
SRR5019449	2016	Bovine	cluster_17
SRR5019847	2016	Bovine	cluster_17
SRR5044917	2016	Bovine	cluster_17
SRR5044959	2016	Swine	cluster_9
SRR5075653	2016	Bovine	cluster_14
SRR5081314	Unknown	Human	cluster_15
SRR5093740	2016	Bovine	cluster_14
SRR5110097	2016	Bovine	cluster_17
SRR5120857	2016	Bovine	cluster_16
SRR5120946	2016	Bovine	cluster_17
SRR5121469	2016	Bovine	cluster_17
SRR5121472	2016	Bovine	cluster_17
SRR5139822	2016	Bovine	cluster_17
SRR5139852	2016	Bovine	cluster_17
SRR5139860	2016	Bovine	cluster_17
SRR5139875	2016	Bovine	cluster_17
SRR5139996	2016	Bovine	cluster_17
SRR5140004	2016	Bovine	cluster_17
SRR5152057	2016	Human	cluster_14
SRR5152308	2016	Bovine	cluster_17
SRR5159827	2016	Human	cluster_14
SRR5173514	2016	Human	cluster_9
SRR5176584	2016	Bovine	cluster_17
SRR5195878	2016	Bovine	cluster_17
SRR5196059	2016	Bovine	cluster_17
SRR5202355	2016	Bovine	cluster_17
SRR5202358	2016	Bovine	cluster_17
SRR5202794	2016	Bovine	cluster_16
SRR5202796	2016	Swine	cluster_9
SRR5203873	2016	Bovine	cluster_17
SRR5221859	2016	Bovine	cluster_17
SRR5235527	2017	Bovine	cluster_17
SRR5235552	2017	Bovine	cluster_17
SRR5235554	2017	Swine	cluster_17
SRR5237754	2016	Bovine	cluster_17
SRR5253509	2016	Human	cluster_14
SRR5253522	2016	Human	cluster_14
SRR5271489	2017	Bovine	cluster_17
SRR5291651	2017	Human	cluster_14
SRR5297489	2017	Bovine	cluster_17
SRR5336194	2017	Human	cluster_14
SRR5346219	2017	Swine	cluster_9
SRR5346269	2017	Bovine	cluster_17
SRR5346360	2017	Bovine	cluster_17
SRR5346367	2017	Bovine	cluster_17
SRR5346416	2017	Bovine	cluster_17
SRR5364284	2017	Human	cluster_14
SRR5365061	2017	Bovine	cluster_17
SRR5365065	2017	Bovine	cluster_17
SRR5365198	2017	Bovine	cluster_17
SRR5365204	2017	Swine	cluster_9
SRR5366143	2017	Human	cluster_14
SRR5376203	2017	Swine	cluster_9
SRR5376211	2017	Bovine	cluster_17
SRR5399983	2017	Human	cluster_14
SRR5429779	2016	Human	cluster_14
SRR5441607	2017	Bovine	cluster_17
SRR5441610	2017	Bovine	cluster_17
SRR5441611	2017	Bovine	cluster_17
SRR5454409	2017	Swine	cluster_9
SRR5470936	2017	Swine	cluster_9
SRR5471241	2017	Bovine	cluster_17
SRR5480976	2017	Bovine	cluster_17
SRR5480983	2017	Bovine	cluster_17
SRR5486033	2017	Bovine	cluster_5
SRR5486992	2017	Bovine	cluster_14
SRR5499035	2017	Bovine	cluster_17
SRR5514378	2017	Bovine	cluster_17
SRR5514379	2017	Bovine	cluster_17
SRR5514400	2017	Bovine	cluster_17
SRR5514421	2017	Bovine	cluster_17
SRR5573841	2017	Human	cluster_14
SRR5584091	2017	Bovine	cluster_14
SRR5584487	2017	Bovine	cluster_17
SRR5588805	2017	Human	cluster_14
SRR5620286	2017	Bovine	cluster_17
SRR5620313	2017	Bovine	cluster_17
SRR5642173	2016	Human	cluster_14
SRR5643215	2017	Bovine	cluster_17
SRR5643223	2017	Bovine	cluster_16
SRR5646782	2017	Bovine	cluster_17
SRR5647058	2017	Bovine	cluster_17
SRR5659676	2017	Human	cluster_14
SRR5683423	2017	Bovine	cluster_17
SRR5683869	2017	Swine	cluster_9
SRR5683884	2017	Swine	cluster_9
SRR5683896	2017	Bovine	cluster_9
SRR5683903	2017	Bovine	cluster_17
SRR5714857	2017	Human	cluster_14
SRR5762368	2017	Swine	cluster_9
SRR5808871	2017	Bovine	cluster_17
SRR5815867	2017	Bovine	cluster_17
SRR5816116	2017	Bovine	cluster_12
SRR5819525	2017	Bovine	cluster_17
SRR5819695	2017	Bovine	cluster_17
SRR5823569	2017	Human	cluster_14
SRR5824269	2017	Bovine	cluster_14
SRR5825447	2017	Bovine	cluster_17
SRR5825470	2017	Bovine	cluster_17
SRR5825473	2017	Bovine	cluster_17
SRR5828275	2017	Bovine	cluster_13
SRR5838431	2017	Bovine	cluster_5
SRR5862996	2017	Bovine	cluster_17
SRR5865677	2017	Bovine	cluster_17
SRR5901886	2017	Bovine	cluster_16
SRR5902695	2017	Bovine	cluster_17
SRR5912892	2017	Bovine	cluster_14
SRR5930212	2017	Bovine	cluster_17
SRR5955196	2017	Bovine	cluster_17
SRR5955199	2017	Bovine	cluster_14
SRR5955338	2017	Bovine	cluster_14
SRR5955371	2017	Bovine	cluster_14
SRR5956147	2004	Human	cluster_14
SRR5956522	2017	Bovine	cluster_17
SRR5956531	2017	Bovine	cluster_14
SRR5980420	2017	Swine	cluster_9
SRR5982080	2017	Bovine	cluster_14
SRR5982095	2017	Bovine	cluster_16
SRR5982373	2017	Bovine	cluster_17
SRR5996324	2017	Bovine	cluster_5
SRR5996767	2017	Bovine	cluster_5
SRR6008884	2017	Bovine	cluster_17
SRR6008885	2017	Bovine	cluster_5
SRR6014158	2017	Human	cluster_14
SRR6029299	2017	Human	cluster_16
SRR6039027	2017	Human	cluster_17
SRR6039954	2017	Bovine	cluster_5
SRR6050788	2017	Human	cluster_4
SRR6051229	2017	Swine	cluster_9
SRR6051231	2017	Bovine	cluster_14
SRR6051633	2017	Bovine	cluster_17
SRR6053889	2017	Human	cluster_14
SRR6131642	2017	Swine	cluster_9
SRR6159405	2017	Bovine	cluster_17
SRR6203193	2003	Bovine	cluster_14
SRR6203380	2017	Human	cluster_14
SRR6218033	2017	Swine	cluster_9
SRR6231685	2017	Bovine	cluster_17
SRR6255031	2017	Bovine	cluster_16
SRR6255034	2017	Bovine	cluster_5
SRR6255052	2017	Swine	cluster_14
SRR6255090	2017	Bovine	singleton_36
SRR6265837	2017	Bovine	cluster_5
SRR6290064	2017	Human	cluster_14
SRR6309976	2017	Bovine	cluster_17
SRR6310416	2017	Human	cluster_14
SRR6310552	2017	Human	cluster_9
SRR6314845	2017	Bovine	cluster_14
SRR6326985	2017	Human	cluster_14
SRR6335612	2017	Bovine	cluster_17
SRR6336364	2017	Bovine	cluster_17
SRR6336373	2017	Bovine	cluster_17
SRR6336399	2017	Chicken	cluster_14
SRR6336401	2017	Bovine	cluster_17
SRR6337535	2017	Bovine	cluster_17
SRR6337563	2017	Bovine	cluster_17
SRR6337565	2017	Bovine	cluster_17
SRR6337585	2017	Bovine	cluster_17
SRR6354014	2017	Human	cluster_9
SRR6356161	2017	Bovine	cluster_17
SRR6366338	2017	Human	cluster_9
SRR6373816	2017	Bovine	cluster_17
SRR6374054	2017	Bovine	cluster_17
SRR6380497	2017	Bovine	cluster_17
SRR6380498	2017	Bovine	cluster_17
SRR6380499	2017	Bovine	cluster_17
SRR6380516	2017	Bovine	cluster_17
SRR6380519	2017	Bovine	cluster_17
SRR6396509	2017	Human	singleton_60
SRR6434263	2017	Human	cluster_14
SRR6440497	2017	Bovine	cluster_17
SRR6440506	2017	Bovine	cluster_17
SRR6440555	2017	Bovine	cluster_17
SRR6451430	2017	Bovine	cluster_17
SRR6451530	2017	Bovine	cluster_17
SRR6451640	2017	Human	cluster_15
SRR6459472	2017	Swine	cluster_9
SRR6468493	2017	Human	cluster_14
SRR6493451	2017	Bovine	cluster_17
SRR6493456	2017	Bovine	cluster_17
SRR6497921	2017	Bovine	cluster_17
SRR6504962	2017	Bovine	cluster_17
SRR6514567	2017	Human	cluster_17
SRR6659183	2017	Bovine	cluster_17
SRR6663364	2017	Human	cluster_14
SRR6668002	2018	Bovine	cluster_17
SRR6668006	2018	Bovine	cluster_17
SRR6671417	2018	Bovine	cluster_14
SRR6681097	2018	Bovine	cluster_14
SRR6682103	2018	Human	cluster_14
SRR6687362	2017	Human	cluster_15
SRR6703576	2018	Bovine	cluster_17
SRR6703579	2017	Bovine	cluster_17
SRR6703585	2018	Bovine	cluster_17
SRR6703590	2018	Swine	cluster_9
SRR6703591	2018	Bovine	cluster_17
SRR6710473	2017	Human	cluster_14
SRR6718390	2017	Human	cluster_14
SRR6729960	2017	Unspecified Animal	cluster_13
SRR6743291	2018	Bovine	cluster_17
SRR6764211	2018	Bovine	cluster_17
SRR6765277	2018	Bovine	cluster_17
SRR6765280	2018	Swine	cluster_9
SRR6765288	2018	Swine	cluster_14
SRR6792308	2018	Bovine	cluster_17
SRR6819391	2018	Swine	cluster_9
SRR6819584	2018	Bovine	cluster_17
SRR6819585	2018	Bovine	cluster_17
SRR6819588	2018	Bovine	cluster_17
SRR6819612	2018	Swine	cluster_9
SRR6819657	2018	Swine	cluster_14
SRR6821126	2018	Swine	cluster_14
SRR6826393	2017	Human	cluster_14
SRR6880935	2018	Human	cluster_14
SRR6904872	2018	Bovine	cluster_17
SRR6916711	2018	Bovine	cluster_17
SRR6933118	2018	Swine	cluster_14
SRR6940338	2018	Swine	cluster_9
SRR6940397	2018	Bovine	cluster_17
SRR6940398	2018	Bovine	cluster_17
SRR6956373	2018	Swine	cluster_17
SRR6959492	2018	Bovine	cluster_14
SRR6984737	2018	Bovine	cluster_16
SRR6998677	2018	Bovine	cluster_16
SRR7001382	2018	Chicken	cluster_9
SRR7002031	2018	Bovine	cluster_17
SRR7002032	2018	Bovine	cluster_17
SRR7002036	2018	Bovine	cluster_17
SRR7049721	2018	Human	cluster_15
SRR7049975	2018	Swine	cluster_9
SRR7049976	2018	Bovine	cluster_17
SRR7049996	2018	Bovine	singleton_40
SRR7051511	2018	Bovine	cluster_17
SRR7051534	2018	Swine	cluster_9
SRR7051535	2018	Bovine	cluster_17
SRR7063163	2018	Bovine	cluster_17
SRR7075009	2018	Chicken	cluster_14
SRR7084500	2018	Bovine	cluster_17
SRR7138731	2018	Swine	cluster_14
SRR7138732	2018	Bovine	cluster_17
SRR7138740	2018	Bovine	cluster_17
SRR7140349	2017	Human	singleton_56
SRR7140595	2018	Bovine	cluster_17
SRR7155452	2018	Bovine	cluster_14
SRR7170531	2018	Human	cluster_14
SRR7173080	2018	Bovine	cluster_5
SRR7173082	2018	Swine	cluster_9
SRR7173253	2018	Bovine	cluster_17
SRR7173256	2018	Bovine	cluster_17
SRR7221507	2018	Bovine	cluster_17
SRR7228876	2018	Bovine	cluster_17
SRR7228884	2018	Bovine	cluster_17
SRR7228885	2018	Bovine	cluster_17
SRR7248303	2018	Bovine	cluster_17
SRR7263162	2018	Human	cluster_14
SRR7267899	2018	Bovine	cluster_17
SRR7284402	2018	Bovine	cluster_17
SRR7284551	2018	Bovine	cluster_17
SRR7346586	2018	Human	cluster_14
SRR7348653	2018	Bovine	singleton_17
SRR7406088	2018	Bovine	cluster_17
SRR7414494	2018	Human	cluster_14
SRR7429481	2018	Human	cluster_14
SRR7439328	2018	Bovine	cluster_17
SRR7439336	2018	Bovine	cluster_17
SRR7439338	2018	Bovine	cluster_17
SRR7439339	2018	Bovine	cluster_17
SRR7442193	2018	Human	cluster_14
SRR7465581	2018	Bovine	cluster_14
SRR7494588	2018	Bovine	cluster_17
SRR7495354	2018	Bovine	cluster_17
SRR7495360	2018	Bovine	cluster_17
SRR7501025	2018	Swine	cluster_14
SRR7514452	2018	Human	cluster_14
SRR7516164	2018	Bovine	cluster_16
SRR7521477	2018	Bovine	cluster_5
SRR7527896	2018	Bovine	cluster_17
SRR7543076	2018	Bovine	cluster_17
SRR7543366	2018	Bovine	cluster_17
SRR7551567	2018	Human	cluster_14
SRR7601505	2018	Human	cluster_4
SRR7615134	2018	Bovine	cluster_17
SRR7615165	2018	Bovine	cluster_17
SRR7642657	2018	Bovine	cluster_17
SRR7642834	2018	Bovine	cluster_17
SRR7657549	2018	Bovine	cluster_17
SRR7657596	2018	Bovine	cluster_17
SRR7664414	2018	Human	cluster_17
SRR7665484	2018	Bovine	cluster_17
SRR7665485	2018	Bovine	cluster_17
SRR7665486	2018	Bovine	cluster_17
SRR7693523	2018	Bovine	cluster_9
SRR7721316	2018	Bovine	cluster_17
SRR7721639	2018	Bovine	cluster_17
SRR7724201	2018	Bovine	cluster_14
SRR7724222	2018	Bovine	cluster_17
SRR7724223	2018	Bovine	cluster_14
SRR7724376	2018	Bovine	cluster_17
SRR7734592	2018	Human	cluster_14
SRR7754609	2018	Bovine	cluster_17
SRR7754615	2018	Bovine	cluster_17
SRR7754619	2018	Bovine	cluster_17
SRR7785138	2018	Bovine	cluster_17
SRR7786063	2018	Swine	cluster_9
SRR7789467	2018	Swine	cluster_17
SRR7810058	2018	Swine	cluster_9
SRR7823315	2018	Bovine	cluster_16
SRR7830564	Unknown	Human	cluster_14
SRR7836313	2018	Bovine	cluster_17
SRR7838537	2018	Bovine	cluster_17
SRR7865597	2018	Human	cluster_9
SRR7866009	2018	Bovine	cluster_14
SRR7874500	2018	Human	cluster_14
SRR7876395	2018	Human	cluster_9
SRR7879681	2018	Chicken	cluster_9
SRR7909680	2018	Human	cluster_2
SRR7940739	2018	Bovine	cluster_17
SRR7942465	2018	Human	cluster_14
SRR7942476	2018	Human	cluster_2
SRR7952617	2018	Bovine	cluster_16
SRR7958722	2018	Human	cluster_14
SRR8030888	2018	Swine	cluster_9
SRR8030892	2018	Bovine	cluster_17
SRR8058168	2018	Human	cluster_14
SRR8058184	2018	Human	cluster_9
SRR8081115	2018	Bovine	cluster_17
SRR8081123	2018	Bovine	cluster_17
SRR8098475	2018	Bovine	cluster_17
SRR8098479	2018	Bovine	cluster_17
SRR8098600	2018	Bovine	cluster_16
SRR8110739	2018	Bovine	cluster_14
SRR8146898	2018	Bovine	cluster_16
SRR8157507	2018	Bovine	cluster_16
SRR8170341	2018	Bovine	cluster_17
SRR8170371	2018	Swine	cluster_9
SRR8176002	2018	Human	cluster_9
SRR8218164	2018	Bovine	cluster_16
SRR8233989	2018	Swine	cluster_9
SRR8235377	2018	Human	cluster_2
SRR8235558	2018	Human	cluster_14
SRR8236510	2018	Bovine	cluster_17
SRR8248755	2018	Bovine	cluster_17
SRR8263136	2018	Bovine	cluster_17
SRR8263742	2018	Bovine	cluster_17
SRR8263926	2018	Bovine	cluster_17
SRR8299161	2018	Human	cluster_14
SRR8310808	2018	Bovine	cluster_14
SRR8364693	2018	Swine	cluster_9
SRR8364847	2018	Bovine	cluster_17
SRR8389181	2018	Human	cluster_14
SRR8397800	2018	Bovine	cluster_14
SRR8397931	2018	Bovine	cluster_14
SRR8422095	2018	Bovine	cluster_17
SRR8430263	2018	Swine	cluster_9
SRR8430274	2018	Bovine	cluster_5
SRR8436134	2018	Swine	cluster_9
SRR8440034	2018	Human	cluster_14
SRR8469245	2018	Human	cluster_14
SRR8478369	2018	Human	cluster_14
SRR8494869	2018	Other	cluster_14
SRR8495304	2019	Swine	cluster_14
SRR8511187	2018	Human	cluster_9
SRR8522976	2018	Bovine	cluster_14
SRR8549409	2019	Human	cluster_16
SRR8568093	2019	Human	cluster_14
SRR8582794	2019	Human	cluster_9
SRR8592584	2019	Bovine	cluster_14
SRR8593438	2019	Bovine	cluster_17
SRR8606522	2019	Bovine	cluster_17
SRR8618331	2019	Bovine	cluster_5
SRR8650099	2019	Bovine	cluster_17
SRR8723069	2019	Bovine	cluster_17
SRR8723082	2019	Bovine	cluster_17
SRR8723094	2019	Bovine	cluster_14
SRR8723096	2019	Bovine	cluster_17
SRR8723115	2019	Bovine	cluster_17
SRR8731593	2019	Bovine	cluster_17
SRR8734867	2019	Swine	cluster_9
SRR8752180	2019	Bovine	cluster_3
SRR8760731	2019	Human	cluster_2
SRR8767164	2019	Bovine	cluster_17
SRR8767172	2019	Bovine	cluster_17
SRR8767318	2019	Bovine	cluster_17
SRR8767321	2019	Bovine	cluster_17
SRR8795509	2019	Bovine	cluster_3
SRR8795514	2019	Bovine	cluster_14
SRR8795518	2019	Chicken	cluster_17
SRR8832643	2019	Bovine	cluster_17
SRR8839831	2019	Bovine	cluster_17
SRR8839839	2019	Bovine	cluster_17
SRR8839845	2019	Bovine	singleton_4
SRR8867616	2019	Bovine	cluster_17
SRR8871996	2019	Human	cluster_9
SRR8896900	2019	Human	cluster_14
SRR8899733	2018	Human	cluster_9
SRR8899761	2019	Human	cluster_14
SRR8922899	2019	Human	cluster_9
SRR8926620	2019	Human	cluster_14
SRR8926841	2019	Bovine	cluster_17
SRR8933075	2019	Swine	cluster_14
SRR8942679	2019	Bovine	cluster_5
SRR8950559	2019	Bovine	cluster_17
SRR8985822	2019	Human	cluster_14
SRR8991651	2019	Swine	cluster_9
SRR8996062	2019	Bovine	cluster_17
SRR8996063	2019	Bovine	cluster_17
SRR8996130	2019	Bovine	cluster_17
SRR8997333	2018	Human	cluster_14
SRR9000514	2019	Bovine	cluster_17
SRR9000518	2019	Bovine	cluster_17
SRR9001368	2019	Bovine	cluster_17
SRR9028859	2019	Human	cluster_14
SRR9045626	2019	Bovine	cluster_14
SRR9048675	2019	Swine	cluster_9
SRR9050647	2019	Bovine	cluster_17
SRR9060693	2019	Human	cluster_2
SRR9105530	2019	Bovine	cluster_14
SRR9105591	2019	Bovine	cluster_17
SRR9105599	2019	Bovine	cluster_17
SRR9117942	2019	Bovine	cluster_16
SRR9127640	2019	Bovine	cluster_5
SRR9134240	2019	Swine	cluster_9
SRR9139725	2019	Swine	cluster_14
SRR9139745	2019	Bovine	cluster_17
SRR9139748	2019	Bovine	cluster_17
SRR9139749	2019	Bovine	cluster_17
SRR9139750	2019	Bovine	cluster_17
SRR9201983	2019	Bovine	cluster_17
SRR9201991	2019	Bovine	cluster_17
SRR9207102	2019	Bovine	cluster_17
SRR9207113	2019	Bovine	cluster_17
SRR9207121	2019	Bovine	cluster_17
SRR9207130	2019	Bovine	cluster_17
SRR9207147	2019	Bovine	cluster_17
SRR9211775	2019	Bovine	cluster_17
SRR9289326	2019	Bovine	cluster_17
SRR9295946	2019	Swine	cluster_9
SRR9295953	2019	Bovine	cluster_17
SRR9334971	2019	Human	cluster_9
SRR9603450	2019	Bovine	cluster_5
SRR9642735	2019	Bovine	cluster_17
SRR9643029	2019	Swine	cluster_9
SRR9643377	2019	Swine	cluster_14
SRR9643395	2019	Bovine	cluster_17
SRR9648234	2019	Bovine	cluster_14
SRR9648261	2019	Bovine	cluster_14
SRR9689836	2019	Unspecified Animal	cluster_17
SRR9689854	2019	Bovine	cluster_17
SRR9699298	2019	Bovine	cluster_17
SRR9699618	2019	Swine	cluster_9
SRR9717181	2019	Bovine	cluster_14
SRR9732256	2019	Bovine	cluster_16
SRR9822758	2019	Bovine	cluster_5
SRR9827627	2019	Bovine	cluster_17
SRR9829511	2019	Bovine	cluster_14
SRR9829522	2019	Bovine	cluster_17
SRR9829534	2019	Bovine	cluster_17
SRR9829626	2019	Bovine	cluster_17
SRR9829627	2019	Bovine	cluster_17
SRR9829629	2019	Bovine	cluster_17
SRR9829634	2019	Bovine	cluster_17
SRR9855583	2019	Bovine	cluster_17
SRR9855640	2019	Bovine	cluster_13
SRR9875338	2019	Bovine	cluster_17
SRR9886636	2019	Human	cluster_9
SRR9938011	2019	Human	cluster_14
SRR9943018	2019	Bovine	cluster_14
SRR9952492	2019	Human	cluster_14
