ID	Year	Source	MST-57
SRR10010456	2019	Human	cluster_3
SRR10010914	2019	Human	cluster_3
SRR10012585	Unknown	Unspecified Animal	cluster_16
SRR10013146	2019	Human	cluster_13
SRR10015236	2019	Human	cluster_23
SRR10036495	2019	Human	cluster_42
SRR10038015	2019	Swine	cluster_41
SRR10045183	2019	Swine	cluster_42
SRR10079526	2019	Human	cluster_23
SRR10079533	2019	Human	cluster_23
SRR10082249	2019	Turkey	cluster_12
SRR10084945	2019	Human	cluster_42
SRR10096413	2019	Human	cluster_34
SRR10097579	2019	Human	cluster_42
SRR10119685	2019	Human	cluster_42
SRR10123452	2019	Swine	cluster_42
SRR10137398	2019	Human	cluster_3
SRR10154429	2019	Human	cluster_42
SRR10156813	2019	Human	cluster_42
SRR10164568	2019	Swine	cluster_34
SRR10165155	2019	Swine	cluster_34
SRR10165172	2019	Swine	cluster_42
SRR10165187	2019	Swine	cluster_42
SRR10165190	2019	Swine	cluster_34
SRR10166230	2019	Swine	cluster_16
SRR10173304	2019	Human	cluster_42
SRR10175712	2019	Human	cluster_42
SRR10176056	2019	Human	cluster_30
SRR10190803	2019	Human	cluster_42
SRR10202655	2019	Human	cluster_39
SRR10203778	2019	Swine	cluster_42
SRR10207187	2019	Human	cluster_39
SRR10215596	2019	Human	cluster_42
SRR10222644	2019	Swine	cluster_41
SRR10245405	2019	Human	cluster_42
SRR10250682	2019	Human	cluster_24
SRR10276549	2019	Human	cluster_42
SRR10286861	2019	Human	cluster_42
SRR10317133	2019	Swine	cluster_42
SRR10319751	2019	Swine	cluster_42
SRR10321181	2019	Human	cluster_39
SRR10325402	2019	Human	singleton_52
SRR10336405	2019	Human	cluster_24
SRR10340461	2019	Human	cluster_23
SRR10341215	2019	Swine	cluster_34
SRR10342337	2019	Human	cluster_24
SRR10343018	2019	Swine	cluster_42
SRR10343286	2019	Swine	cluster_34
SRR10360917	2019	Swine	cluster_42
SRR10363867	2019	Swine	cluster_34
SRR10363938	2019	Swine	cluster_34
SRR10395213	Unknown	Unspecified Animal	cluster_42
SRR10397774	2019	Swine	cluster_34
SRR10397795	2019	Human	cluster_27
SRR10419416	2019	Human	cluster_42
SRR10444502	2019	Human	cluster_34
SRR10447362	2019	Swine	cluster_34
SRR10451668	2019	Human	cluster_27
SRR10467375	2019	Swine	cluster_21
SRR10480658	2019	Bovine	cluster_34
SRR10480680	2019	Swine	singleton_18
SRR10490426	2019	Human	cluster_34
SRR10491520	2019	Human	cluster_42
SRR10502103	2019	Human	cluster_34
SRR10503753	2019	Swine	cluster_34
SRR10513386	2019	Human	cluster_26
SRR10517469	2019	Swine	cluster_21
SRR10532670	2019	Human	cluster_42
SRR10571591	2019	Human	cluster_12
SRR10574376	2019	Swine	cluster_42
SRR10574687	2019	Swine	cluster_42
SRR10574800	2019	Swine	cluster_34
SRR10574869	2019	Swine	cluster_42
SRR10578247	2019	Human	cluster_34
SRR10579166	Unknown	Unspecified Animal	cluster_34
SRR10582230	2019	Swine	cluster_42
SRR10582775	2019	Swine	cluster_34
SRR10595335	2019	Human	cluster_42
SRR10611990	2019	Swine	cluster_34
SRR10612013	2019	Swine	cluster_34
SRR10612171	2019	Swine	cluster_26
SRR10614291	2019	Swine	cluster_42
SRR10615221	2019	Swine	cluster_34
SRR10615496	2019	Human	cluster_34
SRR10619395	2019	Human	cluster_42
SRR10669576	2019	Swine	cluster_42
SRR10669616	2019	Swine	cluster_42
SRR10673627	2019	Swine	cluster_42
SRR10673629	2019	Swine	cluster_34
SRR10691585	2019	Bovine	cluster_34
SRR10691687	2019	Swine	cluster_34
SRR10691694	2019	Swine	cluster_42
SRR10708496	2019	Swine	cluster_34
SRR10725816	2019	Swine	singleton_14
SRR10740622	2019	Swine	cluster_41
SRR10746162	2019	Human	cluster_42
SRR10747358	2019	Human	cluster_42
SRR10763749	2019	Human	cluster_42
SRR10804927	2019	Swine	cluster_34
SRR10806297	2019	Human	cluster_42
SRR10815553	2019	Swine	cluster_42
SRR10815571	2019	Swine	cluster_34
SRR10815579	2019	Swine	cluster_34
SRR10815623	2019	Swine	cluster_42
SRR10821218	2019	Swine	cluster_24
SRR10821219	2019	Swine	cluster_34
SRR10873164	2019	Swine	cluster_34
SRR10879505	2019	Swine	cluster_34
SRR10879508	2019	Swine	cluster_34
SRR10901343	2019	Swine	cluster_34
SRR10918478	2019	Human	cluster_42
SRR10920709	2020	Swine	cluster_42
SRR10920718	2020	Swine	cluster_42
SRR10965863	2020	Bovine	cluster_42
SRR10965887	2020	Swine	cluster_42
SRR10971424	2019	Human	cluster_35
SRR10972453	2020	Swine	cluster_42
SRR10972463	2020	Swine	cluster_42
SRR10987431	2020	Swine	cluster_42
SRR10997025	2020	Swine	cluster_42
SRR10997218	2019	Human	cluster_12
SRR10997536	2020	Bovine	cluster_42
SRR11003703	2020	Swine	cluster_42
SRR11003992	2020	Swine	cluster_33
SRR11008701	2020	Swine	cluster_34
SRR11008945	2020	Swine	cluster_34
SRR11015352	2020	Swine	cluster_42
SRR11015355	2020	Swine	cluster_15
SRR11015375	2020	Swine	cluster_34
SRR11027319	2020	Human	cluster_42
SRR11032651	2019	Human	cluster_42
SRR11034969	2020	Swine	cluster_42
SRR11034977	2020	Swine	cluster_42
SRR11035093	2020	Swine	cluster_42
SRR11048514	2020	Swine	cluster_42
SRR11057121	2020	Swine	cluster_42
SRR11058545	2020	Swine	cluster_42
SRR11059529	2020	Swine	cluster_26
SRR11077525	2019	Human	cluster_42
SRR11080934	2020	Swine	singleton_5
SRR11085326	2020	Swine	cluster_42
SRR11085334	2020	Swine	cluster_40
SRR11096360	2020	Swine	cluster_34
SRR11102099	2020	Swine	cluster_42
SRR11119516	2020	Human	cluster_42
SRR11131044	2020	Human	cluster_42
SRR11176414	2020	Swine	cluster_42
SRR11186722	2020	Swine	cluster_42
SRR11193979	2020	Human	cluster_34
SRR11201433	2020	Human	cluster_42
SRR11210250	2020	Swine	cluster_42
SRR11215032	2020	Human	cluster_27
SRR11237644	2020	Swine	cluster_42
SRR11245300	2020	Human	cluster_38
SRR11278024	2020	Swine	cluster_34
SRR11283958	2020	Swine	cluster_34
SRR11290233	2020	Human	cluster_25
SRR11290943	2020	Human	cluster_42
SRR11304621	2020	Human	cluster_39
SRR11317775	2020	Swine	cluster_34
SRR11340666	2019	Human	cluster_35
SRR11351510	2020	Human	cluster_42
SRR11351570	2020	Human	cluster_24
SRR11351580	2020	Human	cluster_39
SRR11357322	2020	Swine	cluster_42
SRR11394149	2020	Human	cluster_38
SRR11394680	2020	Swine	cluster_42
SRR11396137	2020	Swine	cluster_34
SRR11405352	2020	Human	cluster_19
SRR11426829	2020	Swine	cluster_24
SRR11430495	2020	Swine	cluster_34
SRR11488791	2020	Swine	cluster_42
SRR11488897	2020	Swine	cluster_42
SRR11488963	2020	Swine	cluster_34
SRR11490538	2020	Human	cluster_42
SRR11521898	2020	Swine	cluster_42
SRR11544438	2020	Swine	cluster_42
SRR11544516	2020	Swine	cluster_42
SRR11584900	2020	Swine	cluster_34
SRR11615687	2020	Human	cluster_42
SRR11712050	2020	Human	cluster_42
SRR11714369	2020	Swine	cluster_34
SRR11748667	2020	Bovine	cluster_42
SRR11772898	2020	Swine	cluster_42
SRR11772900	2020	Swine	cluster_34
SRR11799636	2020	Swine	cluster_34
SRR11824637	2020	Human	cluster_42
SRR11833368	2020	Swine	cluster_34
SRR11833369	2020	Swine	cluster_42
SRR11833403	2020	Swine	cluster_42
SRR11905198	2020	Swine	cluster_24
SRR11955224	2020	Unspecified Animal	cluster_34
SRR11973724	2019	Human	cluster_34
SRR11991141	2020	Swine	cluster_35
SRR11991144	2020	Swine	cluster_34
SRR12004711	2020	Swine	cluster_34
SRR12005208	2020	Human	cluster_42
SRR12017267	2020	Human	cluster_42
SRR12017804	2020	Human	cluster_42
SRR12071726	2020	Swine	cluster_42
SRR12072118	2020	Bovine	cluster_42
SRR12092024	2020	Human	cluster_42
SRR12097287	2020	Swine	cluster_41
SRR12137010	2020	Swine	cluster_42
SRR12170087	2020	Swine	cluster_24
SRR12179603	2020	Swine	cluster_34
SRR12188912	2020	Swine	cluster_34
SRR12212537	2020	Swine	cluster_42
SRR12212551	2020	Swine	cluster_26
SRR12217709	2020	Swine	cluster_42
SRR12261689	2020	Human	cluster_42
SRR12273003	2020	Swine	cluster_42
SRR12277380	2020	Human	cluster_42
SRR12319456	2020	Swine	cluster_34
SRR12347130	2020	Bovine	cluster_42
SRR12362653	2020	Swine	cluster_42
SRR12362687	2020	Swine	cluster_34
SRR12362691	2020	Swine	cluster_42
SRR12362693	2020	Bovine	cluster_42
SRR12362739	2020	Swine	cluster_42
SRR12365736	2020	Swine	cluster_34
SRR12377362	2020	Swine	cluster_34
SRR12396053	2020	Human	cluster_9
SRR12403586	2020	Swine	cluster_24
SRR12422331	2020	Human	cluster_42
SRR12424659	2020	Swine	cluster_42
SRR12424677	2020	Swine	cluster_42
SRR12436682	2020	Human	cluster_34
SRR12449709	2020	Swine	cluster_42
SRR12453892	2020	Human	cluster_42
SRR12454588	2020	Human	cluster_40
SRR12455304	2020	Human	cluster_30
SRR12455723	2020	Swine	cluster_34
SRR12475923	2020	Swine	cluster_34
SRR12486086	2020	Swine	cluster_42
SRR12487494	2020	Sheep/Goat	cluster_34
SRR12492885	2020	Swine	cluster_42
SRR12507859	2020	Human	cluster_27
SRR12532317	2020	Human	cluster_42
SRR12536383	2020	Swine	cluster_26
SRR12545591	2020	Swine	cluster_42
SRR12545592	2020	Swine	cluster_42
SRR12551011	2020	Swine	cluster_34
SRR12552579	2020	Swine	cluster_42
SRR12595442	2020	Swine	cluster_42
SRR12599227	2020	Swine	cluster_42
SRR12617085	2020	Human	cluster_42
SRR12626336	2020	Swine	cluster_41
SRR12628461	2020	Swine	cluster_34
SRR12637758	2020	Swine	cluster_34
SRR12646287	2020	Swine	cluster_42
SRR12646306	2020	Swine	cluster_34
SRR12646513	2020	Swine	cluster_33
SRR12660984	2020	Bovine	cluster_42
SRR12669970	2020	Swine	cluster_42
SRR12699643	2020	Swine	cluster_34
SRR12708914	2020	Swine	cluster_24
SRR12708979	2020	Swine	cluster_42
SRR12713698	2020	Sheep/Goat	cluster_34
SRR12713714	2020	Swine	cluster_34
SRR12713721	2020	Swine	cluster_24
SRR12729673	2020	Swine	cluster_42
SRR12734395	2020	Bovine	cluster_42
SRR12739095	2020	Human	cluster_42
SRR12740629	2020	Swine	cluster_42
SRR12749489	2020	Swine	cluster_42
SRR12774434	2020	Human	cluster_42
SRR12793695	2018	Human	cluster_40
SRR12796023	2020	Human	cluster_34
SRR12817647	2020	Swine	cluster_11
SRR12817650	2020	Swine	cluster_34
SRR12817811	2020	Swine	cluster_42
SRR12827287	2020	Human	cluster_35
SRR12828259	2020	Swine	cluster_42
SRR12859931	2020	Swine	cluster_41
SRR12880312	2020	Human	cluster_42
SRR12884509	2020	Swine	cluster_21
SRR12887492	2020	Swine	cluster_42
SRR12887521	2020	Swine	cluster_21
SRR12938598	2020	Swine	cluster_34
SRR12939098	2020	Swine	cluster_42
SRR12949797	2020	Swine	cluster_42
SRR12949798	2020	Swine	cluster_35
SRR12971481	2020	Swine	cluster_42
SRR12971485	2020	Swine	cluster_34
SRR12973952	2020	Swine	cluster_34
SRR12974218	2020	Swine	cluster_42
SRR12974219	2020	Swine	cluster_24
SRR12976633	2020	Swine	cluster_19
SRR12982617	2020	Swine	cluster_34
SRR12991939	2020	Swine	cluster_42
SRR13001272	2020	Human	cluster_34
SRR13001381	2020	Human	cluster_34
SRR13020515	2020	Swine	cluster_34
SRR13067467	2020	Swine	cluster_42
SRR13079644	2020	Swine	cluster_34
SRR13126820	2020	Swine	cluster_42
SRR13147354	2020	Human	cluster_26
SRR13166837	2020	Swine	cluster_42
SRR13187400	2020	Swine	cluster_42
SRR13187424	2020	Swine	cluster_37
SRR13193884	2020	Swine	cluster_34
SRR13193894	2020	Swine	cluster_42
SRR13207819	2020	Human	cluster_42
SRR13214898	2020	Human	cluster_34
SRR13221844	2020	Swine	cluster_42
SRR13221868	2020	Swine	cluster_42
SRR13234053	2020	Human	cluster_24
SRR13244850	2020	Swine	cluster_19
SRR13244860	2020	Swine	cluster_42
SRR13244888	2020	Swine	cluster_34
SRR13245133	2020	Swine	cluster_24
SRR13245163	2020	Swine	cluster_34
SRR13245230	2020	Swine	cluster_34
SRR13252689	2020	Human	cluster_9
SRR13255987	2020	Human	cluster_42
SRR13261191	2020	Human	cluster_41
SRR13271350	2020	Swine	cluster_42
SRR13277872	2020	Swine	cluster_42
SRR13295302	2020	Swine	cluster_34
SRR13295303	2020	Swine	cluster_34
SRR13295432	2020	Swine	cluster_42
SRR13295481	2020	Swine	cluster_42
SRR13321674	2020	Swine	cluster_42
SRR13333430	2020	Human	cluster_35
SRR13336678	2020	Human	singleton_43
SRR13340845	2020	Swine	cluster_24
SRR13350012	2020	Swine	cluster_42
SRR13377898	2020	Human	cluster_42
SRR13389421	2020	Swine	cluster_24
SRR13403351	2020	Swine	cluster_34
SRR13403386	2020	Swine	cluster_42
SRR13405898	2020	Swine	cluster_42
SRR13429662	2020	Human	cluster_34
SRR13444563	2020	Swine	cluster_42
SRR13444596	2020	Swine	cluster_24
SRR13481675	2020	Swine	cluster_42
SRR13508649	2020	Swine	cluster_42
SRR13509325	2021	Human	cluster_34
SRR13510868	2021	Swine	cluster_42
SRR13510872	2021	Swine	cluster_42
SRR13521835	2021	Swine	cluster_42
SRR13530942	2020	Swine	cluster_42
SRR13530945	2020	Turkey	cluster_42
SRR13566025	2021	Swine	cluster_24
SRR13566026	2021	Swine	cluster_42
SRR13577416	2021	Human	singleton_36
SRR13592142	2021	Swine	cluster_42
SRR13593771	2021	Swine	cluster_34
SRR13605928	2020	Swine	cluster_34
SRR13610053	2021	Human	cluster_35
SRR13643074	2021	Swine	cluster_34
SRR13643135	2021	Swine	cluster_42
SRR13643174	2021	Swine	cluster_42
SRR13643465	2019	Swine	cluster_42
SRR13649668	2021	Swine	cluster_42
SRR13649960	2021	Swine	cluster_24
SRR13697444	2021	Swine	cluster_24
SRR13698624	2021	Swine	cluster_24
SRR13698643	2021	Swine	cluster_34
SRR13698651	2021	Swine	cluster_42
SRR13700585	2021	Swine	cluster_34
SRR13700586	2021	Swine	cluster_34
SRR13717512	2021	Swine	cluster_42
SRR13717516	2021	Swine	cluster_42
SRR13725511	2021	Swine	cluster_42
SRR13725534	2021	Swine	cluster_24
SRR13747357	2021	Swine	cluster_42
SRR13764404	2021	Human	cluster_39
SRR13764413	2021	Swine	cluster_42
SRR13764604	2021	Swine	cluster_20
SRR13779567	2021	Swine	cluster_42
SRR13784868	2021	Bovine	cluster_42
SRR13797390	2021	Swine	cluster_34
SRR13810159	2021	Swine	cluster_24
SRR13810168	2021	Swine	cluster_42
SRR13820481	2021	Swine	cluster_40
SRR13834030	2021	Swine	cluster_42
SRR13858316	2020	Sheep/Goat	cluster_34
SRR13858522	2020	Sheep/Goat	cluster_34
SRR13858832	2020	Swine	cluster_34
SRR13858928	2021	Swine	cluster_42
SRR13859778	2021	Swine	singleton_30
SRR13867547	2021	Swine	cluster_42
SRR13913060	2021	Swine	cluster_42
SRR13926750	2021	Swine	cluster_42
SRR13926763	2021	Swine	singleton_26
SRR13927106	2021	Swine	cluster_24
SRR13927107	2021	Swine	cluster_34
SRR13927427	2021	Swine	cluster_34
SRR13927652	2021	Human	cluster_42
SRR13943439	2021	Swine	cluster_42
SRR13943462	2021	Swine	cluster_24
SRR13943515	2021	Swine	cluster_24
SRR13952649	2021	Swine	cluster_42
SRR13995351	2021	Human	cluster_22
SRR13998297	2021	Swine	cluster_41
SRR14029649	2021	Swine	cluster_34
SRR14029790	2021	Swine	cluster_42
SRR14029847	2021	Human	cluster_27
SRR14052145	2021	Swine	cluster_34
SRR14053660	2021	Sheep/Goat	cluster_42
SRR14054908	2020	Human	cluster_42
SRR14055061	2021	Swine	cluster_42
SRR14073858	2021	Swine	cluster_34
SRR14084277	2021	Swine	cluster_24
SRR14097432	2021	Swine	cluster_42
SRR14097613	2021	Swine	cluster_42
SRR14097630	2021	Swine	cluster_42
SRR14145888	2021	Swine	cluster_42
SRR14197074	2020	Human	cluster_24
SRR14207926	2021	Swine	cluster_42
SRR14238918	2021	Human	cluster_42
SRR14240518	2021	Human	cluster_43
SRR14267619	2021	Swine	cluster_24
SRR14306306	2021	Swine	cluster_24
SRR14306313	2021	Swine	cluster_42
SRR14312184	2021	Human	singleton_39
SRR14313081	2021	Human	cluster_43
SRR14359442	2021	Human	cluster_42
SRR14370501	2021	Swine	cluster_34
SRR14372009	2021	Human	cluster_42
SRR14407148	2021	Human	cluster_35
SRR14407187	2021	Human	cluster_35
SRR14481130	2021	Swine	cluster_34
SRR14518319	2021	Swine	cluster_42
SRR14546511	2021	Swine	cluster_42
SRR14554584	2021	Swine	cluster_34
SRR14555443	2021	Swine	cluster_34
SRR14555455	2021	Swine	cluster_40
SRR14565857	2021	Swine	cluster_42
SRR14571847	2021	Human	cluster_42
SRR14591233	2021	Swine	cluster_42
SRR14595553	2021	Swine	cluster_42
SRR14596541	2021	Swine	cluster_26
SRR14613684	2021	Swine	cluster_42
SRR14619845	2021	Swine	cluster_42
SRR14631514	2021	Swine	cluster_42
SRR14721910	2021	Swine	cluster_42
SRR14727715	2021	Swine	cluster_24
SRR14739040	2021	Swine	cluster_34
SRR14739234	2021	Swine	cluster_19
SRR14770264	2021	Human	cluster_42
SRR14791730	2021	Swine	cluster_24
SRR14792891	2021	Swine	cluster_24
SRR14792898	2021	Swine	cluster_24
SRR14793005	2021	Swine	cluster_42
SRR14807097	2021	Swine	cluster_42
SRR14810344	2021	Human	cluster_42
SRR14823776	2021	Swine	cluster_34
SRR14854981	2021	Swine	cluster_34
SRR14857157	2021	Swine	cluster_42
SRR14871483	2021	Swine	cluster_24
SRR14871862	2021	Swine	cluster_42
SRR14873570	2021	Human	cluster_42
SRR14883475	2021	Human	singleton_22
SRR14889832	2021	Swine	cluster_42
SRR14923530	2021	Swine	cluster_42
SRR14949213	2021	Swine	cluster_35
SRR14952064	2021	Human	cluster_38
SRR15055718	2021	Human	singleton_9
SRR15064704	2021	Swine	cluster_42
SRR15090136	2021	Swine	cluster_42
SRR15108195	2021	Swine	cluster_24
SRR15111417	2021	Swine	cluster_42
SRR15138194	2021	Swine	cluster_42
SRR15139297	2021	Swine	cluster_42
SRR15178504	2021	Swine	cluster_34
SRR15184084	2021	Swine	cluster_34
SRR15184091	2021	Swine	cluster_34
SRR15184100	2021	Swine	cluster_24
SRR15192322	2021	Swine	cluster_24
SRR15216604	2021	Swine	cluster_42
SRR15216821	2021	Swine	cluster_42
SRR15217873	2021	Human	cluster_24
SRR15248572	2021	Swine	cluster_42
SRR15249207	2021	Swine	cluster_42
SRR15249540	2021	Human	cluster_34
SRR15288863	2021	Swine	cluster_34
SRR15295132	2021	Human	cluster_42
SRR15300624	2021	Human	cluster_34
SRR15301094	2021	Swine	cluster_42
SRR15321235	2021	Swine	cluster_42
SRR15323843	2021	Swine	cluster_42
SRR15323863	2021	Swine	cluster_42
SRR15323976	2021	Swine	cluster_42
SRR15324351	2021	Human	cluster_40
SRR15339680	2021	Swine	cluster_42
SRR15340147	2021	Swine	cluster_42
SRR15355573	2021	Human	cluster_42
SRR15357563	2021	Swine	cluster_19
SRR15358540	2021	Human	cluster_42
SRR15361563	2021	Human	cluster_42
SRR15403260	2021	Human	singleton_11
SRR15494492	2021	Swine	cluster_42
SRR15494834	2021	Human	cluster_42
SRR15526912	2021	Bovine	cluster_18
SRR15528032	2021	Human	cluster_40
SRR15566036	2021	Human	cluster_42
SRR15651945	2021	Human	singleton_46
SRR15652499	Unknown	Chicken	cluster_2
SRR15654779	2021	Swine	cluster_42
SRR15660225	2021	Swine	cluster_42
SRR15667556	2021	Human	cluster_26
SRR15670949	2021	Swine	cluster_34
SRR15671250	2021	Bovine	cluster_42
SRR15671252	2021	Bovine	cluster_42
SRR15671253	2021	Bovine	cluster_42
SRR15671267	2021	Bovine	cluster_42
SRR15671313	2021	Bovine	cluster_42
SRR15672845	2021	Swine	cluster_42
SRR15676362	2021	Human	cluster_34
SRR15676488	2021	Human	cluster_40
SRR15681043	2021	Swine	cluster_34
SRR15736190	2021	Bovine	cluster_42
SRR15736212	2021	Swine	cluster_42
SRR15736223	2021	Swine	cluster_26
SRR15744470	2021	Swine	cluster_42
SRR15824992	2021	Swine	cluster_42
SRR15871631	2021	Human	cluster_39
SRR15877899	2021	Human	cluster_42
SRR15879315	2021	Swine	cluster_34
SRR15879387	2021	Swine	cluster_36
SRR15904677	2021	Swine	cluster_42
SRR15943326	2021	Swine	cluster_34
SRR15953692	2021	Human	cluster_34
SRR15953708	Unknown	Chicken	cluster_2
SRR15953709	Unknown	Chicken	cluster_2
SRR15953710	Unknown	Chicken	cluster_2
SRR15953711	Unknown	Chicken	singleton_49
SRR15972090	2021	Swine	cluster_24
SRR15988193	2021	Swine	cluster_34
SRR15988264	2021	Swine	cluster_42
SRR15988548	2021	Human	cluster_42
SRR16018588	2021	Human	singleton_33
SRR16038383	2021	Swine	cluster_34
SRR16043569	2021	Human	cluster_42
SRR16060667	2021	Swine	cluster_42
SRR16089608	2021	Swine	cluster_42
SRR16089614	2021	Swine	cluster_42
SRR16089615	2021	Swine	cluster_42
SRR16089650	2021	Swine	cluster_42
SRR16153946	2021	Human	cluster_42
SRR16156309	2021	Swine	cluster_42
SRR16173626	2021	Swine	cluster_42
SRR16213319	2021	Human	cluster_42
SRR16299872	2021	Swine	cluster_42
SRR16316959	2021	Swine	cluster_42
SRR16351768	2021	Swine	cluster_34
SRR16491283	2021	Human	cluster_42
SRR16502319	2021	Swine	cluster_42
SRR16553239	2021	Swine	cluster_34
SRR16570756	2021	Human	cluster_19
SRR16574934	2021	Human	cluster_34
SRR16578257	2021	Swine	cluster_42
SRR16578860	2021	Human	cluster_42
SRR16598282	2021	Swine	cluster_34
SRR16600330	2021	Human	cluster_34
SRR16632365	2021	Swine	cluster_42
SRR16632381	2021	Swine	cluster_34
SRR16681596	2021	Swine	cluster_34
SRR16706320	2021	Human	cluster_19
SRR16763700	2021	Human	cluster_42
SRR16775683	2021	Human	cluster_42
SRR16820824	2021	Human	cluster_34
SRR16881774	2021	Swine	cluster_41
SRR16890832	2021	Swine	cluster_42
SRR16931605	2021	Swine	cluster_34
SRR16948676	2021	Swine	cluster_42
SRR16967703	2021	Other	cluster_42
SRR16967704	2021	Other	cluster_42
SRR16972999	2021	Swine	cluster_34
SRR16976788	2021	Swine	cluster_34
SRR16976795	2021	Swine	cluster_42
SRR16994550	2021	Swine	cluster_34
SRR17042209	2021	Swine	cluster_42
SRR17042212	2021	Swine	cluster_42
SRR17090171	2021	Swine	cluster_41
SRR17118781	2021	Swine	cluster_18
SRR17118782	2021	Swine	cluster_42
SRR17143320	2021	Human	cluster_42
SRR17184428	2021	Swine	cluster_42
SRR17188744	2021	Swine	cluster_18
SRR17188748	2021	Swine	cluster_42
SRR17188767	2021	Swine	cluster_24
SRR17218239	2021	Swine	cluster_42
SRR17229578	2021	Bovine	cluster_15
SRR17256652	2021	Human	cluster_42
SRR17276371	2021	Human	cluster_42
SRR17279250	2021	Swine	cluster_42
SRR17280980	2021	Swine	cluster_34
SRR17297941	2021	Human	cluster_42
SRR17297961	2021	Human	cluster_42
SRR17322614	2021	Swine	cluster_42
SRR17335485	2021	Human	cluster_42
SRR17343922	2021	Human	cluster_42
SRR17385280	2021	Human	cluster_42
SRR17413002	2021	Swine	cluster_42
SRR17413004	2021	Swine	cluster_42
SRR17413015	2021	Swine	cluster_24
SRR17488679	2021	Swine	cluster_34
SRR17500111	2021	Human	cluster_42
SRR17535399	2021	Human	cluster_42
SRR17564741	2021	Swine	cluster_42
SRR17600008	2021	Swine	cluster_42
SRR17622026	2022	Human	cluster_42
SRR17652902	2021	Swine	cluster_42
SRR17693986	2022	Human	cluster_34
SRR17739338	2021	Swine	cluster_42
SRR17739397	2021	Swine	cluster_42
SRR17786818	2022	Swine	cluster_42
SRR17787402	2022	Chicken	cluster_42
SRR17787748	2022	Swine	cluster_42
SRR17789607	2022	Swine	cluster_42
SRR17791909	2021	Swine	cluster_34
SRR17809355	2022	Swine	cluster_24
SRR17809360	2022	Swine	cluster_42
SRR17818670	2021	Swine	cluster_26
SRR17831823	2022	Swine	cluster_42
SRR17831851	2022	Swine	cluster_26
SRR17837063	2022	Human	cluster_24
SRR17845340	2021	Human	singleton_40
SRR17849388	2022	Swine	cluster_20
SRR17852717	2022	Swine	cluster_42
SRR17853866	2022	Swine	cluster_34
SRR17915037	2022	Swine	cluster_40
SRR17967463	2022	Swine	cluster_42
SRR17967469	2022	Swine	cluster_18
SRR17976404	2022	Human	cluster_42
SRR18056390	2022	Swine	cluster_34
SRR18061891	2022	Swine	cluster_42
SRR18072830	2022	Swine	cluster_34
SRR18100168	2022	Human	cluster_34
SRR18100459	2022	Swine	cluster_42
SRR18100490	2022	Swine	cluster_42
SRR18100491	2022	Swine	cluster_42
SRR18106325	2022	Swine	cluster_42
SRR18116003	2022	Swine	cluster_42
SRR18165203	2022	Swine	cluster_34
SRR18184379	2022	Swine	cluster_42
SRR18208214	2022	Swine	cluster_42
SRR18208223	2022	Swine	cluster_42
SRR18218543	2022	Swine	cluster_34
SRR18229109	2022	Human	singleton_34
SRR18254044	2022	Human	cluster_34
SRR18258979	2022	Human	cluster_25
SRR18294296	2022	Swine	cluster_19
SRR18313321	2022	Swine	singleton_8
SRR18314358	2022	Swine	cluster_42
SRR18314372	2022	Swine	cluster_34
SRR18323388	2022	Human	cluster_27
SRR18327100	2022	Human	cluster_22
SRR18327540	2022	Swine	cluster_42
SRR18332114	2021	Human	cluster_42
SRR18392464	2022	Swine	cluster_42
SRR18426059	2022	Swine	cluster_42
SRR18426061	2022	Swine	cluster_42
SRR18599002	2022	Swine	cluster_42
SRR18664127	2022	Swine	cluster_42
SRR18718035	2022	Swine	cluster_17
SRR18737870	2022	Swine	cluster_42
SRR18741028	2022	Human	cluster_40
SRR18761241	2022	Swine	cluster_42
SRR18791678	2022	Swine	cluster_42
SRR18912039	2022	Swine	cluster_34
SRR18912056	2022	Swine	cluster_36
SRR18914333	2022	Swine	cluster_42
SRR18915573	2022	Swine	cluster_24
SRR18915574	2022	Swine	cluster_26
SRR18915670	2022	Swine	cluster_20
SRR18959222	2022	Swine	cluster_42
SRR18961615	2022	Human	cluster_22
SRR19008445	2022	Swine	cluster_41
SRR19019202	2022	Swine	cluster_42
SRR19019214	2022	Swine	cluster_34
SRR19033864	2022	Swine	cluster_41
SRR19084321	2022	Swine	cluster_19
SRR19130537	2022	Swine	cluster_41
SRR19130544	2022	Swine	cluster_20
SRR19133599	2022	Swine	cluster_42
SRR19146172	2022	Swine	cluster_42
SRR19146844	2022	Swine	singleton_28
SRR19146963	2022	Swine	cluster_42
SRR19171755	2022	Swine	cluster_42
SRR19171823	2022	Swine	cluster_41
SRR19178166	2022	Human	cluster_27
SRR19178734	2022	Bovine	cluster_34
SRR19180398	2022	Swine	cluster_34
SRR19242482	2022	Human	cluster_39
SRR19344091	2022	Swine	cluster_42
SRR19358044	2022	Human	cluster_22
SRR19362786	2022	Human	cluster_40
SRR19363179	2022	Swine	cluster_20
SRR19379110	2022	Swine	cluster_40
SRR19431946	2014	Other	cluster_42
SRR19505680	2022	Swine	cluster_42
SRR19512967	2022	Human	cluster_15
SRR19549486	2022	Swine	cluster_42
SRR19551753	2022	Swine	cluster_34
SRR19558992	2022	Swine	cluster_20
SRR19559033	2022	Swine	cluster_42
SRR19591733	2022	Swine	cluster_42
SRR19591790	2022	Swine	cluster_27
SRR19591793	2022	Bovine	cluster_34
SRR19594880	2022	Human	cluster_22
SRR19601346	2022	Human	cluster_20
SRR19619712	2022	Swine	cluster_42
SRR19631318	2022	Human	cluster_42
SRR19636081	2022	Swine	cluster_42
SRR19638222	2022	Swine	cluster_34
SRR19638716	2022	Human	cluster_34
SRR19735503	2022	Human	cluster_34
SRR19737172	2022	Human	cluster_42
SRR19765122	2022	Swine	cluster_34
SRR19807577	2022	Swine	cluster_34
SRR19909231	2022	Swine	cluster_41
SRR19909248	2022	Swine	cluster_42
SRR19916463	2021	Human	cluster_40
SRR19992717	2022	Swine	singleton_37
SRR19997605	2022	Human	cluster_40
SRR20020658	2022	Bovine	cluster_42
SRR20072118	2022	Swine	cluster_42
SRR20081435	2022	Human	cluster_27
SRR20096762	2022	Human	cluster_42
SRR20114911	2022	Swine	cluster_40
SRR20114931	2022	Swine	cluster_34
SRR20204403	2022	Bovine	cluster_34
SRR20224930	2022	Swine	singleton_16
SRR20285899	2022	Human	cluster_42
SRR20308715	2022	Human	cluster_42
SRR20336723	2022	Swine	cluster_24
SRR20364905	2022	Human	cluster_42
SRR20590784	2022	Human	cluster_42
SRR20735169	2022	Swine	cluster_24
SRR20736430	2022	Swine	cluster_42
SRR20796371	2022	Swine	cluster_34
SRR20851959	2022	Human	cluster_42
SRR20964676	2022	Swine	cluster_42
SRR20992715	2022	Human	cluster_42
SRR20995060	2022	Swine	cluster_24
SRR21007681	2022	Swine	cluster_34
SRR21009181	2022	Bovine	cluster_42
SRR21086631	2022	Bovine	cluster_42
SRR21087187	2022	Human	cluster_42
SRR21131548	2022	Swine	cluster_42
SRR21144426	2022	Swine	cluster_42
SRR21146482	2022	Human	cluster_42
SRR21197634	2022	Swine	cluster_42
SRR21294684	2022	Swine	cluster_42
SRR21294737	2022	Bovine	cluster_42
SRR21303785	2022	Swine	cluster_42
SRR21303818	2022	Human	cluster_15
SRR21315001	2022	Human	cluster_42
SRR21354949	2022	Human	cluster_38
SRR21393922	2022	Human	cluster_29
SRR21395991	2022	Swine	cluster_42
SRR21485543	2022	Human	cluster_42
SRR21533430	2022	Swine	cluster_24
SRR21545362	2022	Human	cluster_5
SRR21581344	2022	Swine	cluster_42
SRR21590055	2022	Human	cluster_34
SRR21604237	2022	Human	cluster_5
SRR21618198	2022	Swine	cluster_34
SRR21642958	2022	Human	cluster_34
SRR21684134	2022	Human	cluster_34
SRR21686171	2022	Swine	cluster_42
SRR21771221	2022	Swine	cluster_34
SRR21808088	2022	Human	cluster_35
SRR21823527	2022	Human	cluster_42
SRR21832289	2022	Human	cluster_42
SRR21840110	2022	Swine	cluster_42
SRR21937940	2022	Swine	cluster_35
SRR21963684	2022	Bovine	cluster_42
SRR21989253	2022	Human	cluster_15
SRR22002217	2022	Human	cluster_42
SRR22007881	2022	Swine	cluster_34
SRR22024517	2022	Swine	cluster_42
SRR22051304	2022	Swine	cluster_24
SRR22069789	2022	Human	singleton_51
SRR22069790	2022	Human	cluster_15
SRR22070761	2022	Swine	cluster_42
SRR22102773	2022	Swine	cluster_34
SRR22102775	2022	Swine	cluster_24
SRR22102781	2022	Swine	cluster_42
SRR22107289	2022	Swine	cluster_42
SRR22119872	2022	Swine	cluster_34
SRR22149468	2022	Swine	cluster_42
SRR22149525	2022	Swine	cluster_42
SRR22179048	2022	Human	cluster_42
SRR22196064	2022	Swine	cluster_42
SRR22222986	2022	Human	cluster_34
SRR22230257	2022	Human	cluster_22
SRR2227278	2015	Swine	cluster_34
SRR2227999	2015	Swine	cluster_34
SRR2228224	2015	Swine	cluster_42
SRR2228225	2015	Swine	cluster_34
SRR22284664	2022	Human	cluster_42
SRR22284709	2022	Human	cluster_42
SRR22304088	2022	Swine	singleton_7
SRR22306531	2022	Swine	cluster_42
SRR22316373	2022	Swine	cluster_42
SRR22355716	2022	Human	cluster_34
SRR2239760	2015	Swine	cluster_42
SRR22428489	2022	Human	cluster_24
SRR22446100	2022	Human	cluster_42
SRR22486380	2022	Human	cluster_27
SRR22489974	2022	Swine	cluster_42
SRR22489984	2022	Swine	cluster_20
SRR22489986	2022	Swine	cluster_42
SRR22508305	2022	Human	cluster_22
SRR22533772	2022	Human	cluster_42
SRR22535745	2022	Swine	cluster_34
SRR22565661	2022	Swine	cluster_42
SRR22566343	2022	Swine	cluster_42
SRR22566360	2022	Swine	cluster_42
SRR22585336	2022	Swine	cluster_34
SRR22585341	2022	Swine	cluster_24
SRR22590186	2022	Chicken	cluster_42
SRR22590187	2022	Swine	cluster_26
SRR22706805	2022	Other	cluster_34
SRR22707176	2022	Other	cluster_34
SRR22790523	2022	Swine	cluster_24
SRR22810425	2022	Swine	cluster_42
SRR22811336	2022	Swine	cluster_41
SRR22827031	2022	Swine	cluster_34
SRR22847337	2022	Swine	cluster_37
SRR22850487	2022	Swine	cluster_42
SRR22900849	2022	Human	cluster_34
SRR22939729	2022	Swine	cluster_42
SRR22974207	2021	Swine	cluster_34
SRR22974210	2021	Swine	cluster_34
SRR22974211	2021	Swine	cluster_34
SRR22998464	2022	Swine	cluster_14
SRR23000269	2022	Swine	cluster_42
SRR23000373	2022	Swine	singleton_2
SRR23035165	2022	Human	cluster_24
SRR23035474	2021	Swine	cluster_34
SRR23062249	2021	Swine	cluster_34
SRR23098045	2021	Swine	cluster_42
SRR23107407	2022	Human	cluster_42
SRR23116387	2022	Swine	cluster_14
SRR23136069	2022	Human	cluster_42
SRR23170644	2023	Swine	cluster_42
SRR23191225	2023	Swine	cluster_24
SRR23191444	2023	Swine	cluster_34
SRR23193147	2021	Swine	cluster_42
SRR23193150	2021	Swine	cluster_42
SRR23193801	2023	Human	cluster_42
SRR23237723	2022	Swine	cluster_42
SRR23240639	2022	Human	cluster_24
SRR23270979	2023	Human	cluster_34
SRR23272212	2023	Swine	cluster_34
SRR23291516	2023	Swine	cluster_42
SRR23291530	2023	Swine	cluster_34
SRR23291861	2023	Swine	cluster_42
SRR23310608	2023	Swine	cluster_8
SRR23335271	2023	Human	cluster_42
SRR23348595	2021	Swine	cluster_42
SRR23348596	2021	Swine	cluster_42
SRR23348603	2021	Swine	cluster_42
SRR23348829	2021	Swine	cluster_42
SRR23348830	2021	Swine	cluster_42
SRR23348832	2021	Swine	cluster_42
SRR23348833	2021	Swine	cluster_42
SRR23348840	2021	Swine	cluster_42
SRR23374231	2023	Human	cluster_22
SRR23381634	2023	Human	cluster_42
SRR23401449	2023	Human	singleton_25
SRR23408073	2023	Swine	cluster_20
SRR23434923	2023	Swine	cluster_42
SRR23434943	2023	Swine	cluster_42
SRR23447695	2021	Swine	cluster_42
SRR23447696	2021	Swine	cluster_42
SRR23455099	2021	Swine	cluster_42
SRR23455132	2021	Swine	cluster_42
SRR23455135	2021	Swine	cluster_42
SRR23510705	2023	Human	cluster_42
SRR23512640	2023	Swine	cluster_34
SRR23516539	2023	Swine	cluster_18
SRR23567722	2021	Swine	cluster_42
SRR23612595	2023	Swine	cluster_34
SRR23630839	2023	Swine	cluster_42
SRR23638725	2023	Human	cluster_27
SRR23685643	2023	Swine	cluster_34
SRR23686475	2023	Swine	cluster_42
SRR23686481	2023	Swine	cluster_42
SRR23686882	2023	Swine	cluster_42
SRR23686908	2023	Swine	cluster_34
SRR23687527	2023	Swine	cluster_42
SRR23696987	2022	Swine	cluster_42
SRR23697464	2023	Swine	cluster_42
SRR23697646	2023	Swine	cluster_42
SRR23697648	2023	Swine	cluster_34
SRR23702693	2023	Swine	cluster_34
SRR23714339	2021	Swine	cluster_42
SRR23714350	2021	Swine	cluster_42
SRR23715776	2023	Human	cluster_34
SRR23801132	2023	Swine	cluster_8
SRR23873521	2023	Human	singleton_48
SRR23907566	2023	Swine	cluster_42
SRR23919547	2023	Swine	cluster_34
SRR23929065	2023	Swine	cluster_42
SRR23929849	2023	Swine	cluster_42
SRR23929855	2023	Swine	cluster_42
SRR23929931	2023	Swine	cluster_34
SRR23931562	2023	Swine	cluster_42
SRR23950388	2023	Swine	cluster_34
SRR23955691	2023	Swine	cluster_42
SRR23956663	2023	Swine	cluster_34
SRR23976732	2021	Swine	cluster_42
SRR24008703	2023	Swine	cluster_34
SRR24008707	2023	Swine	cluster_40
SRR24053237	2023	Human	cluster_34
SRR24076126	2023	Human	cluster_42
SRR24076129	2023	Human	cluster_42
SRR24076144	2023	Human	cluster_35
SRR24076252	2023	Human	cluster_42
SRR24099725	2023	Human	cluster_38
SRR24107067	2023	Swine	cluster_34
SRR24129054	2023	Swine	cluster_7
SRR24154054	2023	Swine	cluster_42
SRR24171425	2023	Human	cluster_42
SRR24189511	2023	Swine	cluster_34
SRR24189512	2023	Bovine	cluster_42
SRR24189514	2023	Swine	cluster_42
SRR24197539	2023	Human	cluster_34
SRR24202666	2021	Swine	cluster_34
SRR24202667	2021	Swine	cluster_34
SRR24202668	2021	Swine	cluster_34
SRR24202674	2021	Swine	cluster_34
SRR24263597	2023	Swine	cluster_7
SRR24310307	2023	Swine	cluster_42
SRR24318131	2023	Swine	cluster_42
SRR24318326	2023	Swine	cluster_42
SRR24325178	2023	Swine	cluster_42
SRR24351073	2023	Human	cluster_42
SRR24376483	2023	Bovine	cluster_34
SRR24376753	2023	Swine	cluster_42
SRR24403161	2023	Swine	cluster_42
SRR24412711	2023	Human	cluster_24
SRR24412736	2023	Bovine	singleton_47
SRR24423488	2023	Swine	cluster_42
SRR24481621	2023	Swine	cluster_42
SRR24507622	2023	Swine	cluster_42
SRR24627314	2023	Swine	cluster_35
SRR24630270	2023	Swine	cluster_42
SRR24652332	2023	Swine	cluster_35
SRR24686227	2023	Human	cluster_34
SRR24686476	2023	Human	cluster_27
SRR24687768	2023	Swine	cluster_42
SRR24695803	2023	Swine	cluster_34
SRR24705725	2023	Human	cluster_30
SRR24709751	2023	Swine	cluster_34
SRR24737987	2023	Swine	cluster_42
SRR24740464	2023	Human	singleton_23
SRR24748246	2023	Human	cluster_34
SRR24796841	2023	Human	cluster_42
SRR24829461	2023	Human	cluster_34
SRR24863470	2023	Swine	cluster_27
SRR24877665	2023	Bovine	cluster_35
SRR24877721	2023	Swine	cluster_24
SRR24895459	2023	Swine	cluster_34
SRR24970923	2023	Human	cluster_42
SRR24978212	2023	Swine	cluster_42
SRR24991899	2023	Swine	cluster_41
SRR25007451	2023	Swine	cluster_42
SRR25009134	2023	Human	cluster_34
SRR25036518	2023	Swine	cluster_42
SRR25036568	2023	Swine	cluster_42
SRR25072873	2023	Human	cluster_42
SRR25072913	2023	Swine	cluster_42
SRR25074016	2023	Human	cluster_42
SRR25076312	2023	Human	cluster_42
SRR25175889	2023	Swine	cluster_42
SRR25177365	2023	Swine	cluster_34
SRR25246504	2023	Swine	cluster_34
SRR25304150	2023	Human	cluster_42
SRR25367438	2023	Human	cluster_38
SRR25433250	2023	Human	cluster_27
SRR25447447	2023	Bovine	cluster_34
SRR25461950	2023	Human	cluster_42
SRR25462135	2023	Swine	cluster_34
SRR25475954	2023	Swine	cluster_41
SRR25572942	2023	Human	cluster_30
SRR25599667	2023	Swine	cluster_42
SRR25617303	2023	Human	cluster_42
SRR25630056	2023	Swine	cluster_42
SRR25685587	2023	Swine	cluster_42
SRR25713411	2023	Swine	cluster_42
SRR25713587	2023	Swine	cluster_42
SRR25747854	2023	Swine	cluster_42
SRR25793532	2023	Swine	cluster_42
SRR25814725	2023	Human	cluster_42
SRR25916706	2023	Human	cluster_40
SRR25917074	2023	Swine	cluster_42
SRR25923455	2023	Human	cluster_22
SRR25923894	2023	Human	cluster_42
SRR25940923	2023	Swine	cluster_42
SRR25940954	2023	Swine	cluster_42
SRR25997403	2023	Swine	cluster_42
SRR25997417	2023	Swine	cluster_42
SRR25997535	2023	Swine	cluster_42
SRR26026129	2023	Swine	cluster_42
SRR26030918	2023	Swine	cluster_42
SRR26042957	2023	Swine	cluster_34
SRR26060079	2023	Human	cluster_42
SRR26069833	2023	Swine	cluster_42
SRR26090777	2023	Human	cluster_42
SRR26124421	2023	Swine	cluster_34
SRR26127922	2023	Swine	cluster_42
SRR26136651	2023	Swine	cluster_42
SRR26146064	2023	Swine	cluster_34
SRR26146066	2023	Swine	cluster_34
SRR26146395	2023	Human	singleton_50
SRR26151140	2023	Swine	cluster_19
SRR26167277	2023	Swine	cluster_40
SRR26196489	2023	Swine	cluster_34
SRR26204833	2023	Swine	cluster_42
SRR26208841	2023	Human	cluster_42
SRR26217373	2023	Swine	cluster_42
SRR26218470	2023	Human	cluster_42
SRR26223164	2023	Swine	cluster_42
SRR26264880	2023	Swine	cluster_42
SRR26312864	2023	Swine	cluster_19
SRR26351235	2023	Human	cluster_42
SRR26378538	2023	Swine	cluster_42
SRR26379386	2023	Human	cluster_34
SRR26413335	2023	Human	cluster_42
SRR26421754	2023	Human	cluster_42
SRR2648757	2015	Swine	cluster_35
SRR2648998	2015	Swine	cluster_42
SRR26540957	2023	Human	cluster_27
SRR26546752	2023	Human	singleton_29
SRR26583199	2023	Human	cluster_42
SRR26623603	2023	Human	cluster_27
SRR26640757	2023	Human	cluster_42
SRR26684748	2023	Human	cluster_42
SRR26786645	2023	Human	cluster_42
SRR26806626	2023	Swine	cluster_24
SRR26848002	2023	Human	cluster_22
SRR26849387	2023	Human	cluster_4
SRR26862042	2023	Swine	cluster_34
SRR26908891	2023	Human	cluster_27
SRR26913905	2023	Bovine	cluster_42
SRR26920374	2023	Human	cluster_4
SRR26959967	2023	Human	cluster_4
SRR26971682	2023	Swine	cluster_42
SRR27042462	2023	Swine	cluster_42
SRR27286294	2023	Human	cluster_22
SRR27295157	2023	Human	cluster_30
SRR27295920	2023	Human	cluster_34
SRR27315452	2023	Human	cluster_24
SRR27319050	2023	Human	cluster_22
SRR27339526	2023	Swine	cluster_34
SRR27350439	2023	Swine	cluster_27
SRR27372516	2023	Human	cluster_42
SRR27471462	2023	Swine	cluster_34
SRR27488020	2023	Human	cluster_30
SRR27488833	2023	Human	cluster_34
SRR27562255	2024	Human	cluster_34
SRR27605701	2023	Human	cluster_42
SRR27638405	2023	Human	cluster_38
SRR27678789	2024	Human	cluster_22
SRR27683394	2024	Human	cluster_42
SRR27716537	2023	Swine	cluster_42
SRR27736580	2024	Human	cluster_27
SRR27742819	2023	Human	cluster_42
SRR27763250	2024	Swine	cluster_42
SRR27763252	2024	Swine	cluster_34
SRR27833445	2024	Human	cluster_38
SRR27892728	2024	Swine	singleton_19
SRR27928558	2024	Swine	cluster_24
SRR27947390	2024	Human	cluster_15
SRR27959788	2024	Human	cluster_34
SRR27980962	2024	Other	NA
SRR28014441	2024	Swine	cluster_42
SRR28197572	2024	Swine	cluster_27
SRR28226298	2024	Human	cluster_34
SRR28255312	2024	Human	cluster_42
SRR28349118	2024	Swine	singleton_24
SRR28373952	2024	Swine	cluster_42
SRR28397842	2024	Human	cluster_27
SRR28411186	2024	Swine	cluster_34
SRR28420783	2024	Swine	cluster_24
SRR28439592	2024	Human	cluster_32
SRR2919947	2015	Swine	cluster_42
SRR2920119	2015	Swine	cluster_42
SRR2959727	2015	Bovine	cluster_42
SRR2973708	2015	Swine	cluster_42
SRR2973727	2015	Swine	cluster_34
SRR2973736	2015	Swine	cluster_42
SRR2973833	2015	Swine	cluster_42
SRR2989189	2015	Swine	cluster_42
SRR2989193	2015	Swine	cluster_42
SRR2989560	2015	Swine	cluster_42
SRR2989562	2015	Swine	cluster_34
SRR2989565	2015	Swine	cluster_41
SRR2989567	2015	Turkey	cluster_42
SRR3000040	2015	Turkey	cluster_34
SRR3000045	2015	Swine	cluster_34
SRR3000048	2015	Swine	cluster_42
SRR3001174	2015	Swine	cluster_42
SRR3031827	2015	Swine	cluster_34
SRR3038498	2015	Swine	cluster_41
SRR3038500	2015	Swine	cluster_42
SRR3056908	2015	Swine	cluster_42
SRR3056932	2015	Swine	cluster_42
SRR3062669	2015	Swine	cluster_40
SRR3085524	2015	Swine	cluster_41
SRR3085525	2015	Swine	cluster_42
SRR3098269	2015	Swine	cluster_34
SRR3098280	2015	Swine	cluster_42
SRR3098283	2015	Swine	cluster_42
SRR3098371	2015	Swine	cluster_42
SRR3098373	2015	Swine	cluster_34
SRR3129298	2015	Swine	cluster_42
SRR3148235	2015	Other	cluster_42
SRR3156220	2016	Swine	cluster_42
SRR3156221	2016	Swine	cluster_34
SRR3156388	2015	Swine	cluster_34
SRR3159932	2016	Swine	cluster_34
SRR3184079	2016	Swine	cluster_34
SRR3184349	2016	Swine	cluster_34
SRR3199694	2016	Swine	cluster_34
SRR3205684	2010	Human	cluster_10
SRR3226923	2016	Swine	cluster_34
SRR3231412	2016	Human	cluster_42
SRR3240948	2016	Swine	cluster_42
SRR3401744	2016	Swine	cluster_42
SRR3402067	2016	Swine	cluster_34
SRR3402104	2016	Swine	cluster_35
SRR3402110	2016	Swine	cluster_34
SRR3402176	2016	Swine	cluster_42
SRR3475886	2016	Swine	cluster_42
SRR3475934	2016	Swine	cluster_34
SRR3475946	2016	Swine	cluster_42
SRR3488742	2016	Turkey	cluster_34
SRR3489323	2016	Swine	cluster_42
SRR3495120	2012	Human	cluster_42
SRR3554810	2016	Swine	cluster_34
SRR3571792	2011	Human	cluster_42
SRR3586949	2016	Swine	cluster_34
SRR3611554	2016	Swine	cluster_34
SRR3618587	2016	Swine	cluster_42
SRR3642955	2015	Human	cluster_19
SRR3642966	2016	Human	cluster_34
SRR3666655	2016	Swine	cluster_34
SRR3666662	2016	Swine	singleton_27
SRR3726451	2016	Swine	cluster_42
SRR3897864	Unknown	Unspecified Animal	cluster_42
SRR3925112	2016	Swine	cluster_42
SRR3928705	2016	Swine	cluster_34
SRR3953256	2016	Swine	cluster_42
SRR3953779	2016	Swine	cluster_42
SRR4005460	2016	Swine	cluster_42
SRR4018342	2016	Swine	cluster_34
SRR4040104	2014	Human	cluster_25
SRR4044907	2016	Swine	cluster_42
SRR4045025	2016	Swine	cluster_42
SRR4252408	2016	Swine	cluster_34
SRR4252417	2016	Swine	cluster_34
SRR4273681	2016	Human	cluster_42
SRR4281698	2016	Chicken	cluster_34
SRR4288736	2016	Swine	cluster_34
SRR4295011	2016	Human	cluster_42
SRR4297042	2016	Human	cluster_42
SRR4345172	2016	Human	cluster_42
SRR4434808	2016	Human	cluster_42
SRR4453693	2016	Swine	cluster_42
SRR4453697	2016	Swine	cluster_41
SRR4842192	2016	Swine	cluster_34
SRR4896914	2016	Swine	cluster_42
SRR4947521	2016	Swine	cluster_41
SRR5000758	2016	Swine	cluster_34
SRR5000760	2016	Swine	cluster_42
SRR5006488	2016	Swine	cluster_42
SRR5043234	2016	Swine	cluster_42
SRR5077960	2016	Swine	cluster_34
SRR5077981	2016	Swine	cluster_42
SRR5100715	2016	Swine	cluster_42
SRR5110786	2016	Human	cluster_34
SRR5121033	2016	Swine	cluster_42
SRR5121035	2016	Swine	cluster_42
SRR5132346	2016	Human	cluster_34
SRR5159137	2016	Human	cluster_42
SRR5167860	2016	Swine	cluster_42
SRR5176607	2016	Swine	cluster_41
SRR5184154	2016	Swine	cluster_42
SRR5188664	2016	Human	cluster_10
SRR5195868	2016	Swine	cluster_42
SRR5195894	2016	Swine	cluster_42
SRR5196070	2016	Swine	cluster_42
SRR5200979	2016	Swine	cluster_24
SRR5201036	2016	Swine	cluster_42
SRR5201039	2016	Swine	cluster_42
SRR5201426	2016	Bovine	cluster_42
SRR5202800	2016	Swine	cluster_42
SRR5204770	2016	Swine	cluster_42
SRR5204787	2016	Swine	cluster_42
SRR5229520	2017	Swine	cluster_42
SRR5229529	2017	Swine	cluster_42
SRR5235549	2017	Swine	cluster_42
SRR5251178	2017	Swine	cluster_42
SRR5251595	2016	Swine	cluster_42
SRR5251618	2017	Bovine	cluster_15
SRR5252258	2017	Bovine	cluster_34
SRR5270130	Unknown	Human	singleton_35
SRR5270137	2016	Human	cluster_42
SRR5271444	2017	Swine	cluster_24
SRR5271447	2017	Swine	cluster_42
SRR5277183	2017	Swine	cluster_42
SRR5278600	2016	Human	cluster_42
SRR5297174	2017	Swine	cluster_42
SRR5297196	2017	Swine	cluster_42
SRR5297482	2017	Swine	cluster_34
SRR5297502	2017	Swine	cluster_34
SRR5311509	2017	Swine	cluster_42
SRR5311512	2017	Swine	cluster_41
SRR5341703	2017	Human	singleton_20
SRR5341719	2016	Human	cluster_42
SRR5341725	2016	Human	cluster_42
SRR5346274	2017	Swine	cluster_34
SRR5346350	2017	Swine	cluster_42
SRR5346352	2017	Swine	cluster_42
SRR5361533	2016	Human	cluster_42
SRR5365041	2017	Swine	cluster_42
SRR5365055	2017	Swine	cluster_34
SRR5365056	2017	Swine	cluster_34
SRR5365063	2017	Swine	cluster_31
SRR5365101	2017	Swine	cluster_42
SRR5365202	2017	Swine	cluster_42
SRR5376180	2017	Swine	cluster_34
SRR5376207	2017	Swine	cluster_42
SRR5379243	2017	Human	cluster_34
SRR5382712	2017	Human	cluster_42
SRR5382727	2017	Human	cluster_42
SRR5388864	2017	Swine	cluster_42
SRR5429749	2016	Human	cluster_42
SRR5438384	2017	Human	cluster_28
SRR5440548	2016	Human	cluster_42
SRR5440655	2017	Human	cluster_22
SRR5441606	2017	Swine	cluster_42
SRR5441860	2017	Swine	cluster_42
SRR5454439	2017	Swine	cluster_42
SRR5456155	2017	Swine	cluster_42
SRR5456171	2017	Swine	cluster_42
SRR5459605	2016	Human	cluster_42
SRR5470967	2017	Swine	cluster_42
SRR5479722	2017	Swine	cluster_34
SRR5486137	2017	Swine	cluster_42
SRR5495991	2017	Bovine	cluster_42
SRR5496044	2017	Swine	cluster_40
SRR5496784	2017	Swine	cluster_34
SRR5514364	2017	Swine	cluster_24
SRR5514412	2017	Swine	cluster_42
SRR5514427	2017	Swine	cluster_42
SRR5576100	2017	Swine	cluster_42
SRR5576113	2017	Swine	cluster_20
SRR5576565	2017	Human	cluster_42
SRR5578724	2016	Human	cluster_42
SRR5583311	2017	Swine	cluster_40
SRR5583989	2016	Human	cluster_10
SRR5584190	2017	Swine	cluster_42
SRR5584495	2017	Swine	cluster_42
SRR5585035	2017	Human	cluster_42
SRR5590230	2017	Human	singleton_10
SRR5593179	2017	Swine	cluster_34
SRR5599708	2017	Swine	cluster_42
SRR5605758	2016	Human	cluster_39
SRR5605924	2017	Human	cluster_42
SRR5620364	2017	Swine	cluster_34
SRR5632689	2017	Swine	cluster_42
SRR5646902	2017	Swine	cluster_29
SRR5647061	2017	Swine	cluster_42
SRR5655458	2017	Human	cluster_34
SRR5660144	2017	Swine	cluster_17
SRR5704633	2017	Swine	cluster_42
SRR5704674	2017	Swine	cluster_41
SRR5742378	2017	Human	cluster_42
SRR5742562	2017	Human	cluster_34
SRR5753191	2017	Swine	cluster_40
SRR5761363	2017	Human	cluster_42
SRR5761369	2017	Human	cluster_42
SRR5761372	2017	Human	cluster_42
SRR5762171	2017	Swine	cluster_34
SRR5762174	2017	Swine	cluster_42
SRR5765088	2017	Human	cluster_42
SRR5766659	2017	Swine	cluster_42
SRR5766665	2017	Swine	cluster_42
SRR5787102	2017	Human	cluster_42
SRR5804891	2017	Bovine	cluster_34
SRR5808860	2017	Swine	cluster_42
SRR5808870	2017	Swine	cluster_20
SRR5820106	2017	Bovine	cluster_34
SRR5820360	2017	Human	cluster_42
SRR5824271	2017	Swine	cluster_42
SRR5825450	2017	Swine	cluster_41
SRR5825463	2017	Swine	cluster_42
SRR5825474	2017	Swine	cluster_42
SRR5828277	2017	Swine	cluster_41
SRR5838403	2017	Swine	cluster_40
SRR5838407	2017	Swine	cluster_42
SRR5838413	2017	Swine	cluster_42
SRR5851295	2017	Human	singleton_31
SRR5860184	2017	Swine	cluster_42
SRR5863000	2017	Swine	cluster_42
SRR5864676	2017	Human	singleton_21
SRR5865670	2017	Swine	singleton_6
SRR5865689	2017	Swine	cluster_42
SRR5887864	2017	Human	cluster_42
SRR5890608	2014	Human	cluster_32
SRR5901616	2017	Swine	cluster_42
SRR5901636	2017	Bovine	cluster_34
SRR5901887	2017	Swine	cluster_42
SRR5902698	2017	Swine	cluster_42
SRR5921352	2017	Human	cluster_34
SRR5930204	2017	Swine	cluster_42
SRR5930208	2017	Swine	cluster_34
SRR5945360	2017	Human	cluster_42
SRR5948537	2011	Human	cluster_42
SRR5955190	2017	Swine	cluster_42
SRR5955210	2017	Swine	cluster_42
SRR5955212	2017	Swine	cluster_42
SRR5978822	2017	Swine	cluster_41
SRR5978823	2017	Turkey	cluster_42
SRR5988402	2017	Human	singleton_17
SRR5995937	2017	Human	cluster_34
SRR6010274	2017	Swine	cluster_42
SRR6010319	2017	Swine	cluster_42
SRR6026360	2017	Swine	cluster_42
SRR6029134	2017	Swine	cluster_42
SRR6039939	2017	Bovine	cluster_40
SRR6042806	2017	Swine	cluster_42
SRR6050754	2017	Human	cluster_19
SRR6051280	2017	Human	cluster_42
SRR6051458	2017	Human	cluster_24
SRR6082054	2017	Human	cluster_42
SRR6107498	2017	Human	cluster_42
SRR6107500	2017	Human	cluster_34
SRR6107886	2017	Human	cluster_42
SRR6116281	2017	Human	cluster_34
SRR6121989	2017	Swine	cluster_42
SRR6131621	2017	Swine	cluster_34
SRR6133842	2017	Human	cluster_42
SRR6133877	2017	Human	cluster_42
SRR6133882	2017	Human	cluster_42
SRR6143709	2017	Swine	cluster_42
SRR6187087	2017	Swine	cluster_42
SRR6195923	2017	Bovine	cluster_42
SRR6197783	2017	Swine	cluster_40
SRR6203213	2003	Human	cluster_42
SRR6203414	2017	Human	cluster_39
SRR6250391	2017	Swine	cluster_34
SRR6255077	2017	Swine	cluster_34
SRR6255091	2017	Swine	cluster_41
SRR6255093	2017	Swine	cluster_42
SRR6291057	2017	Human	cluster_42
SRR6294678	2017	Swine	cluster_42
SRR6300838	2017	Swine	cluster_42
SRR6305360	2017	Swine	cluster_34
SRR6310046	2017	Swine	cluster_34
SRR6313697	2017	Human	cluster_42
SRR6314840	2017	Swine	cluster_42
SRR6314842	2017	Swine	cluster_42
SRR6330516	2017	Swine	cluster_34
SRR6335186	2017	Swine	cluster_42
SRR6335257	2017	Swine	cluster_42
SRR6335619	2017	Swine	cluster_42
SRR6336337	2017	Swine	cluster_34
SRR6336352	2017	Swine	cluster_34
SRR6336376	2017	Swine	cluster_42
SRR6336388	2017	Swine	cluster_42
SRR6337540	2017	Swine	cluster_42
SRR6337560	2017	Swine	cluster_42
SRR6337569	2017	Swine	cluster_34
SRR6337574	2017	Swine	cluster_42
SRR6345360	2017	Swine	cluster_42
SRR6353971	2017	Human	cluster_34
SRR6354067	2017	Swine	cluster_42
SRR6356242	2017	Swine	cluster_41
SRR6366337	2017	Human	cluster_42
SRR6371689	2017	Human	cluster_42
SRR6373825	2017	Swine	cluster_34
SRR6373863	2017	Swine	cluster_34
SRR6380518	2017	Swine	cluster_34
SRR6380522	2017	Swine	cluster_35
SRR6386597	2017	Human	cluster_42
SRR6412374	2017	Swine	singleton_1
SRR6412405	2017	Swine	cluster_34
SRR6412963	2017	Human	cluster_42
SRR6440222	2017	Swine	cluster_41
SRR6440223	2017	Swine	cluster_35
SRR6440235	2017	Swine	cluster_41
SRR6440237	2017	Swine	cluster_42
SRR6440553	2017	Swine	singleton_4
SRR6447528	2017	Swine	cluster_42
SRR6451392	2017	Swine	cluster_42
SRR6466199	2017	Human	cluster_27
SRR6493442	2017	Swine	cluster_42
SRR6493467	2017	Bovine	cluster_41
SRR6495272	2017	Swine	cluster_34
SRR6513132	2018	Swine	cluster_42
SRR6663576	2018	Human	singleton_41
SRR6671120	2018	Swine	cluster_42
SRR6671408	2018	Swine	cluster_15
SRR6671409	2018	Swine	cluster_34
SRR6681088	2018	Swine	cluster_42
SRR6696870	2018	Swine	cluster_42
SRR6703592	2018	Swine	cluster_42
SRR6703807	2017	Human	cluster_42
SRR6704097	2018	Swine	cluster_40
SRR6715742	2017	Human	cluster_42
SRR6721555	2018	Swine	cluster_42
SRR6726537	2017	Human	cluster_17
SRR6740050	2018	Swine	cluster_42
SRR6740056	2018	Swine	cluster_42
SRR6743210	2018	Swine	cluster_42
SRR6743220	2018	Swine	cluster_42
SRR6756834	2018	Swine	cluster_42
SRR6760497	2018	Human	cluster_34
SRR6764207	2018	Swine	cluster_42
SRR6765268	2018	Swine	cluster_42
SRR6765276	2018	Swine	cluster_42
SRR6765289	2018	Swine	cluster_42
SRR6792288	2018	Swine	cluster_42
SRR6792294	2018	Swine	cluster_42
SRR6798510	2018	Swine	cluster_42
SRR6818830	2018	Swine	cluster_41
SRR6819571	2018	Swine	cluster_1
SRR6819575	2018	Swine	cluster_1
SRR6819587	2018	Swine	cluster_42
SRR6819609	2018	Swine	cluster_34
SRR6819645	2018	Swine	cluster_24
SRR6844205	2018	Swine	cluster_24
SRR6844245	2018	Swine	cluster_42
SRR6870472	2018	Human	cluster_42
SRR6876257	2018	Swine	cluster_34
SRR6876278	2018	Swine	cluster_42
SRR6879955	2018	Human	cluster_34
SRR6902885	2018	Human	cluster_42
SRR6950108	2018	Swine	cluster_34
SRR6967988	2018	Human	cluster_34
SRR6984386	2018	Human	cluster_39
SRR7002026	2018	Swine	cluster_42
SRR7049974	2018	Swine	cluster_34
SRR7050919	2018	Swine	cluster_42
SRR7051529	2018	Swine	cluster_42
SRR7051541	2018	Swine	cluster_34
SRR7056282	2018	Swine	cluster_42
SRR7063372	2018	Human	cluster_34
SRR7063462	2018	Human	cluster_42
SRR7093136	2017	Human	cluster_42
SRR7095732	2018	Swine	cluster_42
SRR7095735	2018	Swine	cluster_42
SRR7095737	2018	Swine	cluster_42
SRR7107410	2018	Swine	cluster_18
SRR7132636	2018	Human	cluster_41
SRR7132735	2018	Swine	cluster_42
SRR7138695	2018	Swine	cluster_42
SRR7140260	2018	Human	cluster_42
SRR7140277	2018	Human	cluster_42
SRR7140417	2018	Human	cluster_38
SRR7162935	2018	Swine	cluster_42
SRR7173251	2018	Swine	cluster_34
SRR7173252	2018	Swine	cluster_42
SRR7183162	2018	Swine	cluster_34
SRR7189180	2018	Human	cluster_42
SRR7192415	2018	Swine	cluster_42
SRR7192736	2018	Bovine	cluster_15
SRR7218466	2018	Human	cluster_34
SRR7218798	2018	Human	cluster_42
SRR7219369	2018	Swine	cluster_34
SRR7219462	2018	Swine	cluster_42
SRR7228868	2018	Swine	cluster_34
SRR7228896	2018	Swine	cluster_42
SRR7234490	2018	Swine	cluster_42
SRR7237441	2018	Swine	cluster_42
SRR7245703	2018	Human	cluster_42
SRR7253149	2017	Human	singleton_38
SRR7257346	2018	Bovine	cluster_1
SRR7257610	2018	Swine	cluster_42
SRR7263180	2018	Human	cluster_42
SRR7267520	2018	Swine	cluster_42
SRR7267916	2018	Swine	cluster_1
SRR7267917	2018	Swine	cluster_42
SRR7269055	2018	Human	cluster_42
SRR7269200	2018	Human	cluster_42
SRR7292612	2018	Swine	cluster_42
SRR7300302	2018	Human	cluster_42
SRR7348477	2018	Swine	cluster_42
SRR7358425	2018	Swine	cluster_42
SRR7358441	2018	Swine	cluster_35
SRR7363537	2017	Human	cluster_34
SRR7414570	2018	Human	cluster_42
SRR7414778	2018	Human	cluster_42
SRR7439120	2018	Swine	cluster_42
SRR7442171	2018	Human	singleton_44
SRR7521571	2018	Swine	cluster_42
SRR7524746	2018	Human	cluster_42
SRR7528259	2018	Swine	cluster_42
SRR7528274	2018	Swine	cluster_18
SRR7528276	2018	Swine	cluster_34
SRR7533594	2018	Swine	cluster_34
SRR7536283	2018	Swine	cluster_42
SRR7536572	2018	Human	cluster_34
SRR7536998	2018	Human	cluster_42
SRR7543078	2018	Swine	cluster_42
SRR7550766	2018	Swine	cluster_34
SRR7601576	2018	Human	cluster_42
SRR7615122	2018	Swine	cluster_24
SRR7615124	2018	Swine	cluster_41
SRR7615138	2018	Swine	singleton_15
SRR7615161	2018	Swine	cluster_34
SRR7615166	2018	Swine	cluster_42
SRR7615191	2018	Bovine	cluster_42
SRR7624187	2018	Swine	cluster_42
SRR7627960	2018	Human	cluster_21
SRR7642608	2018	Swine	cluster_42
SRR7650218	2018	Swine	cluster_42
SRR7652133	2018	Human	cluster_41
SRR7657546	2018	Swine	cluster_18
SRR7657547	2018	Swine	cluster_42
SRR7661078	2018	Swine	cluster_41
SRR7661378	2018	Swine	cluster_42
SRR7664648	2018	Swine	cluster_42
SRR7664649	2018	Swine	cluster_41
SRR7664686	2018	Human	singleton_45
SRR7665230	2018	Swine	cluster_41
SRR7665481	2018	Swine	cluster_35
SRR7665482	2018	Swine	cluster_42
SRR7697361	2018	Human	cluster_22
SRR7703145	2018	Human	cluster_35
SRR7724220	2018	Swine	cluster_41
SRR7724225	2018	Chicken	cluster_42
SRR7754597	2018	Swine	cluster_34
SRR7754610	2018	Swine	cluster_42
SRR7767274	2018	Human	cluster_42
SRR7782627	2018	Swine	cluster_42
SRR7782655	2018	Swine	cluster_42
SRR7786089	2018	Swine	cluster_42
SRR7789432	2018	Swine	cluster_34
SRR7789449	2018	Swine	cluster_34
SRR7789902	2018	Swine	cluster_42
SRR7815471	2018	Swine	cluster_40
SRR7879678	2018	Swine	cluster_18
SRR7882141	2018	Human	cluster_42
SRR7906040	2018	Human	cluster_42
SRR7939563	2018	Human	cluster_42
SRR7949886	2018	Swine	cluster_42
SRR7956002	2018	Swine	cluster_42
SRR7958960	2018	Human	cluster_34
SRR8037282	2018	Swine	cluster_42
SRR8050424	2018	Swine	cluster_34
SRR8098558	2018	Swine	cluster_42
SRR8098563	2018	Swine	cluster_34
SRR8109828	2018	Human	cluster_34
SRR8109901	2018	Swine	cluster_24
SRR8110002	2018	Swine	cluster_24
SRR8113667	2018	Human	cluster_34
SRR8116645	2018	Bovine	cluster_34
SRR8116650	2018	Swine	cluster_42
SRR8131463	2018	Swine	cluster_11
SRR8136669	2018	Swine	cluster_35
SRR8137371	2018	Chicken	cluster_24
SRR8137375	2018	Swine	cluster_42
SRR8167621	2018	Swine	cluster_34
SRR8170181	2018	Swine	cluster_11
SRR8170314	2018	Swine	cluster_42
SRR8170354	2018	Swine	cluster_42
SRR8170385	2018	Swine	cluster_42
SRR8170838	2018	Human	cluster_42
SRR8181060	2018	Bovine	cluster_42
SRR8192973	2018	Human	cluster_42
SRR8202283	2018	Swine	cluster_42
SRR8206305	2018	Swine	cluster_42
SRR8233986	2018	Swine	cluster_24
SRR8239150	2018	Human	cluster_24
SRR8248758	2018	Swine	cluster_24
SRR8248830	2018	Swine	cluster_42
SRR8252792	2018	Swine	cluster_34
SRR8252798	2018	Bovine	cluster_15
SRR8263135	2018	Swine	cluster_42
SRR8263743	2018	Swine	cluster_42
SRR8263933	2018	Swine	cluster_42
SRR8263942	2018	Swine	cluster_42
SRR8265949	2018	Human	cluster_34
SRR8268200	2018	Bovine	cluster_34
SRR8299111	2018	Human	cluster_42
SRR8299245	2018	Human	cluster_42
SRR8313037	2018	Swine	cluster_42
SRR8313063	2018	Swine	cluster_42
SRR8313085	2018	Swine	singleton_3
SRR8315373	2018	Swine	cluster_27
SRR8321715	2018	Human	cluster_16
SRR8334000	2018	Bovine	cluster_34
SRR8364791	2018	Swine	cluster_42
SRR8364820	2018	Swine	cluster_34
SRR8364855	2018	Swine	cluster_42
SRR8369855	2018	Swine	cluster_42
SRR8370608	2018	Swine	cluster_24
SRR8381520	2018	Bovine	cluster_34
SRR8395191	2018	Swine	cluster_34
SRR8422187	2018	Swine	cluster_34
SRR8430242	2018	Swine	cluster_42
SRR8430272	2018	Swine	cluster_42
SRR8430273	2018	Swine	cluster_42
SRR8434910	2018	Human	cluster_42
SRR8436147	2018	Swine	cluster_42
SRR8439955	2018	Human	cluster_13
SRR8460375	2018	Human	cluster_42
SRR8482318	2018	Human	cluster_28
SRR8495270	2019	Swine	cluster_42
SRR8511163	2018	Human	cluster_42
SRR8530700	2019	Human	cluster_42
SRR8540075	2019	Human	cluster_42
SRR8551795	2019	Human	singleton_42
SRR8551921	2019	Human	cluster_34
SRR8559135	2019	Swine	cluster_41
SRR8575674	2019	Human	cluster_16
SRR8592615	2019	Swine	cluster_42
SRR8593439	2019	Swine	cluster_34
SRR8598915	2019	Human	cluster_41
SRR8606613	2019	Swine	cluster_34
SRR8609056	2019	Swine	cluster_42
SRR8632952	2019	Swine	cluster_42
SRR8649784	2019	Swine	cluster_42
SRR8650139	2019	Swine	cluster_42
SRR8691112	2019	Swine	cluster_42
SRR8698545	2019	Swine	cluster_42
SRR8707568	2019	Swine	cluster_42
SRR8723121	2019	Swine	cluster_19
SRR8731612	2019	Swine	cluster_42
SRR8754582	2019	Swine	cluster_42
SRR8756781	2019	Human	cluster_34
SRR8781851	2019	Human	cluster_34
SRR8794508	2019	Swine	cluster_42
SRR8795003	2019	Swine	cluster_35
SRR8795004	2019	Swine	cluster_42
SRR8800805	2019	Swine	cluster_42
SRR8832635	2019	Swine	cluster_42
SRR8863391	2019	Swine	cluster_41
SRR8864210	2019	Swine	cluster_42
SRR8864216	2019	Swine	cluster_42
SRR8866281	2019	Human	cluster_30
SRR8878424	2019	Human	cluster_42
SRR8889129	2019	Human	cluster_40
SRR8924403	2019	Swine	cluster_34
SRR8924416	2019	Swine	cluster_34
SRR8925517	2019	Swine	cluster_42
SRR8926652	2019	Human	cluster_31
SRR8929910	2019	Swine	cluster_34
SRR8932720	2019	Human	cluster_25
SRR8933054	2019	Swine	cluster_42
SRR8942882	2019	Human	cluster_30
SRR8950306	2019	Swine	cluster_42
SRR8979010	2019	Human	cluster_35
SRR8984738	2019	Human	cluster_41
SRR9000441	2019	Swine	cluster_34
SRR9003184	2019	Human	cluster_42
SRR9017293	2019	Human	singleton_12
SRR9049092	2019	Swine	cluster_42
SRR9052077	2019	Human	cluster_42
SRR9066650	2019	Swine	cluster_24
SRR9066665	2019	Swine	cluster_42
SRR9066685	2019	Swine	cluster_42
SRR9066698	2019	Swine	cluster_34
SRR9074462	2019	Human	cluster_34
SRR9105588	2019	Swine	cluster_42
SRR9139717	2019	Swine	cluster_42
SRR9212388	2019	Swine	cluster_34
SRR9228701	2019	Swine	cluster_35
SRR9268188	2019	Human	cluster_24
SRR9283182	2019	Human	singleton_32
SRR9289398	2019	Swine	cluster_42
SRR9302533	2019	Human	cluster_42
SRR9326364	2019	Swine	cluster_35
SRR9335395	2019	Human	cluster_42
SRR9588277	2019	Human	cluster_23
SRR9590222	2019	Human	cluster_39
SRR9603457	2019	Swine	cluster_34
SRR9642736	2019	Swine	cluster_18
SRR9643020	2019	Swine	cluster_34
SRR9643023	2019	Swine	cluster_42
SRR9643034	2019	Swine	cluster_42
SRR9643276	2019	Swine	cluster_42
SRR9643278	2019	Swine	cluster_42
SRR9643372	2019	Swine	cluster_42
SRR9643397	2019	Swine	cluster_34
SRR9674360	2019	Swine	cluster_24
SRR9693858	2019	Human	cluster_35
SRR9694973	2019	Bovine	cluster_34
SRR9715844	2019	Swine	cluster_42
SRR9717190	2019	Swine	cluster_34
SRR9721865	2019	Bovine	cluster_34
SRR9721880	2019	Swine	cluster_42
SRR9737025	2019	Human	cluster_30
SRR9841881	2019	Swine	cluster_42
SRR9842102	2019	Swine	cluster_42
SRR9864981	2019	Other	cluster_34
SRR9875301	2019	Human	cluster_24
SRR9875340	2019	Swine	cluster_42
SRR9901544	2019	Human	cluster_6
SRR9901753	2019	Human	cluster_34
SRR9902299	2019	Human	cluster_23
SRR9910990	2019	Swine	cluster_34
SRR9917376	2019	Swine	cluster_40
SRR9943005	2019	Swine	cluster_42
SRR9943027	2019	Swine	cluster_42
SRR9943057	2019	Bovine	cluster_15
SRR9943399	2019	Swine	cluster_34
SRR9960068	2019	Human	cluster_6
SRR9961665	2019	Human	cluster_42
SRR9964773	2019	Human	cluster_42
SRR9971942	2019	Swine	singleton_13
SRR9973373	2009	Human	cluster_23
SRR9996225	2019	Human	cluster_6
