ID	Year	Source	MST-75
SRR10008463	2019	Bovine	cluster_80
SRR10012341	Unknown	Unspecified Animal	cluster_45
SRR10024012	Unknown	Human	singleton_357
SRR10034999	2019	Human	singleton_128
SRR10035360	2019	Human	cluster_7
SRR10036973	2019	Human	cluster_45
SRR10037997	2019	Bovine	cluster_74
SRR10045206	2019	Bovine	cluster_51
SRR10051049	Unknown	Human	singleton_203
SRR10061043	2019	Human	cluster_66
SRR10067821	2019	Human	cluster_30
SRR10068000	2019	Human	cluster_7
SRR10075142	2019	Human	cluster_56
SRR10080193	2019	Human	singleton_165
SRR10087574	Unknown	Human	singleton_82
SRR10095830	2019	Human	cluster_7
SRR10095877	2019	Human	cluster_50
SRR10108403	Unknown	Human	singleton_152
SRR10108483	2019	Human	singleton_65
SRR10117782	2019	Human	cluster_74
SRR10136212	2019	Human	cluster_76
SRR10152522	2019	Human	cluster_74
SRR10156113	2019	Bovine	cluster_51
SRR10159670	2019	Human	cluster_35
SRR10164114	2019	Swine	cluster_80
SRR10173837	2019	Bovine	cluster_42
SRR10187033	2019	Bovine	cluster_51
SRR10210303	2019	Human	singleton_183
SRR10225475	2019	Human	singleton_282
SRR10245363	2019	Human	singleton_195
SRR10257003	2019	Human	cluster_78
SRR10269632	2019	Bovine	cluster_42
SRR10270048	Unknown	Human	cluster_23
SRR10276519	2019	Human	cluster_63
SRR10286830	2019	Human	cluster_63
SRR10302162	2019	Human	singleton_177
SRR10346337	2019	Human	cluster_58
SRR10357016	2019	Bovine	cluster_76
SRR10380784	2019	Human	singleton_242
SRR10395324	2019	Human	singleton_353
SRR10416895	2019	Bovine	cluster_42
SRR10418203	2019	Human	singleton_237
SRR10426631	2019	Human	singleton_52
SRR10430408	2019	Human	cluster_81
SRR10448238	2019	Human	cluster_35
SRR10490496	2019	Human	singleton_275
SRR10500074	2019	Human	cluster_33
SRR10531332	2019	Human	singleton_193
SRR10574786	2019	Bovine	cluster_51
SRR10574876	2019	Bovine	cluster_51
SRR10608484	2019	Human	cluster_10
SRR10608738	2019	Human	singleton_74
SRR10612307	2019	Swine	cluster_51
SRR10615477	2019	Human	singleton_36
SRR10678217	2019	Human	singleton_293
SRR10696304	2019	Human	cluster_68
SRR10759713	2019	Human	cluster_38
SRR10759728	2019	Human	singleton_75
SRR10759829	2019	Human	cluster_49
SRR10761045	2019	Human	cluster_81
SRR10771160	2019	Human	cluster_10
SRR10815554	2019	Swine	cluster_34
SRR10822763	2019	Human	cluster_62
SRR10842923	2019	Swine	cluster_76
SRR10843552	2019	Human	singleton_307
SRR10843659	2019	Human	singleton_246
SRR10871218	2019	Human	singleton_103
SRR10874063	Unknown	Human	cluster_5
SRR10874101	2019	Human	singleton_28
SRR10874102	2019	Human	singleton_44
SRR10876648	Unknown	Human	cluster_5
SRR10901326	2019	Human	singleton_58
SRR10904015	2019	Human	singleton_37
SRR10970602	2020	Human	cluster_54
SRR10981217	2020	Human	cluster_38
SRR10981297	2020	Human	cluster_54
SRR10997529	2019	Human	singleton_190
SRR11028641	2019	Human	singleton_188
SRR11028643	2019	Human	singleton_249
SRR11032625	2019	Human	singleton_343
SRR11041619	2019	Human	singleton_262
SRR11048515	2020	Swine	cluster_80
SRR11051014	2020	Human	singleton_413
SRR11051801	2020	Human	cluster_58
SRR11069710	2020	Human	cluster_44
SRR11102086	2020	Swine	cluster_80
SRR11113502	2020	Human	cluster_44
SRR11122648	2019	Human	cluster_73
SRR11165072	2020	Human	singleton_411
SRR11165078	2020	Human	singleton_405
SRR11178142	2020	Human	cluster_58
SRR11178184	2020	Human	cluster_64
SRR11207779	Unknown	Human	cluster_80
SRR11214357	2020	Bovine	cluster_74
SRR11214483	2020	Human	singleton_219
SRR11214484	2020	Human	singleton_38
SRR11232263	2020	Bovine	cluster_76
SRR11232265	2020	Bovine	cluster_76
SRR11232273	2020	Bovine	cluster_76
SRR11232274	2020	Bovine	cluster_76
SRR11232276	2020	Bovine	cluster_76
SRR11232279	2020	Bovine	cluster_76
SRR11232280	2020	Bovine	cluster_76
SRR11232335	2020	Bovine	cluster_76
SRR11237914	2020	Human	singleton_90
SRR11252528	2020	Bovine	cluster_80
SRR11284303	Unknown	Human	singleton_315
SRR11298595	2020	Human	cluster_74
SRR11305026	2020	Human	cluster_51
SRR11313785	2019	Human	cluster_50
SRR11361890	2020	Human	cluster_74
SRR11445200	2020	Human	cluster_42
SRR11448874	2015	Human	cluster_90
SRR11448882	2015	Human	cluster_90
SRR11463546	2020	Human	cluster_81
SRR11491053	Unknown	Unspecified Animal	cluster_51
SRR11497200	2020	Human	cluster_34
SRR11497879	2020	Human	singleton_218
SRR11514727	2020	Human	cluster_23
SRR11514875	2020	Human	singleton_375
SRR11544514	2020	Swine	cluster_51
SRR11575821	2020	Human	cluster_35
SRR11575825	2020	Human	cluster_44
SRR11626769	2020	Human	cluster_35
SRR11680802	2020	Human	singleton_271
SRR11713154	2020	Human	cluster_51
SRR11799631	2020	Bovine	cluster_51
SRR11802390	2020	Swine	cluster_80
SRR11833004	2020	Swine	cluster_80
SRR11833399	2020	Swine	cluster_80
SRR11850484	2020	Human	singleton_243
SRR11858544	2020	Human	cluster_70
SRR11858571	2020	Human	singleton_76
SRR11858598	2020	Human	singleton_236
SRR11858695	2020	Human	singleton_240
SRR11858723	2019	Human	cluster_76
SRR11928484	2020	Bovine	cluster_76
SRR11955236	2020	Human	singleton_140
SRR11973526	2020	Human	singleton_419
SRR11973780	2020	Human	singleton_299
SRR12026445	2020	Human	singleton_400
SRR12045548	2020	Human	singleton_414
SRR12067017	2020	Human	singleton_43
SRR12076592	2020	Human	singleton_6
SRR12110040	2020	Human	cluster_38
SRR12117874	2020	Human	singleton_371
SRR12124766	2020	Human	cluster_42
SRR12150147	2020	Human	singleton_390
SRR12153339	2020	Human	singleton_216
SRR12164670	2020	Human	singleton_264
SRR12179644	2020	Human	cluster_55
SRR12188527	2020	Bovine	cluster_74
SRR12194049	2020	Bovine	cluster_80
SRR12208228	2020	Human	singleton_229
SRR12211482	2020	Human	singleton_176
SRR12216023	2020	Human	singleton_363
SRR12252351	2020	Human	singleton_159
SRR12274758	2020	Human	singleton_273
SRR12282263	2020	Human	cluster_55
SRR12283237	2020	Human	cluster_80
SRR12290231	2020	Human	cluster_78
SRR12319542	2020	Human	singleton_416
SRR12363268	2020	Swine	cluster_51
SRR12377516	2020	Bovine	cluster_80
SRR12389181	2020	Human	singleton_311
SRR12407610	2020	Human	cluster_34
SRR12424374	2020	Swine	cluster_80
SRR12424428	2020	Bovine	cluster_51
SRR12424430	2020	Bovine	cluster_51
SRR12463352	2020	Human	singleton_235
SRR12478116	2020	Human	singleton_160
SRR12478404	2020	Human	cluster_75
SRR12479616	2020	Bovine	cluster_51
SRR12491942	2020	Human	cluster_73
SRR12509962	2020	Human	singleton_116
SRR12516029	2020	Human	cluster_43
SRR12569828	2020	Human	cluster_17
SRR12582165	2020	Human	singleton_215
SRR12594435	2019	Human	singleton_83
SRR12595421	2020	Bovine	cluster_67
SRR12608677	2020	Human	singleton_79
SRR12626324	2020	Bovine	cluster_51
SRR12646309	2020	Bovine	cluster_74
SRR12646595	2020	Bovine	cluster_51
SRR12653855	2020	Human	singleton_142
SRR12683454	2020	Swine	cluster_80
SRR12689535	2020	Human	cluster_63
SRR12708977	2020	Bovine	cluster_51
SRR12730901	2020	Human	singleton_170
SRR12734359	2020	Bovine	cluster_51
SRR12764899	2020	Human	singleton_143
SRR12766655	2020	Human	cluster_50
SRR12777259	2020	Human	cluster_50
SRR12777262	2020	Human	cluster_42
SRR12778534	2020	Human	singleton_245
SRR12778546	2020	Human	singleton_372
SRR12781159	2020	Human	singleton_13
SRR12810496	2020	Human	cluster_17
SRR12827140	2020	Human	singleton_256
SRR12877501	2020	Human	cluster_80
SRR12884252	2020	Human	singleton_214
SRR12884630	2020	Human	cluster_58
SRR12885175	2020	Human	singleton_266
SRR12904985	2020	Human	cluster_51
SRR12908407	2020	Human	cluster_55
SRR12908409	2020	Human	cluster_55
SRR12938564	2020	Bovine	singleton_276
SRR12952564	2020	Human	singleton_290
SRR12952803	2020	Human	singleton_136
SRR12955310	2020	Bovine	cluster_42
SRR12957120	2020	Human	singleton_68
SRR12976631	2020	Bovine	cluster_51
SRR12994908	2020	Human	singleton_178
SRR12999838	2020	Human	singleton_261
SRR13020905	2020	Human	cluster_88
SRR13059435	2020	Swine	cluster_42
SRR13067369	2020	Human	singleton_99
SRR13068110	2019	Human	cluster_47
SRR13068251	2020	Human	singleton_361
SRR13068440	2019	Human	cluster_75
SRR13072629	2020	Human	cluster_59
SRR13075269	2020	Human	cluster_51
SRR13080697	2020	Human	singleton_239
SRR13081707	2020	Human	cluster_38
SRR13088042	2020	Human	singleton_53
SRR13090777	2020	Human	singleton_50
SRR13094667	2020	Human	cluster_42
SRR13105352	2020	Human	cluster_16
SRR13105353	2020	Human	cluster_16
SRR13161272	2020	Human	cluster_87
SRR13161390	2020	Human	singleton_194
SRR13182823	2020	Human	singleton_55
SRR13198523	2020	Human	singleton_253
SRR13245241	2020	Bovine	cluster_76
SRR13256601	2020	Human	cluster_42
SRR13271336	2020	Swine	cluster_80
SRR13271338	2020	Bovine	cluster_51
SRR13271360	2020	Bovine	cluster_51
SRR13277867	2020	Bovine	cluster_81
SRR13282492	2020	Human	cluster_87
SRR13293024	2020	Human	singleton_78
SRR13295005	2020	Human	cluster_42
SRR13295482	2020	Bovine	cluster_51
SRR13313978	2020	Human	cluster_55
SRR13337571	2020	Human	cluster_38
SRR13380256	2020	Bovine	cluster_51
SRR13389661	2020	Human	cluster_42
SRR13407440	2020	Human	cluster_42
SRR13421044	2020	Human	singleton_287
SRR13426210	2020	Human	singleton_208
SRR13446153	2020	Human	singleton_326
SRR13455250	2020	Human	cluster_51
SRR13520216	2020	Human	cluster_47
SRR13535233	2020	Human	cluster_28
SRR13641953	2021	Bovine	cluster_51
SRR13641967	2021	Human	cluster_29
SRR13648715	2021	Human	cluster_54
SRR13680583	2021	Human	cluster_29
SRR13680589	2021	Human	singleton_395
SRR13789065	2021	Human	singleton_12
SRR13790726	2021	Bovine	cluster_51
SRR13883606	2021	Bovine	cluster_74
SRR13927669	2021	Chicken	singleton_180
SRR13933658	2021	Human	singleton_141
SRR13933668	2021	Human	singleton_232
SRR14055064	2021	Bovine	cluster_51
SRR14057222	2020	Human	singleton_391
SRR14078146	2021	Human	singleton_332
SRR14097367	2021	Bovine	cluster_39
SRR14131162	2021	Bovine	cluster_80
SRR14131349	2021	Human	cluster_55
SRR14146087	2021	Unspecified Animal	cluster_50
SRR14252157	2021	Bovine	cluster_51
SRR14255428	2021	Human	cluster_80
SRR14319414	2021	Human	cluster_74
SRR14323459	2021	Bovine	cluster_43
SRR14341032	2021	Human	singleton_254
SRR14421781	2021	Bovine	cluster_42
SRR14521589	2021	Human	singleton_297
SRR14521639	2021	Human	cluster_67
SRR14521983	2021	Human	cluster_35
SRR14539535	2021	Human	cluster_80
SRR14554590	2021	Swine	cluster_74
SRR14563169	2021	Bovine	cluster_80
SRR14569525	2021	Human	cluster_67
SRR14631977	2021	Human	cluster_51
SRR14633222	2021	Human	cluster_13
SRR14634880	2021	Human	cluster_51
SRR14671878	2021	Human	cluster_13
SRR14722447	2021	Human	cluster_24
SRR14737525	2021	Human	singleton_164
SRR14739017	2021	Bovine	cluster_80
SRR14882777	2021	Bovine	cluster_51
SRR14891584	2021	Human	cluster_28
SRR14897826	2021	Swine	cluster_80
SRR14908177	2021	Human	cluster_42
SRR14918213	2021	Human	singleton_250
SRR14918246	2021	Human	singleton_227
SRR14933835	2021	Swine	cluster_80
SRR15013232	2021	Human	singleton_8
SRR15027038	2021	Human	singleton_306
SRR15027112	2021	Human	singleton_39
SRR15048712	2021	Human	singleton_168
SRR15054280	2021	Human	singleton_105
SRR15064600	2021	Bovine	cluster_81
SRR15064610	2021	Bovine	cluster_51
SRR15064705	2021	Bovine	cluster_51
SRR15070113	Unknown	Human	singleton_226
SRR15102573	2021	Swine	cluster_74
SRR15102647	2021	Bovine	cluster_51
SRR15108186	2021	Bovine	cluster_51
SRR15111412	2021	Bovine	cluster_51
SRR15130512	2021	Human	cluster_26
SRR15162147	2021	Human	cluster_65
SRR15178011	2021	Human	singleton_331
SRR15178374	2021	Human	cluster_50
SRR15178484	2021	Bovine	cluster_51
SRR15178499	2021	Bovine	cluster_80
SRR15178505	2021	Bovine	cluster_51
SRR15178507	2021	Bovine	cluster_51
SRR15192294	2021	Human	cluster_42
SRR15193227	2021	Human	cluster_62
SRR15197619	2021	Human	singleton_189
SRR15200102	2021	Human	singleton_207
SRR15202863	2021	Human	cluster_46
SRR15210115	2021	Human	singleton_80
SRR15216610	2021	Bovine	cluster_51
SRR15248935	2021	Human	singleton_346
SRR15249577	2021	Human	singleton_27
SRR15249596	2021	Human	singleton_398
SRR15249609	2021	Human	singleton_350
SRR15251470	2021	Human	singleton_327
SRR15288192	2021	Human	singleton_220
SRR15295163	2021	Human	cluster_50
SRR15305602	2021	Human	cluster_50
SRR15309200	2021	Human	cluster_21
SRR15327836	2021	Human	cluster_74
SRR15327847	2021	Human	singleton_241
SRR15339676	2021	Human	singleton_14
SRR15340332	2021	Human	cluster_21
SRR15361473	2021	Human	singleton_184
SRR15361578	2021	Human	singleton_72
SRR15367336	2021	Human	singleton_267
SRR15367562	2021	Human	singleton_244
SRR15374742	2021	Human	singleton_187
SRR15382857	2021	Human	singleton_360
SRR15401338	2021	Human	singleton_383
SRR15403837	2021	Human	cluster_60
SRR15403875	2021	Human	singleton_284
SRR15406704	2021	Human	cluster_82
SRR15411299	2021	Human	cluster_82
SRR15461926	2021	Human	cluster_14
SRR15488708	2021	Swine	cluster_80
SRR15522143	2021	Human	cluster_68
SRR15540701	2021	Human	cluster_24
SRR15564315	2021	Human	cluster_38
SRR15564818	2021	Human	singleton_355
SRR15566072	2021	Human	cluster_42
SRR15566073	2021	Human	cluster_42
SRR15567575	2021	Human	cluster_82
SRR15597944	2021	Human	cluster_27
SRR15607190	2021	Human	cluster_88
SRR15611818	2021	Human	singleton_320
SRR15611825	2021	Human	cluster_26
SRR15632865	2021	Human	singleton_204
SRR15635479	2021	Human	cluster_25
SRR15654499	2021	Human	singleton_288
SRR15654505	2021	Human	singleton_377
SRR15671057	2021	Bovine	cluster_27
SRR15702866	2021	Human	cluster_14
SRR15713728	2021	Human	cluster_38
SRR15736312	2021	Bovine	cluster_51
SRR15744458	2021	Bovine	cluster_51
SRR15780410	2021	Bovine	cluster_39
SRR15801584	2021	Human	singleton_71
SRR15831149	2021	Human	cluster_53
SRR15831248	2021	Human	singleton_393
SRR15831269	2021	Human	cluster_74
SRR15837043	2021	Human	cluster_76
SRR15837243	2021	Human	singleton_120
SRR15837357	2021	Human	cluster_53
SRR15861896	2021	Human	singleton_119
SRR15871655	2021	Human	singleton_56
SRR15879245	2021	Bovine	cluster_42
SRR15880989	2021	Human	singleton_205
SRR15896623	2021	Unspecified Animal	cluster_51
SRR15904972	2021	Human	singleton_270
SRR15912766	2021	Human	cluster_51
SRR15916580	2021	Unspecified Animal	cluster_39
SRR15943651	2021	Bovine	cluster_42
SRR15987199	2021	Human	cluster_74
SRR15988214	2021	Human	singleton_35
SRR16054253	2021	Human	cluster_80
SRR16100314	2021	Bovine	cluster_74
SRR16127394	2021	Human	cluster_53
SRR16150371	2021	Human	cluster_65
SRR16151722	2021	Human	cluster_43
SRR16153124	2021	Human	singleton_224
SRR16194373	2021	Human	singleton_107
SRR16241764	2021	Bovine	cluster_39
SRR16312206	2021	Human	cluster_35
SRR16312221	2021	Human	cluster_35
SRR16346377	2021	Human	singleton_259
SRR16356218	2021	Human	cluster_21
SRR16361993	2021	Human	cluster_68
SRR16478028	2021	Human	singleton_163
SRR16481894	2021	Human	cluster_25
SRR16501710	2021	Bovine	cluster_74
SRR16501712	2021	Bovine	cluster_74
SRR16519912	2021	Human	singleton_32
SRR16520564	2021	Human	cluster_38
SRR16541707	2021	Bovine	cluster_74
SRR16561891	2021	Bovine	cluster_51
SRR16561937	2021	Unspecified Animal	cluster_51
SRR16562154	2021	Human	cluster_50
SRR16563266	2021	Human	cluster_39
SRR16569090	2021	Human	singleton_162
SRR16569418	2021	Human	cluster_77
SRR16683901	2021	Human	cluster_57
SRR16692939	2021	Human	singleton_248
SRR16767971	2021	Swine	cluster_80
SRR16771558	2021	Human	cluster_35
SRR16820817	2021	Human	singleton_95
SRR16864059	2021	Swine	cluster_80
SRR16876444	2021	Swine	cluster_80
SRR16891908	2021	Human	cluster_51
SRR16913601	2021	Human	singleton_222
SRR16925636	2021	Human	cluster_35
SRR16926217	2021	Swine	cluster_80
SRR16957401	2021	Human	cluster_80
SRR16959401	2021	Human	singleton_61
SRR16969592	2021	Swine	cluster_80
SRR16975361	2021	Human	singleton_301
SRR16996927	2021	Bovine	cluster_42
SRR17001514	2021	Swine	cluster_80
SRR17009032	2021	Human	singleton_202
SRR17120392	2021	Human	singleton_412
SRR17168023	2021	Human	cluster_75
SRR17196620	2021	Human	singleton_369
SRR17281203	2021	Human	cluster_81
SRR17282699	2021	Human	cluster_43
SRR17379681	2021	Human	singleton_41
SRR17413244	2021	Human	singleton_108
SRR17427061	2021	Human	cluster_51
SRR17449083	2021	Human	singleton_63
SRR17541413	2022	Human	cluster_82
SRR17609190	2021	Human	singleton_356
SRR17621883	2021	Human	cluster_51
SRR17658153	2021	Bovine	cluster_51
SRR17664271	2021	Human	singleton_67
SRR17665530	2021	Human	cluster_69
SRR17818666	2021	Swine	cluster_80
SRR17818667	2021	Bovine	cluster_51
SRR17967452	2021	Bovine	cluster_51
SRR17967453	2021	Bovine	cluster_51
SRR17967454	2021	Bovine	cluster_51
SRR17967456	2021	Bovine	cluster_51
SRR17967457	2021	Bovine	cluster_51
SRR17983476	2022	Human	singleton_431
SRR18015841	Unknown	Human	singleton_158
SRR18044689	2021	Bovine	cluster_51
SRR18050575	2021	Human	cluster_47
SRR18054163	2022	Human	singleton_292
SRR18054184	2022	Human	cluster_32
SRR18054193	2022	Human	cluster_32
SRR18054203	2022	Human	cluster_32
SRR18106330	2022	Bovine	cluster_51
SRR18116046	2022	Human	cluster_42
SRR18131585	2022	Human	singleton_257
SRR18171572	2022	Human	cluster_32
SRR18230676	2022	Human	cluster_44
SRR18271749	2022	Human	cluster_82
SRR18272044	2022	Human	cluster_51
SRR18274683	2022	Human	cluster_51
SRR18349413	2022	Human	singleton_5
SRR18399903	2022	Human	cluster_51
SRR18435162	2022	Human	cluster_61
SRR18464327	2022	Human	singleton_199
SRR18605036	2022	Human	singleton_428
SRR18688572	2022	Swine	cluster_44
SRR18741589	2022	Human	cluster_44
SRR18747123	2022	Human	cluster_22
SRR18771821	2022	Human	singleton_424
SRR18796917	2022	Human	cluster_50
SRR18914205	2022	Human	cluster_40
SRR18914361	2022	Human	singleton_186
SRR18915590	2022	Human	cluster_55
SRR18915663	2022	Bovine	cluster_51
SRR18923406	2022	Human	singleton_337
SRR18962126	2022	Human	cluster_69
SRR19039035	2022	Human	singleton_345
SRR19128801	2022	Human	cluster_20
SRR19129010	2022	Human	cluster_27
SRR19149369	2022	Human	cluster_42
SRR19159170	2022	Swine	cluster_74
SRR19225103	2022	Human	singleton_374
SRR19227092	2022	Human	singleton_425
SRR19241096	2022	Human	singleton_376
SRR19276911	2022	Human	singleton_231
SRR19277151	2022	Bovine	cluster_51
SRR19310262	2022	Human	singleton_18
SRR19358567	2022	Bovine	cluster_51
SRR19372548	2022	Human	singleton_403
SRR19431272	2021	Bovine	cluster_51
SRR19431734	2022	Bovine	cluster_51
SRR19513016	2022	Human	cluster_51
SRR19546121	2022	Human	singleton_309
SRR19546733	2022	Human	cluster_80
SRR19551336	2022	Swine	cluster_80
SRR19560729	2022	Human	singleton_47
SRR19571303	2022	Human	singleton_30
SRR19582136	2022	Human	singleton_181
SRR19594351	2022	Human	cluster_38
SRR19595109	2022	Human	singleton_225
SRR19619764	2022	Human	cluster_20
SRR19647188	2022	Human	cluster_84
SRR19662899	2022	Human	cluster_39
SRR19696269	2022	Bovine	cluster_51
SRR19768622	2022	Human	singleton_328
SRR19779143	2022	Human	singleton_291
SRR19779145	2022	Human	cluster_89
SRR19785205	2022	Human	cluster_75
SRR19837448	2022	Human	cluster_39
SRR19847022	2022	Bovine	cluster_80
SRR19865892	2022	Human	cluster_89
SRR19878619	2022	Human	cluster_35
SRR19887553	2022	Human	cluster_44
SRR19887555	2022	Human	cluster_44
SRR19887575	2022	Human	cluster_44
SRR19897786	2022	Human	cluster_80
SRR19900729	2022	Human	singleton_285
SRR19908123	2022	Human	singleton_129
SRR19927811	2022	Bovine	cluster_39
SRR19986840	2022	Human	cluster_80
SRR19992504	2022	Bovine	cluster_39
SRR20020250	2022	Human	cluster_51
SRR20077199	2022	Human	singleton_155
SRR20077319	2022	Human	cluster_40
SRR20078600	2022	Human	cluster_39
SRR20081442	2022	Human	cluster_84
SRR20084801	2022	Human	singleton_349
SRR20106694	2022	Human	singleton_139
SRR20106769	2022	Human	singleton_172
SRR20138888	2022	Human	cluster_38
SRR20140352	2022	Human	singleton_334
SRR20168060	2022	Human	singleton_23
SRR20168125	2022	Human	singleton_145
SRR20282258	2022	Human	singleton_352
SRR20282998	2022	Bovine	cluster_51
SRR20288972	2022	Human	cluster_38
SRR20301647	2022	Human	cluster_44
SRR20307718	2022	Human	cluster_51
SRR20331355	2022	Human	singleton_157
SRR20331363	2022	Human	singleton_378
SRR20341355	2022	Human	singleton_94
SRR20414661	2022	Human	singleton_167
SRR20689877	2022	Human	singleton_365
SRR20715616	2022	Human	singleton_101
SRR20715617	2022	Human	singleton_173
SRR20715619	2022	Human	singleton_233
SRR20729156	2022	Human	cluster_39
SRR20729170	2022	Human	singleton_322
SRR20749515	2022	Human	singleton_135
SRR20810429	2022	Human	cluster_38
SRR20815119	2022	Human	cluster_80
SRR20964716	2022	Bovine	cluster_51
SRR20964862	2022	Human	singleton_359
SRR21007601	2022	Human	singleton_62
SRR21009185	2022	Swine	cluster_74
SRR21026372	2022	Human	singleton_344
SRR21029579	2022	Human	cluster_38
SRR21085097	2022	Swine	cluster_80
SRR21086588	2022	Bovine	cluster_51
SRR21086628	2022	Bovine	cluster_74
SRR21113379	2022	Human	cluster_80
SRR21115257	2022	Swine	cluster_74
SRR21146223	2022	Human	cluster_85
SRR21164727	2022	Human	singleton_283
SRR21187069	2022	Human	cluster_51
SRR21191793	2022	Bovine	cluster_51
SRR21197637	2022	Swine	cluster_74
SRR21203585	2022	Swine	cluster_74
SRR21291805	2022	Human	singleton_126
SRR21294738	2022	Bovine	cluster_76
SRR21376936	2022	Human	singleton_88
SRR21377638	2022	Human	singleton_295
SRR21380831	2022	Bovine	cluster_51
SRR21391366	2022	Human	cluster_80
SRR21401710	2022	Human	cluster_50
SRR21403248	2022	Human	singleton_255
SRR21403269	2022	Human	singleton_252
SRR21403981	2022	Human	singleton_401
SRR21440089	2022	Human	singleton_4
SRR21443959	2022	Human	singleton_321
SRR21443964	2022	Human	cluster_51
SRR21465908	2022	Human	cluster_80
SRR21503339	2022	Human	singleton_304
SRR21533648	2022	Bovine	cluster_39
SRR21570728	2022	Human	cluster_44
SRR21573773	2022	Human	singleton_211
SRR21590067	2022	Human	singleton_161
SRR21593505	2022	Human	singleton_174
SRR21607376	2022	Human	singleton_64
SRR21625554	2022	Human	singleton_386
SRR21626867	2022	Human	singleton_49
SRR21628914	2022	Bovine	cluster_51
SRR21639865	2022	Human	cluster_44
SRR21649362	2022	Sheep/Goat	cluster_39
SRR21658890	2022	Human	singleton_394
SRR21660857	2022	Human	singleton_109
SRR21662136	2022	Chicken	cluster_51
SRR21662334	2022	Bovine	cluster_51
SRR21662783	2022	Bovine	cluster_51
SRR21676361	2022	Human	cluster_67
SRR21677644	2022	Human	cluster_47
SRR21684205	2022	Human	singleton_210
SRR21697124	2022	Human	cluster_80
SRR21728125	2022	Human	cluster_85
SRR21728131	2022	Human	cluster_31
SRR21728185	2022	Human	cluster_31
SRR21736299	2022	Human	cluster_44
SRR21743040	2022	Human	cluster_39
SRR21771223	2022	Bovine	cluster_51
SRR21803018	2022	Human	cluster_44
SRR21813506	2022	Human	cluster_38
SRR21838889	2022	Human	singleton_336
SRR21839652	2022	Human	singleton_156
SRR21851669	2022	Human	cluster_44
SRR21853699	2022	Human	singleton_324
SRR21854226	2022	Human	cluster_55
SRR21872241	2022	Sheep/Goat	cluster_74
SRR21882770	2022	Human	cluster_31
SRR21890818	2022	Human	singleton_358
SRR21897137	2022	Human	singleton_429
SRR21908082	2022	Bovine	cluster_74
SRR21909435	2022	Swine	cluster_80
SRR21911640	2022	Human	cluster_44
SRR21936152	2022	Human	singleton_48
SRR21948622	2022	Human	cluster_35
SRR21986770	2022	Human	singleton_308
SRR22002189	2022	Human	cluster_11
SRR22004963	2022	Bovine	cluster_51
SRR22006959	2022	Bovine	cluster_51
SRR22007275	2022	Human	cluster_11
SRR22024496	2022	Human	singleton_54
SRR22032382	2022	Human	cluster_86
SRR22033701	2022	Human	cluster_86
SRR22069486	2022	Human	cluster_66
SRR22143866	2022	Human	cluster_44
SRR22175788	2022	Human	singleton_132
SRR22176026	2022	Human	singleton_329
SRR22179834	2022	Human	singleton_22
SRR22188681	2022	Human	cluster_34
SRR22257002	2022	Human	cluster_36
SRR22257015	2022	Human	cluster_42
SRR22301439	2022	Human	cluster_74
SRR22355430	2022	Bovine	cluster_51
SRR22366365	2022	Bovine	cluster_39
SRR22378086	2022	Human	cluster_31
SRR22378097	2022	Human	cluster_31
SRR22378124	2022	Human	singleton_133
SRR22378129	2022	Human	singleton_396
SRR22390116	2022	Human	cluster_50
SRR22398373	2022	Human	cluster_51
SRR22398410	2022	Bovine	cluster_51
SRR22442224	2022	Human	cluster_51
SRR22479941	2022	Human	singleton_279
SRR22483843	2022	Human	singleton_387
SRR22486370	2022	Human	cluster_39
SRR22535764	2022	Human	cluster_77
SRR22540127	2022	Human	singleton_85
SRR22548927	2022	Human	singleton_281
SRR22721135	2022	Human	cluster_38
SRR22730751	2022	Human	cluster_12
SRR22730754	2022	Human	cluster_12
SRR22733422	2022	Human	cluster_80
SRR22753255	2022	Human	cluster_80
SRR22764201	2022	Human	singleton_113
SRR22768368	2022	Human	singleton_209
SRR22784976	2022	Human	cluster_57
SRR22810402	2022	Swine	cluster_80
SRR22881704	2022	Human	cluster_33
SRR22881724	2022	Human	singleton_312
SRR22902095	2022	Human	cluster_38
SRR22961046	2022	Human	cluster_38
SRR23070833	2022	Bovine	cluster_39
SRR23070907	2022	Bovine	singleton_303
SRR23116392	2022	Bovine	cluster_30
SRR23149002	2022	Human	singleton_114
SRR23198722	2022	Human	cluster_61
SRR23310589	2023	Human	cluster_38
SRR23333127	2023	Swine	cluster_74
SRR23371463	2023	Human	cluster_44
SRR23406936	2023	Human	cluster_22
SRR23446748	2023	Human	cluster_63
SRR23446888	2023	Human	cluster_32
SRR23447333	2023	Human	cluster_50
SRR23471015	2023	Human	cluster_82
SRR23473193	2023	Human	cluster_31
SRR23499592	2023	Human	cluster_35
SRR23510713	2023	Human	singleton_70
SRR23558707	2023	Human	cluster_35
SRR23613931	2023	Bovine	cluster_74
SRR23638684	2023	Human	singleton_86
SRR23686484	2023	Swine	cluster_80
SRR23747661	2023	Human	singleton_1
SRR23747731	2023	Human	singleton_280
SRR23749924	2023	Human	singleton_317
SRR23759106	2023	Human	cluster_39
SRR23829585	2023	Swine	cluster_80
SRR23848064	2023	Turkey	cluster_51
SRR23851743	2023	Human	singleton_131
SRR23854002	2023	Human	cluster_61
SRR23875774	2023	Human	singleton_366
SRR23913663	2023	Human	singleton_123
SRR23930992	2023	Bovine	cluster_65
SRR23989879	2023	Human	singleton_238
SRR24015909	2023	Human	cluster_51
SRR24017567	2023	Human	singleton_102
SRR24065852	2023	Human	singleton_423
SRR24120346	2023	Human	cluster_44
SRR24121397	2023	Swine	cluster_80
SRR24225036	2023	Human	cluster_22
SRR24283758	2023	Human	cluster_61
SRR24301060	2023	Human	cluster_22
SRR24335464	2022	Human	cluster_51
SRR24466587	2023	Human	singleton_137
SRR24466590	2023	Human	cluster_83
SRR24480425	2023	Swine	cluster_80
SRR24496737	2023	Human	singleton_175
SRR24509759	2023	Other	cluster_15
SRR24510052	2023	Other	cluster_15
SRR24581605	2023	Human	singleton_100
SRR24601249	2023	Human	cluster_83
SRR24638483	2023	Human	cluster_58
SRR24686698	2023	Human	singleton_46
SRR24695073	2023	Human	cluster_47
SRR24705731	2023	Human	cluster_37
SRR24727011	2023	Human	cluster_50
SRR24762643	2023	Human	cluster_61
SRR24797741	2023	Bovine	cluster_51
SRR24882323	2023	Human	singleton_427
SRR24895549	2023	Bovine	cluster_51
SRR24896313	2023	Human	singleton_330
SRR24927794	2023	Human	cluster_51
SRR24937953	2023	Human	singleton_348
SRR24970922	2023	Human	cluster_57
SRR24977818	2023	Human	singleton_150
SRR24978492	2023	Bovine	cluster_51
SRR24982810	2023	Human	cluster_51
SRR25023917	2023	Human	singleton_33
SRR25035633	2023	Human	cluster_75
SRR25099032	2023	Human	singleton_296
SRR25099041	2023	Human	singleton_34
SRR25113942	2023	Human	singleton_40
SRR25116281	2023	Human	singleton_408
SRR25146555	2023	Human	singleton_92
SRR25147168	2023	Human	singleton_294
SRR25221883	2023	Human	cluster_50
SRR25233332	2023	Human	cluster_58
SRR25258295	2023	Human	singleton_154
SRR25278783	2023	Human	singleton_382
SRR25278893	2023	Human	singleton_333
SRR25278897	2023	Human	singleton_385
SRR25278898	2023	Human	singleton_111
SRR25288280	2023	Human	cluster_52
SRR25304528	2023	Human	singleton_351
SRR25306247	2023	Bovine	cluster_51
SRR25306927	2023	Human	cluster_55
SRR25361739	2023	Human	singleton_389
SRR25402890	2023	Human	singleton_151
SRR25404159	2023	Human	singleton_144
SRR25404240	2023	Human	singleton_339
SRR25439428	2023	Human	singleton_338
SRR25448743	2023	Human	singleton_213
SRR25464462	2023	Human	singleton_115
SRR25490095	2023	Human	cluster_30
SRR25493199	2023	Human	cluster_38
SRR25502158	2023	Human	cluster_43
SRR25505032	2023	Human	singleton_206
SRR25517469	2023	Human	cluster_44
SRR25569694	2023	Human	singleton_373
SRR25583652	2023	Human	singleton_45
SRR25617342	2023	Human	cluster_38
SRR25634326	2023	Human	singleton_112
SRR25688955	2023	Human	cluster_58
SRR25691069	2023	Human	cluster_58
SRR25711896	2023	Human	cluster_43
SRR25713433	2023	Bovine	cluster_51
SRR25724581	2023	Human	cluster_50
SRR25727908	2023	Bovine	cluster_51
SRR25728122	2023	Swine	cluster_44
SRR25729219	2023	Human	cluster_45
SRR25729367	2023	Human	cluster_45
SRR25730313	2023	Human	cluster_55
SRR25748241	2023	Human	cluster_35
SRR25755212	2023	Human	singleton_402
SRR25761374	2023	Human	cluster_4
SRR25763870	2023	Bovine	cluster_51
SRR25764437	2023	Human	singleton_69
SRR25764447	2023	Human	cluster_43
SRR25808379	2023	Human	cluster_44
SRR25872756	2023	Human	cluster_58
SRR25923574	2023	Human	singleton_397
SRR25923776	2023	Bovine	cluster_51
SRR25923779	2023	Bovine	cluster_51
SRR25923780	2023	Bovine	cluster_51
SRR25923783	2023	Bovine	cluster_51
SRR25931017	2023	Human	cluster_55
SRR25944629	2023	Human	singleton_362
SRR26028054	2023	Human	singleton_370
SRR26030091	2023	Human	cluster_38
SRR26042965	2023	Swine	cluster_44
SRR26050092	2023	Human	cluster_4
SRR26094039	2023	Human	cluster_31
SRR26094088	2023	Human	cluster_66
SRR26096375	2023	Human	singleton_59
SRR26124911	2023	Human	singleton_185
SRR26132818	2023	Human	cluster_44
SRR26146392	2023	Human	cluster_44
SRR26146452	2023	Human	cluster_44
SRR26147023	2023	Human	cluster_44
SRR26164811	2023	Human	cluster_44
SRR26191508	2023	Human	singleton_15
SRR26196915	2023	Human	singleton_404
SRR26204351	2023	Human	singleton_364
SRR26208388	2023	Human	cluster_4
SRR26208871	2023	Human	cluster_30
SRR26264886	2023	Human	cluster_4
SRR26287623	2023	Human	cluster_55
SRR26353192	2023	Human	cluster_80
SRR26379071	2023	Human	cluster_1
SRR26393712	2023	Human	cluster_44
SRR26436362	2023	Human	cluster_39
SRR26440699	2023	Human	singleton_11
SRR26473575	2023	Bovine	cluster_74
SRR26495092	2023	Human	cluster_76
SRR26501600	2023	Human	cluster_31
SRR26533676	2023	Human	cluster_4
SRR26544647	2023	Human	singleton_289
SRR26583877	2023	Human	cluster_44
SRR26584134	2023	Human	singleton_19
SRR26586724	2023	Human	cluster_75
SRR26665014	2023	Human	singleton_60
SRR26683581	2023	Human	singleton_302
SRR26806973	2023	Human	cluster_3
SRR26825724	2023	Human	cluster_38
SRR26826495	2023	Human	cluster_42
SRR26848098	2023	Human	cluster_30
SRR26854456	2023	Human	cluster_44
SRR26889261	2023	Human	singleton_51
SRR26889263	2023	Human	singleton_221
SRR26890785	2023	Human	cluster_43
SRR26920265	2023	Human	singleton_20
SRR26954914	2023	Human	cluster_46
SRR26968994	2023	Human	singleton_258
SRR27011395	2023	Human	singleton_198
SRR27019523	2023	Human	singleton_77
SRR27036101	2023	Human	cluster_8
SRR27049159	2023	Human	cluster_3
SRR27078387	2023	Human	singleton_417
SRR27107161	2023	Human	singleton_286
SRR27184291	2023	Human	cluster_8
SRR27185144	2023	Human	singleton_212
SRR27200197	2023	Human	cluster_50
SRR27221621	2023	Human	singleton_230
SRR27242706	2023	Human	singleton_368
SRR27242726	2023	Human	singleton_66
SRR27271386	2023	Human	cluster_74
SRR27308456	2023	Bovine	cluster_39
SRR27338707	2023	Bovine	cluster_39
SRR27346437	2023	Other Animal	cluster_51
SRR27379587	2023	Human	singleton_409
SRR27398408	2023	Bovine	cluster_39
SRR27407354	2023	Human	cluster_36
SRR27468338	2023	Human	singleton_127
SRR27472262	2023	Human	cluster_43
SRR27479784	2023	Bovine	cluster_51
SRR27482301	2023	Human	singleton_313
SRR27488240	2023	Human	NA
SRR27504390	2023	Human	singleton_24
SRR27560310	2023	Human	singleton_381
SRR27560375	2023	Unspecified Animal	cluster_59
SRR27563347	2023	Human	singleton_31
SRR27592483	2023	Human	singleton_347
SRR27596883	2024	Bovine	cluster_74
SRR27681521	2024	Human	singleton_407
SRR27682251	2024	Swine	cluster_80
SRR27693698	2023	Human	singleton_420
SRR27724291	2023	Human	cluster_55
SRR27744232	2024	Human	cluster_35
SRR27788961	2024	Human	singleton_73
SRR27833490	2023	Human	singleton_125
SRR27836864	2024	Human	singleton_300
SRR27872782	2024	Human	singleton_314
SRR27888086	2024	Human	cluster_6
SRR27919075	2024	Bovine	cluster_74
SRR27946265	2024	Human	singleton_146
SRR27958863	2023	Human	singleton_97
SRR27959483	2024	Bovine	cluster_67
SRR28013893	2024	Human	cluster_6
SRR28014045	2024	Human	cluster_55
SRR28075707	2024	Human	cluster_47
SRR28095095	2024	Human	cluster_35
SRR28146373	2024	Human	cluster_44
SRR28152780	2024	Human	cluster_38
SRR28197365	2024	Swine	cluster_51
SRR28199669	2024	Bovine	cluster_51
SRR28208209	2024	Bovine	singleton_96
SRR28215627	2024	Human	singleton_269
SRR28285030	2024	Bovine	cluster_51
SRR28294568	2024	Human	cluster_35
SRR28355108	2024	Human	cluster_76
SRR28355165	2024	Human	cluster_36
SRR2981104	2015	Bovine	cluster_74
SRR3031826	2015	Bovine	cluster_51
SRR3033325	2015	Swine	singleton_342
SRR3402074	2016	Swine	cluster_80
SRR3642935	2016	Human	singleton_340
SRR3713642	Unknown	Human	cluster_42
SRR3726299	2016	Other	singleton_197
SRR3732307	2010	Human	singleton_26
SRR3928707	2016	Bovine	cluster_39
SRR3928710	2016	Bovine	cluster_39
SRR3999882	2016	Human	singleton_81
SRR3999991	2016	Human	cluster_41
SRR4005288	2016	Bovine	cluster_51
SRR4018352	2016	Swine	cluster_76
SRR4045021	2016	Swine	cluster_80
SRR4100117	2004	Human	cluster_50
SRR4100118	2005	Human	cluster_43
SRR4281419	2016	Swine	cluster_74
SRR4342917	2016	Human	cluster_41
SRR4418294	2016	Other	singleton_166
SRR4418295	2016	Other	singleton_130
SRR4434219	2016	Bovine	cluster_74
SRR4434228	2016	Bovine	cluster_80
SRR4841729	2016	Human	cluster_38
SRR5023226	2016	Human	cluster_63
SRR5063034	2016	Human	cluster_50
SRR5075622	2016	Bovine	cluster_51
SRR5079901	2016	Bovine	cluster_51
SRR5081411	2016	Human	singleton_148
SRR5110543	2016	Human	singleton_223
SRR5110546	2016	Human	cluster_50
SRR5110550	Unknown	Human	cluster_50
SRR5110555	2016	Human	cluster_63
SRR5110558	2016	Human	cluster_52
SRR5110560	2016	Human	cluster_63
SRR5110568	2016	Human	cluster_63
SRR5120943	2016	Bovine	cluster_80
SRR5121496	2016	Human	cluster_67
SRR5121586	2016	Human	cluster_71
SRR5125999	2016	Human	singleton_118
SRR5132358	2016	Human	singleton_149
SRR5145202	2016	Human	cluster_50
SRR5152056	2016	Human	cluster_50
SRR5152115	2016	Human	cluster_67
SRR5170154	2016	Human	cluster_18
SRR5221520	Unknown	Human	cluster_50
SRR5238191	2017	Human	singleton_247
SRR5238308	2017	Human	cluster_42
SRR5251609	2016	Swine	cluster_80
SRR5335978	2017	Human	cluster_63
SRR5361545	2017	Human	cluster_35
SRR5376226	2017	Bovine	singleton_124
SRR5379138	2016	Human	cluster_60
SRR5408938	2017	Human	cluster_18
SRR5413279	2017	Human	cluster_50
SRR5418884	2017	Human	cluster_34
SRR5440583	2017	Human	cluster_68
SRR5501165	2017	Human	cluster_72
SRR5508422	2017	Human	singleton_354
SRR5508448	2016	Human	singleton_251
SRR5514438	2017	Bovine	cluster_39
SRR5514440	2017	Bovine	cluster_74
SRR5574832	2017	Human	cluster_47
SRR5578719	2017	Human	cluster_51
SRR5583110	2017	Human	singleton_182
SRR5583869	2017	Human	singleton_260
SRR5588625	2017	Human	singleton_110
SRR5632233	2017	Human	singleton_84
SRR5642207	2017	Human	cluster_76
SRR5646624	2017	Bovine	cluster_51
SRR5646691	2017	Bovine	cluster_51
SRR5655456	2017	Human	cluster_63
SRR5676369	2017	Human	singleton_406
SRR5682863	2017	Human	cluster_61
SRR5704992	2017	Swine	cluster_51
SRR5714228	2017	Human	singleton_316
SRR5714839	2017	Human	singleton_263
SRR5723932	2017	Human	cluster_50
SRR5742365	2017	Human	cluster_61
SRR5819517	2017	Bovine	cluster_74
SRR5828285	2017	Bovine	cluster_51
SRR5851118	2017	Human	singleton_298
SRR5884526	2017	Swine	cluster_80
SRR5887854	2017	Human	singleton_106
SRR5901564	2017	Bovine	cluster_51
SRR5909492	2017	Human	singleton_134
SRR5921248	2017	Human	singleton_192
SRR5921498	2017	Human	singleton_21
SRR5935615	Unknown	Human	singleton_380
SRR5945310	Unknown	Bovine	cluster_80
SRR5945313	Unknown	Bovine	cluster_80
SRR5945315	Unknown	Bovine	cluster_80
SRR5951317	2010	Other Animal	cluster_43
SRR5990953	2017	Human	cluster_1
SRR5993043	2017	Human	cluster_79
SRR5993082	2017	Human	cluster_50
SRR6029203	2017	Human	cluster_63
SRR6029277	2017	Human	singleton_196
SRR6042485	2017	Human	singleton_325
SRR6050822	2017	Human	cluster_72
SRR6051524	2017	Swine	cluster_74
SRR6051528	2017	Bovine	cluster_74
SRR6054135	2017	Human	singleton_91
SRR6107317	2017	Human	cluster_43
SRR6131643	2017	Bovine	cluster_51
SRR6134231	2017	Human	singleton_87
SRR6143731	2017	Human	singleton_430
SRR6155354	2017	Human	cluster_74
SRR6158625	2017	Human	singleton_57
SRR6165644	2017	Human	cluster_43
SRR6195135	2017	Human	singleton_228
SRR6203190	2010	Other Animal	cluster_43
SRR6203664	2008	Human	cluster_43
SRR6217902	2017	Human	singleton_122
SRR6243369	2017	Unknown	cluster_74
SRR6243399	2017	Human	singleton_341
SRR6255453	2017	Bovine	cluster_51
SRR6289577	2017	Human	cluster_31
SRR6310658	2017	Human	cluster_42
SRR6317134	2017	Other	cluster_74
SRR6335204	2017	Bovine	cluster_39
SRR6337538	2017	Swine	cluster_80
SRR6354071	2017	Bovine	cluster_74
SRR6356146	2017	Bovine	cluster_80
SRR6371596	2017	Human	cluster_80
SRR6373669	2017	Human	singleton_98
SRR6384924	2017	Human	singleton_305
SRR6385505	2017	Human	singleton_25
SRR6412480	2017	Human	cluster_50
SRR6426127	2017	Swine	cluster_80
SRR6434115	2017	Human	cluster_50
SRR6446729	2017	Human	cluster_50
SRR6457927	2017	Human	cluster_37
SRR6481323	2017	Human	singleton_318
SRR6485425	2017	Human	singleton_392
SRR6650874	2017	Human	cluster_80
SRR6677387	2018	Human	cluster_68
SRR6687328	2017	Human	cluster_80
SRR6703752	2017	Human	singleton_367
SRR6703772	2017	Human	cluster_81
SRR6715691	2018	Human	cluster_50
SRR6791836	2018	Human	cluster_65
SRR6794956	2018	Human	cluster_75
SRR6813661	2017	Human	singleton_104
SRR6870647	2017	Human	cluster_19
SRR6879891	2017	Human	cluster_19
SRR6880182	2018	Human	cluster_51
SRR6903155	2018	Human	singleton_217
SRR6926892	2017	Human	cluster_80
SRR6933120	2018	Bovine	cluster_51
SRR6940357	2018	Bovine	cluster_34
SRR6984565	2018	Human	cluster_51
SRR6984601	2018	Human	cluster_50
SRR7028058	2018	Human	cluster_35
SRR7039670	2018	Human	cluster_50
SRR7063439	2017	Human	singleton_169
SRR7081880	2017	Human	cluster_4
SRR7089242	2018	Human	singleton_138
SRR7105153	2018	Human	cluster_76
SRR7127927	2017	Human	singleton_388
SRR7132610	2018	Human	cluster_68
SRR7234453	2017	Human	cluster_33
SRR7234711	2017	Human	cluster_57
SRR7253119	Unknown	Bovine	cluster_80
SRR7257603	2018	Bovine	cluster_80
SRR7263159	2018	Human	cluster_80
SRR7267894	2018	Swine	cluster_39
SRR7346618	2018	Human	cluster_80
SRR7348194	2018	Human	singleton_147
SRR7348304	2018	Human	cluster_66
SRR7358419	2018	Swine	cluster_34
SRR7414638	2018	Human	cluster_51
SRR7449523	2018	Bovine	cluster_51
SRR7504625	Unknown	Human	singleton_171
SRR7518641	2018	Human	cluster_50
SRR7524713	2018	Human	cluster_9
SRR7528268	2018	Bovine	cluster_34
SRR7541281	2018	Human	cluster_48
SRR7541288	2018	Human	singleton_265
SRR7545613	2018	Human	cluster_51
SRR7588127	2018	Human	singleton_7
SRR7610569	2018	Human	cluster_48
SRR7610571	2018	Human	cluster_48
SRR7610572	2018	Human	cluster_48
SRR7610580	2018	Human	cluster_48
SRR7610581	2018	Human	cluster_48
SRR7610584	2018	Human	cluster_48
SRR7610585	2018	Human	cluster_48
SRR7610586	2018	Human	cluster_48
SRR7610587	2018	Human	cluster_48
SRR7610591	2018	Human	cluster_48
SRR7610592	2018	Human	cluster_48
SRR7610594	2018	Human	cluster_48
SRR7610595	2018	Human	cluster_48
SRR7610637	2018	Human	cluster_48
SRR7610638	2018	Human	cluster_48
SRR7620464	2018	Human	cluster_48
SRR7627651	2018	Human	cluster_51
SRR7633151	2018	Other	cluster_9
SRR7633311	2018	Human	cluster_48
SRR7633312	2018	Human	cluster_48
SRR7633322	2018	Human	cluster_48
SRR7633337	2018	Human	cluster_48
SRR7648364	2018	Human	cluster_48
SRR7648368	2018	Human	cluster_48
SRR7648375	2018	Human	cluster_48
SRR7652626	2018	Human	cluster_48
SRR7652643	2018	Human	singleton_42
SRR7652645	2018	Human	cluster_48
SRR7664551	2018	Human	cluster_48
SRR7664572	2018	Human	cluster_48
SRR7664628	2018	Human	cluster_48
SRR7664631	2018	Human	cluster_48
SRR7664632	2018	Human	cluster_48
SRR7691950	2018	Swine	cluster_34
SRR7693562	2018	Bovine	cluster_80
SRR7703091	2018	Human	cluster_51
SRR7703138	2018	Human	cluster_48
SRR7703363	2018	Human	cluster_48
SRR7703365	2018	Human	cluster_48
SRR7703366	2018	Human	cluster_48
SRR7719479	2018	Human	cluster_74
SRR7721725	2018	Swine	cluster_76
SRR7724210	2018	Bovine	singleton_422
SRR7724377	2018	Bovine	cluster_71
SRR7727975	2018	Human	singleton_426
SRR7728016	2018	Human	cluster_51
SRR7740937	2018	Human	cluster_49
SRR7746972	2018	Human	singleton_117
SRR7767375	2018	Human	cluster_70
SRR7769376	2018	Human	singleton_323
SRR7773283	2018	Human	cluster_38
SRR7782662	2018	Swine	cluster_34
SRR7789468	2018	Swine	cluster_80
SRR7820724	2018	Human	cluster_38
SRR7820726	2018	Human	cluster_38
SRR7840875	2018	Swine	cluster_74
SRR7876389	2018	Bovine	cluster_51
SRR7881576	2018	Unspecified Animal	cluster_43
SRR7896458	2018	Bovine	cluster_67
SRR7909669	2018	Human	cluster_47
SRR7909736	2018	Human	cluster_55
SRR7994271	2018	Human	cluster_50
SRR8083578	2018	Human	singleton_2
SRR8131461	2018	Swine	cluster_34
SRR8136978	2018	Bovine	cluster_80
SRR8144732	2018	Human	cluster_79
SRR8164227	2018	Human	cluster_74
SRR8198164	2018	Human	cluster_50
SRR8200495	2018	Swine	cluster_34
SRR8266100	2018	Human	singleton_29
SRR8266122	2018	Human	cluster_50
SRR8266219	2018	Human	singleton_335
SRR8275015	2018	Bovine	cluster_74
SRR8291762	2018	Human	cluster_81
SRR8298863	Unknown	Human	singleton_379
SRR8354981	Unknown	Human	singleton_274
SRR8358426	2018	Human	cluster_55
SRR8370053	2018	Human	cluster_50
SRR8383768	Unknown	Human	cluster_81
SRR8384237	2018	Human	cluster_50
SRR8389331	2018	Human	cluster_76
SRR8401002	2018	Human	cluster_35
SRR8401232	2018	Human	singleton_268
SRR8401368	2018	Human	cluster_57
SRR8434964	2018	Human	cluster_74
SRR8456382	2018	Bovine	cluster_67
SRR8477310	2018	Human	cluster_57
SRR8494984	2019	Human	cluster_50
SRR8511151	2018	Human	cluster_38
SRR8530333	2018	Human	singleton_410
SRR8549430	2019	Human	singleton_3
SRR8556368	2019	Bovine	cluster_74
SRR8568074	2019	Human	cluster_76
SRR8575618	2019	Human	cluster_35
SRR8582826	2019	Human	cluster_9
SRR8592458	2019	Bovine	cluster_51
SRR8618826	2019	Human	cluster_80
SRR8644896	2019	Human	cluster_48
SRR8645741	2019	Human	cluster_51
SRR8699507	2019	Swine	cluster_80
SRR8754563	2019	Bovine	cluster_51
SRR8756346	2019	Human	cluster_47
SRR8784020	2019	Bovine	cluster_74
SRR8793665	2019	Human	cluster_64
SRR8839679	2019	Bovine	cluster_42
SRR8866387	Unknown	Human	singleton_200
SRR8884668	2019	Bovine	cluster_74
SRR8889059	2019	Human	cluster_48
SRR8898400	2019	Human	singleton_421
SRR8899107	Unknown	Human	singleton_201
SRR8949845	2019	Human	singleton_384
SRR8991646	2019	Bovine	cluster_51
SRR8997280	2019	Human	cluster_63
SRR9001382	2019	Swine	cluster_80
SRR9029091	2019	Human	cluster_38
SRR9029407	2018	Human	singleton_121
SRR9050651	2019	Bovine	cluster_80
SRR9057360	Unknown	Human	singleton_415
SRR9057477	2019	Human	cluster_63
SRR9057482	2019	Human	singleton_16
SRR9074458	2019	Human	singleton_234
SRR9105509	2019	Swine	cluster_80
SRR9107740	Unknown	Human	singleton_310
SRR9137445	2019	Human	cluster_34
SRR9141594	2019	Human	singleton_17
SRR9180277	2019	Human	cluster_50
SRR9184575	2019	Human	cluster_58
SRR9289514	2019	Swine	cluster_80
SRR9335317	2019	Human	cluster_2
SRR9417619	2019	Swine	cluster_34
SRR9417620	2019	Swine	cluster_80
SRR9602977	2019	Swine	cluster_42
SRR9603194	2019	Human	cluster_2
SRR9610714	2019	Human	singleton_10
SRR9668354	2014	Human	cluster_67
SRR9684433	2019	Human	singleton_93
SRR9687683	2019	Human	singleton_9
SRR9696552	2019	Human	cluster_56
SRR9703046	2014	Human	cluster_80
SRR9715851	2019	Swine	singleton_278
SRR9733745	2019	Human	singleton_89
SRR9829558	2019	Bovine	cluster_1
SRR9829562	2019	Bovine	cluster_1
SRR9829632	2019	Bovine	cluster_1
SRR9845436	2019	Human	cluster_44
SRR9858300	2019	Human	cluster_80
SRR9860393	2019	Human	cluster_47
SRR9870851	Unknown	Human	singleton_272
SRR9871048	2019	Human	cluster_35
SRR9886744	Unknown	Human	singleton_418
SRR9902386	2019	Human	singleton_319
SRR9902846	2019	Human	cluster_42
SRR9903931	2019	Unspecified Animal	cluster_58
SRR9904229	2019	Human	cluster_38
SRR9910992	2019	Bovine	cluster_1
SRR9910995	2019	Bovine	cluster_1
SRR9910996	2019	Bovine	cluster_1
SRR9912478	Unknown	Human	singleton_277
SRR9915089	2019	Human	singleton_399
SRR9942548	2019	Human	singleton_191
SRR9944805	Unknown	Human	singleton_179
SRR9968303	Unknown	Human	singleton_153
SRR9972054	2014	Human	cluster_51
