ID	Year	Source	MST-58
SRR10003542	2019	Human	cluster_23
SRR10010931	2019	Human	cluster_25
SRR10015885	2019	Human	singleton_22
SRR10018911	2019	Human	cluster_13
SRR10024926	2019	Human	cluster_23
SRR10031121	2019	Human	cluster_23
SRR10032649	2019	Chicken	cluster_23
SRR10035318	2019	Human	cluster_23
SRR10037199	2019	Human	cluster_25
SRR10039410	Unknown	Unspecified Animal	cluster_25
SRR10042148	Unknown	Unspecified Animal	cluster_23
SRR10049602	2019	Human	cluster_23
SRR10050118	2019	Human	cluster_23
SRR10050138	2019	Human	cluster_23
SRR10050154	2019	Human	cluster_23
SRR10050164	2019	Human	cluster_23
SRR10059381	2019	Human	cluster_23
SRR10061010	2019	Human	cluster_23
SRR10079514	2019	Human	cluster_25
SRR10082238	2019	Chicken	cluster_23
SRR10082303	2019	Chicken	cluster_23
SRR10123367	2019	Human	cluster_23
SRR10125265	2019	Human	cluster_23
SRR10126635	2019	Swine	cluster_25
SRR10130067	2019	Human	cluster_23
SRR10148659	2019	Human	cluster_25
SRR10158214	2019	Human	cluster_17
SRR10158217	2019	Human	cluster_13
SRR10163880	2019	Human	cluster_23
SRR10164032	2019	Human	cluster_23
SRR10164552	2019	Swine	cluster_25
SRR10172215	2019	Human	cluster_23
SRR10173051	2019	Human	cluster_23
SRR10182630	2019	Human	cluster_25
SRR10187026	2019	Chicken	cluster_23
SRR10187052	2019	Chicken	cluster_23
SRR10190310	2019	Human	cluster_23
SRR10192533	2019	Chicken	cluster_23
SRR10197454	2019	Human	cluster_23
SRR10206167	2019	Human	cluster_25
SRR10215592	2019	Human	cluster_23
SRR10215842	2019	Human	cluster_23
SRR10218513	2019	Swine	cluster_25
SRR10222153	Unknown	Human	cluster_13
SRR10222520	2019	Human	cluster_17
SRR10228038	2019	Human	cluster_23
SRR10230002	2019	Chicken	cluster_23
SRR10230018	2019	Swine	cluster_25
SRR10237648	2019	Chicken	cluster_23
SRR10246368	2019	Chicken	cluster_23
SRR10248555	Unknown	Unspecified Animal	cluster_23
SRR10257224	Unknown	Human	cluster_23
SRR10258969	2013	Human	cluster_23
SRR10259003	2013	Human	cluster_23
SRR10259005	2013	Human	cluster_23
SRR10267478	2019	Human	cluster_25
SRR10276613	2019	Human	cluster_23
SRR10282973	2019	Chicken	cluster_23
SRR10287715	2019	Human	cluster_23
SRR10293974	2012	Human	cluster_23
SRR10293975	2012	Human	cluster_23
SRR10295192	2019	Human	cluster_23
SRR10303249	2019	Human	cluster_23
SRR10303266	2019	Human	cluster_23
SRR10307457	2019	Chicken	cluster_23
SRR10310258	2019	Human	cluster_23
SRR10311612	2019	Human	cluster_23
SRR10311911	2019	Human	cluster_23
SRR10323621	2019	Human	cluster_23
SRR10340756	Unknown	Human	cluster_23
SRR10345434	2019	Human	cluster_23
SRR10350296	2019	Human	cluster_23
SRR10360597	2019	Chicken	cluster_23
SRR10366876	2019	Human	cluster_23
SRR10367942	2019	Human	cluster_23
SRR10368390	2019	Human	cluster_23
SRR10375736	2019	Chicken	cluster_23
SRR10375739	2019	Swine	cluster_25
SRR10377371	2019	Human	cluster_23
SRR10382614	2019	Human	cluster_23
SRR10384615	2019	Chicken	cluster_23
SRR10393128	2019	Human	cluster_23
SRR10394070	2019	Human	cluster_23
SRR10395549	2019	Human	cluster_25
SRR10395558	2019	Human	cluster_25
SRR10400485	2019	Chicken	cluster_23
SRR10405304	2019	Human	cluster_23
SRR10419467	2019	Human	cluster_23
SRR10419480	2019	Human	cluster_23
SRR10420673	2019	Unspecified Animal	cluster_23
SRR10430290	2019	Human	cluster_23
SRR10448662	2019	Human	cluster_23
SRR10448872	2019	Human	cluster_25
SRR10467381	2019	Swine	cluster_25
SRR10489387	2019	Human	cluster_25
SRR10490478	2019	Human	cluster_23
SRR10491306	2019	Human	cluster_25
SRR10491338	2019	Human	cluster_25
SRR10513673	2019	Human	cluster_23
SRR10517424	2019	Chicken	cluster_23
SRR10517464	2019	Chicken	cluster_23
SRR10527408	2019	Human	cluster_23
SRR10533089	2019	Human	cluster_23
SRR10533109	2019	Human	cluster_23
SRR10533290	2019	Human	cluster_19
SRR10570853	2019	Human	cluster_23
SRR10570955	Unknown	Unspecified Animal	cluster_23
SRR10570968	2005	Human	cluster_23
SRR10570969	2005	Human	cluster_23
SRR10570992	2005	Human	cluster_23
SRR10574665	2019	Chicken	cluster_23
SRR10579232	2019	Human	cluster_23
SRR10582738	2019	Turkey	cluster_25
SRR10582784	2019	Chicken	cluster_23
SRR10590794	2019	Human	cluster_23
SRR10593992	2017	Human	cluster_25
SRR10617690	2019	Human	cluster_23
SRR10618975	2019	Human	singleton_6
SRR10641091	2019	Human	cluster_25
SRR10664120	2019	Human	cluster_23
SRR10664276	2019	Human	cluster_23
SRR10671632	2019	Human	cluster_25
SRR10690640	2019	Human	cluster_23
SRR10692945	2019	Chicken	cluster_23
SRR10722044	2019	Human	cluster_23
SRR10725789	2019	Chicken	cluster_23
SRR10747882	2019	Human	cluster_25
SRR10747888	2019	Human	cluster_23
SRR10806436	2019	Human	cluster_23
SRR10814650	2019	Human	cluster_23
SRR10815065	2019	Human	cluster_23
SRR10820303	2019	Human	cluster_23
SRR10833496	2019	Chicken	cluster_23
SRR10834036	2019	Human	cluster_23
SRR10835623	2019	Human	cluster_23
SRR10842392	2019	Human	cluster_23
SRR10842924	2019	Chicken	cluster_23
SRR10842938	2019	Swine	cluster_25
SRR10843542	Unknown	Human	cluster_23
SRR10850369	2019	Human	cluster_23
SRR10852213	2019	Swine	cluster_23
SRR10852229	2019	Chicken	cluster_23
SRR10871459	2019	Human	cluster_23
SRR10873162	2019	Chicken	cluster_23
SRR10894584	2019	Human	cluster_23
SRR10894613	2019	Human	cluster_25
SRR10901327	2019	Human	cluster_23
SRR10904020	2019	Human	cluster_23
SRR10910714	2019	Human	cluster_25
SRR10910725	2019	Human	cluster_23
SRR10918506	2020	Chicken	cluster_23
SRR10918516	2019	Chicken	cluster_23
SRR10948373	2020	Human	cluster_23
SRR10948804	2019	Human	cluster_23
SRR10948811	2020	Human	cluster_23
SRR10954130	2020	Human	cluster_25
SRR10958269	2020	Swine	cluster_25
SRR10958403	2020	Human	cluster_23
SRR10958497	2019	Human	cluster_23
SRR10960802	2020	Human	cluster_14
SRR10962414	2020	Human	cluster_23
SRR10965889	2020	Swine	cluster_25
SRR10965898	2020	Chicken	cluster_23
SRR10971205	2020	Human	cluster_23
SRR10972198	2020	Human	cluster_23
SRR10973883	2020	Human	cluster_23
SRR10973894	2020	Human	cluster_23
SRR10980072	2020	Human	cluster_23
SRR10988823	2020	Swine	cluster_25
SRR10992321	2019	Human	cluster_23
SRR10993967	2019	Human	cluster_23
SRR10994198	2020	Human	cluster_25
SRR10995861	2017	Human	cluster_23
SRR10997530	2019	Human	cluster_23
SRR11005957	2020	Human	cluster_23
SRR11006139	2020	Human	cluster_17
SRR11011829	2020	Human	cluster_9
SRR11015370	2020	Chicken	cluster_23
SRR11015810	2020	Human	cluster_23
SRR11015851	2020	Human	cluster_20
SRR11028584	2020	Human	cluster_14
SRR11032768	2019	Human	cluster_10
SRR11033865	2019	Human	cluster_5
SRR11040737	2020	Swine	cluster_25
SRR11041624	2020	Human	cluster_23
SRR11043397	2020	Human	cluster_19
SRR11043402	2020	Human	cluster_19
SRR11043952	2020	Human	cluster_23
SRR11043957	2020	Human	cluster_25
SRR11048528	2020	Chicken	cluster_23
SRR11053201	2020	Human	cluster_23
SRR11058605	2020	Chicken	cluster_23
SRR11058944	2020	Human	cluster_19
SRR11074358	2019	Human	cluster_25
SRR11077536	2019	Human	cluster_23
SRR11077537	2019	Human	cluster_23
SRR11080576	2020	Human	cluster_23
SRR11096722	2019	Human	cluster_23
SRR11096723	2019	Human	cluster_23
SRR11097005	2020	Human	cluster_23
SRR11102107	2020	Chicken	cluster_23
SRR11103461	2020	Bovine	cluster_19
SRR11119517	2020	Human	cluster_23
SRR11142377	2020	Human	cluster_14
SRR11172967	2020	Human	cluster_23
SRR11176413	2020	Chicken	cluster_23
SRR11178153	2020	Human	cluster_23
SRR11179371	2020	Human	cluster_25
SRR11179377	2020	Human	cluster_25
SRR11185467	2020	Human	cluster_25
SRR11193989	2020	Human	cluster_23
SRR11195454	2020	Human	cluster_23
SRR11195933	2020	Chicken	cluster_23
SRR11195944	2020	Human	cluster_23
SRR11201431	2020	Human	cluster_23
SRR11214748	2020	Human	singleton_26
SRR11214791	2020	Chicken	cluster_23
SRR11214812	2020	Chicken	cluster_23
SRR11221340	2020	Human	cluster_23
SRR11232250	2020	Swine	cluster_23
SRR11235437	2020	Human	cluster_23
SRR11235455	2020	Human	cluster_23
SRR11237639	2020	Chicken	cluster_23
SRR11237643	2020	Chicken	cluster_23
SRR11237918	2020	Human	cluster_23
SRR11247925	2020	Chicken	cluster_23
SRR11255970	2020	Human	singleton_14
SRR11280485	2020	Human	cluster_23
SRR11283971	2020	Chicken	cluster_23
SRR11284111	2020	Human	cluster_23
SRR11286360	2019	Human	cluster_23
SRR11290657	2004	Human	cluster_23
SRR11290901	2020	Human	cluster_23
SRR11291534	2020	Swine	cluster_25
SRR11291536	2020	Chicken	cluster_23
SRR11291537	2020	Chicken	cluster_23
SRR11296616	2020	Human	cluster_23
SRR11304603	2020	Human	cluster_23
SRR11311372	2020	Chicken	cluster_23
SRR11340669	2020	Human	cluster_23
SRR11356675	2020	Human	cluster_23
SRR11357082	2020	Human	cluster_25
SRR11357310	2020	Swine	cluster_25
SRR11357693	2020	Human	cluster_23
SRR11359304	2020	Human	cluster_23
SRR11389089	2020	Human	cluster_23
SRR11394702	2020	Chicken	cluster_23
SRR11397466	2020	Human	cluster_23
SRR11424120	2020	Chicken	cluster_23
SRR11430485	2020	Chicken	cluster_23
SRR11445190	2020	Human	cluster_23
SRR11486716	2020	Swine	cluster_23
SRR11497895	2015	Human	cluster_25
SRR11497896	2015	Human	cluster_23
SRR11497900	2015	Human	cluster_25
SRR11510499	2019	Human	cluster_25
SRR11514006	2015	Human	cluster_23
SRR11514044	2020	Human	cluster_22
SRR11515319	2003	Human	cluster_23
SRR11515479	2003	Human	cluster_23
SRR11515687	2003	Human	cluster_23
SRR11521698	2020	Chicken	cluster_23
SRR11534350	2020	Human	cluster_23
SRR11537705	2019	Human	cluster_25
SRR11537721	2019	Human	cluster_10
SRR11557674	2003	Human	cluster_23
SRR11557679	2003	Human	cluster_23
SRR11557682	2003	Human	cluster_23
SRR11558099	2020	Human	cluster_23
SRR11567038	2020	Human	cluster_23
SRR11575437	2020	Human	cluster_23
SRR11575762	2020	Human	cluster_23
SRR11576172	2015	Human	cluster_23
SRR11580797	2020	Human	cluster_25
SRR11584888	2020	Swine	cluster_23
SRR11600545	2020	Chicken	cluster_23
SRR11615063	2020	Human	cluster_23
SRR11615656	2020	Human	cluster_23
SRR11616351	2020	Human	cluster_23
SRR11625014	2003	Human	cluster_23
SRR11625070	2003	Human	cluster_23
SRR11625071	2003	Human	cluster_23
SRR11625079	2003	Human	cluster_23
SRR11625080	2003	Human	cluster_23
SRR11700248	2003	Human	cluster_23
SRR11712032	2020	Human	cluster_19
SRR11712048	2020	Human	cluster_23
SRR11728452	2020	Human	cluster_23
SRR11749486	2020	Human	cluster_23
SRR11767309	2020	Human	cluster_23
SRR11772753	2020	Swine	cluster_25
SRR11772809	2020	Swine	cluster_25
SRR11774177	2020	Human	cluster_23
SRR11791627	2020	Human	cluster_9
SRR11799623	2020	Chicken	cluster_23
SRR11805677	2020	Swine	cluster_6
SRR11807522	2020	Human	cluster_23
SRR11807526	2020	Human	cluster_23
SRR11808584	2020	Human	cluster_23
SRR11817619	2020	Human	cluster_23
SRR11819204	2015	Human	cluster_23
SRR11819853	2020	Human	cluster_23
SRR11823657	2020	Human	cluster_23
SRR11826745	2015	Human	cluster_23
SRR11828452	2020	Human	cluster_23
SRR11829896	2020	Human	singleton_35
SRR11831601	2020	Human	cluster_25
SRR11833003	2020	Swine	cluster_25
SRR11833393	2020	Chicken	cluster_23
SRR11858546	2019	Human	cluster_23
SRR11858707	2020	Human	cluster_23
SRR11858923	2020	Human	cluster_23
SRR11902136	2020	Human	cluster_23
SRR11902841	2020	Human	cluster_23
SRR11905237	2020	Chicken	cluster_23
SRR11927886	2020	Human	cluster_23
SRR11928870	2020	Swine	cluster_23
SRR11928872	2020	Chicken	cluster_23
SRR11937740	2020	Swine	cluster_23
SRR11945597	2020	Human	cluster_25
SRR11951154	2020	Human	cluster_25
SRR11966588	2020	Chicken	cluster_23
SRR11973517	2020	Human	cluster_23
SRR11973529	2020	Human	cluster_23
SRR11999265	2003	Human	cluster_23
SRR11999267	2003	Human	cluster_23
SRR11999270	Unknown	Human	cluster_23
SRR11999276	2003	Human	cluster_23
SRR11999286	2003	Human	cluster_23
SRR11999287	2003	Human	cluster_23
SRR11999288	2003	Human	cluster_23
SRR12003251	2020	Human	cluster_23
SRR12005413	2020	Human	cluster_23
SRR12005541	2020	Human	cluster_23
SRR1200614	2004	Chicken	cluster_23
SRR1200615	2006	Chicken	cluster_23
SRR1200624	2002	Unspecified Poultry	cluster_23
SRR1200625	2006	Chicken	cluster_23
SRR1200626	2009	Chicken	cluster_23
SRR1200627	2002	Unspecified Poultry	cluster_23
SRR1200628	2009	Chicken	cluster_23
SRR1200629	2001	Turkey	singleton_25
SRR1200630	2011	Chicken	cluster_23
SRR1200632	2005	Chicken	cluster_23
SRR1200633	2005	Bovine	cluster_23
SRR1200634	Unknown	Unspecified Animal	cluster_16
SRR1200635	2007	Chicken	cluster_23
SRR1200636	Unknown	Unspecified Animal	cluster_23
SRR1200637	2006	Chicken	cluster_23
SRR1200638	2008	Chicken	cluster_23
SRR1200639	2005	Other	singleton_19
SRR1200640	Unknown	Unspecified Animal	cluster_23
SRR1200641	2012	Chicken	cluster_23
SRR1200642	2003	Chicken	cluster_23
SRR1200643	2005	Chicken	cluster_23
SRR1200644	2003	Chicken	cluster_23
SRR1200645	2007	Chicken	cluster_23
SRR1200646	2004	Chicken	cluster_23
SRR1200647	2008	Chicken	cluster_23
SRR1200648	2005	Chicken	cluster_23
SRR1200649	2009	Chicken	cluster_23
SRR1200650	2009	Chicken	cluster_23
SRR1200651	2009	Chicken	cluster_23
SRR12017262	2020	Human	cluster_23
SRR12026462	2020	Human	cluster_23
SRR12026481	2020	Human	cluster_23
SRR12041556	2003	Human	cluster_23
SRR12041558	2003	Human	cluster_23
SRR12041559	2003	Human	cluster_23
SRR12046907	2020	Human	cluster_23
SRR12047248	2020	Human	cluster_23
SRR12060499	2020	Human	cluster_23
SRR1206085	2013	Chicken	cluster_25
SRR1206086	2013	Chicken	cluster_25
SRR1206087	2013	Chicken	cluster_25
SRR1206090	2013	Chicken	cluster_25
SRR1206091	2013	Chicken	cluster_23
SRR1206092	2013	Chicken	cluster_25
SRR1206093	2013	Chicken	cluster_23
SRR1206095	2013	Chicken	cluster_23
SRR1206096	2013	Other	cluster_25
SRR1206097	2013	Chicken	cluster_23
SRR12070599	2020	Human	cluster_23
SRR12072439	2020	Swine	cluster_25
SRR12075480	2020	Human	cluster_23
SRR12075531	2020	Human	cluster_23
SRR12091612	2020	Chicken	cluster_23
SRR12091632	2020	Swine	cluster_25
SRR12097737	2020	Human	cluster_23
SRR12108543	2020	Human	cluster_23
SRR12110012	2003	Human	cluster_23
SRR12110014	2003	Human	cluster_23
SRR12110015	2003	Human	cluster_23
SRR12110016	2003	Human	cluster_23
SRR12110023	2003	Human	cluster_23
SRR12110024	2003	Human	cluster_23
SRR12110025	2003	Human	cluster_23
SRR12112850	2003	Human	cluster_23
SRR12112851	2003	Human	cluster_23
SRR12124865	2020	Human	cluster_23
SRR12136538	2020	Chicken	cluster_23
SRR12145524	2020	Human	cluster_25
SRR12158625	2020	Human	cluster_23
SRR12160450	2020	Human	cluster_11
SRR12160841	2020	Human	cluster_23
SRR12162063	2020	Human	cluster_23
SRR12172894	2020	Human	cluster_23
SRR12197599	2020	Human	cluster_23
SRR12207368	2020	Human	cluster_25
SRR12212775	2003	Human	cluster_23
SRR12214334	2020	Human	cluster_23
SRR12226657	2020	Human	cluster_25
SRR12226663	2020	Human	cluster_25
SRR12229883	2020	Human	cluster_23
SRR12243079	2020	Human	cluster_23
SRR12248482	2003	Human	cluster_23
SRR12248484	2003	Human	cluster_23
SRR12248596	2020	Human	cluster_23
SRR12251271	2020	Human	cluster_11
SRR12267531	2020	Human	cluster_23
SRR12282225	2020	Human	cluster_23
SRR12285761	2020	Human	cluster_23
SRR12285833	2020	Human	cluster_23
SRR12285836	2020	Human	cluster_23
SRR12300396	2020	Human	cluster_19
SRR12313631	2020	Human	cluster_23
SRR12316765	2020	Human	cluster_23
SRR12316788	2020	Human	cluster_25
SRR12316804	2020	Human	cluster_23
SRR12321162	2020	Swine	cluster_25
SRR12334053	2020	Human	cluster_23
SRR12334056	2020	Human	cluster_25
SRR12335178	2020	Human	cluster_23
SRR12340918	2020	Turkey	cluster_25
SRR12341226	2020	Human	cluster_23
SRR12341288	2020	Human	cluster_23
SRR12341536	2020	Human	cluster_23
SRR12362647	2020	Chicken	cluster_23
SRR12362771	2020	Human	cluster_23
SRR12382250	2020	Human	cluster_23
SRR12385425	2020	Human	cluster_23
SRR12387509	2020	Human	cluster_25
SRR12395950	2020	Human	cluster_23
SRR12401244	2003	Human	cluster_23
SRR12407598	2020	Human	cluster_23
SRR12413918	2020	Human	cluster_19
SRR12424615	2020	Human	cluster_23
SRR12431073	2020	Human	cluster_23
SRR12448012	2020	Human	cluster_23
SRR12462397	2020	Human	cluster_23
SRR12467709	2020	Human	cluster_25
SRR12467711	2020	Human	cluster_25
SRR12491926	2020	Human	cluster_23
SRR12492613	2020	Human	cluster_23
SRR12493301	2020	Human	cluster_11
SRR12508273	2020	Chicken	cluster_23
SRR12511473	2020	Human	cluster_23
SRR12511482	2020	Human	cluster_23
SRR12511483	2020	Human	cluster_23
SRR12540177	2020	Human	cluster_23
SRR12540184	2020	Human	cluster_23
SRR12541260	2020	Human	cluster_23
SRR12569909	2020	Human	cluster_23
SRR12571190	2020	Human	cluster_23
SRR12572869	2020	Human	singleton_31
SRR12581801	2020	Human	cluster_25
SRR12594514	2020	Human	cluster_23
SRR12609107	2020	Human	cluster_23
SRR12619321	2020	Human	cluster_23
SRR12620726	2020	Human	cluster_23
SRR12624166	2020	Swine	cluster_25
SRR12625352	2020	Human	cluster_23
SRR12626017	2020	Human	cluster_23
SRR12635466	2020	Human	cluster_25
SRR12637657	2020	Swine	cluster_23
SRR12637757	2020	Chicken	cluster_23
SRR12653369	2020	Human	cluster_23
SRR12653613	2020	Human	cluster_23
SRR12655850	2020	Human	cluster_23
SRR12664284	2020	Chicken	cluster_23
SRR12671053	2020	Human	cluster_23
SRR12677091	2020	Human	cluster_23
SRR12682735	2020	Human	cluster_11
SRR12691451	2020	Human	cluster_23
SRR12694822	2020	Human	cluster_23
SRR12697406	2020	Human	cluster_23
SRR12708713	2020	Chicken	cluster_23
SRR12708719	2020	Chicken	cluster_23
SRR12712476	2020	Human	cluster_23
SRR12730423	2020	Human	cluster_23
SRR12730970	2020	Human	cluster_23
SRR12733085	2020	Human	cluster_23
SRR12740638	2020	Chicken	cluster_23
SRR12743953	2020	Human	cluster_19
SRR12749492	2020	Chicken	cluster_23
SRR12761320	2020	Swine	cluster_25
SRR12766634	2020	Human	cluster_25
SRR12770362	2010	Human	cluster_23
SRR12786435	2020	Human	cluster_23
SRR12806807	2020	Human	cluster_23
SRR12819701	2003	Human	cluster_23
SRR12820393	2020	Human	cluster_25
SRR12820435	Unknown	Human	cluster_23
SRR12820448	2020	Human	cluster_23
SRR12823686	2020	Human	cluster_23
SRR12850773	2020	Human	cluster_23
SRR12880317	2020	Human	cluster_23
SRR12898805	2020	Human	cluster_23
SRR12905866	2020	Human	cluster_25
SRR12907297	2020	Human	cluster_23
SRR12908363	2020	Human	cluster_23
SRR12908396	2020	Human	cluster_23
SRR12908417	2020	Human	cluster_23
SRR12916028	2020	Human	cluster_23
SRR12921504	2020	Human	cluster_23
SRR12926003	2020	Human	cluster_23
SRR12926045	2020	Human	cluster_23
SRR12931251	2020	Human	cluster_17
SRR12932769	2020	Human	cluster_23
SRR12949931	2020	Chicken	cluster_23
SRR12952794	2020	Human	cluster_23
SRR12955316	2020	Human	cluster_23
SRR12971697	2020	Swine	cluster_25
SRR12982422	2020	Human	cluster_23
SRR12982524	2020	Human	cluster_5
SRR12991827	2020	Human	cluster_19
SRR13001280	2020	Human	cluster_23
SRR13015515	2020	Human	cluster_17
SRR13015521	2020	Human	cluster_23
SRR13037728	2020	Human	cluster_23
SRR13055300	2020	Human	cluster_23
SRR13067959	2020	Human	cluster_23
SRR13116410	2020	Human	cluster_23
SRR13125759	2020	Human	cluster_23
SRR13142760	2020	Human	cluster_23
SRR13161274	2020	Human	cluster_19
SRR13166811	2020	Human	cluster_23
SRR13166866	2020	Swine	cluster_25
SRR13176751	2020	Human	cluster_23
SRR13203873	2020	Human	cluster_23
SRR13207810	2020	Human	cluster_23
SRR13207812	2020	Human	cluster_23
SRR13208398	2020	Human	cluster_23
SRR13208865	2020	Human	cluster_23
SRR13209094	2020	Human	cluster_23
SRR13222021	2020	Chicken	cluster_23
SRR13243053	2020	Human	cluster_23
SRR13245234	2020	Swine	cluster_25
SRR13251395	2020	Human	cluster_25
SRR13253682	2020	Human	cluster_23
SRR13253938	2020	Human	cluster_23
SRR13258936	2020	Human	cluster_19
SRR13271339	2020	Chicken	cluster_23
SRR13276093	2020	Human	cluster_23
SRR13292045	2020	Swine	cluster_25
SRR13292057	2020	Chicken	cluster_23
SRR13297978	2020	Human	cluster_23
SRR13313055	2020	Human	cluster_23
SRR13349343	2020	Human	cluster_23
SRR13349543	2011	Human	cluster_23
SRR13362248	2020	Human	cluster_23
SRR13376108	2020	Human	cluster_25
SRR13388576	2020	Human	cluster_20
SRR13421829	2020	Human	cluster_25
SRR13427769	2020	Human	cluster_23
SRR13433266	2020	Human	cluster_13
SRR13443245	2020	Human	cluster_23
SRR13490620	2020	Human	cluster_23
SRR13490875	2020	Human	cluster_19
SRR13497631	2020	Human	cluster_23
SRR13498612	2021	Chicken	cluster_23
SRR13498995	2021	Swine	cluster_25
SRR13509324	2021	Human	cluster_23
SRR13509326	2021	Human	cluster_25
SRR13530471	2021	Swine	cluster_25
SRR13566032	2021	Chicken	cluster_23
SRR13572101	2020	Human	cluster_25
SRR13577810	2020	Human	singleton_10
SRR13592145	2021	Swine	cluster_25
SRR13605036	2020	Human	cluster_19
SRR13605940	2021	Human	cluster_25
SRR13614781	2020	Human	cluster_19
SRR13626323	2021	Human	cluster_23
SRR13626327	2021	Human	cluster_23
SRR13642066	2021	Human	cluster_25
SRR13650109	Unknown	Unspecified Animal	cluster_20
SRR13651651	2021	Chicken	cluster_23
SRR13685869	2021	Chicken	cluster_23
SRR13733102	2021	Human	cluster_23
SRR13738907	2021	Human	cluster_23
SRR13776085	2021	Chicken	cluster_23
SRR13811269	2021	Human	cluster_23
SRR13820485	2020	Human	cluster_23
SRR13827907	2021	Human	cluster_24
SRR13835981	2021	Human	cluster_23
SRR13856764	2021	Human	cluster_23
SRR13859788	2021	Chicken	cluster_23
SRR13863753	2021	Human	cluster_23
SRR13863849	2021	Human	cluster_23
SRR13923214	2021	Human	cluster_23
SRR13926756	2021	Chicken	cluster_23
SRR13933682	2021	Human	cluster_25
SRR13943434	2021	Chicken	cluster_23
SRR13944405	2021	Human	singleton_49
SRR14029680	2021	Swine	cluster_25
SRR14035975	2021	Human	cluster_25
SRR14067905	2021	Human	cluster_19
SRR14067916	2021	Human	cluster_25
SRR14084286	2021	Chicken	cluster_23
SRR14085635	2021	Human	cluster_23
SRR14097139	2021	Human	cluster_23
SRR14097316	2021	Human	cluster_23
SRR14097341	2021	Swine	cluster_25
SRR14131347	2021	Human	cluster_23
SRR14142017	2021	Human	cluster_25
SRR14142507	2021	Human	cluster_23
SRR14143482	2021	Human	NA
SRR14154514	2021	Swine	cluster_25
SRR14197046	2021	Human	cluster_17
SRR14197065	2021	Human	cluster_16
SRR14203711	2021	Swine	cluster_25
SRR14216077	2021	Human	cluster_23
SRR14228029	2021	Human	cluster_23
SRR14240280	2021	Chicken	cluster_23
SRR14251093	2011	Human	cluster_23
SRR14270325	2021	Human	cluster_23
SRR14286852	2021	Human	cluster_23
SRR14289158	2021	Human	cluster_23
SRR14334176	2021	Chicken	cluster_23
SRR14361879	2021	Human	cluster_23
SRR14376523	2021	Human	cluster_23
SRR14406786	2021	Human	cluster_23
SRR14421754	2021	Swine	cluster_25
SRR14439390	2021	Human	cluster_23
SRR14536104	2021	Chicken	cluster_23
SRR14547566	2021	Human	cluster_17
SRR14591050	2021	Chicken	cluster_23
SRR14596391	2021	Chicken	cluster_23
SRR14634373	2021	Human	cluster_23
SRR14730159	2021	Human	cluster_23
SRR14743503	2021	Human	cluster_23
SRR14751857	2021	Human	cluster_23
SRR14751858	2021	Human	cluster_25
SRR14752141	2021	Human	cluster_23
SRR14807690	2021	Swine	cluster_25
SRR14808334	2021	Human	cluster_23
SRR14808873	2021	Human	cluster_23
SRR14820392	2021	Human	cluster_23
SRR14889831	2021	Chicken	cluster_23
SRR14920204	2021	Human	cluster_23
SRR14924460	2010	Human	cluster_23
SRR14995613	2021	Human	cluster_25
SRR15031641	2021	Chicken	cluster_23
SRR15050578	2021	Human	cluster_23
SRR15050637	2021	Human	cluster_23
SRR15064626	2021	Human	cluster_23
SRR15090147	2021	Swine	cluster_25
SRR15102644	2021	Chicken	cluster_23
SRR15108078	2021	Human	cluster_23
SRR15140801	2021	Swine	cluster_25
SRR15167824	2021	Human	cluster_25
SRR15192339	2021	Human	cluster_23
SRR15210626	2021	Human	cluster_23
SRR15247930	2021	Human	cluster_23
SRR15248936	2021	Human	cluster_25
SRR15249062	2021	Human	cluster_5
SRR15249628	2021	Human	cluster_23
SRR15258749	2021	Human	cluster_23
SRR15258750	2021	Human	cluster_23
SRR15265155	2021	Human	cluster_23
SRR15295145	2021	Human	cluster_23
SRR15299539	2021	Human	cluster_23
SRR15328310	2021	Human	cluster_23
SRR15335119	2021	Human	cluster_23
SRR15343110	2021	Human	cluster_23
SRR15348958	2010	Human	cluster_23
SRR15361558	2021	Human	singleton_42
SRR15361785	2021	Human	cluster_23
SRR15377919	2021	Human	cluster_23
SRR15404223	2021	Human	cluster_23
SRR15413235	2021	Human	cluster_23
SRR15441841	2021	Human	cluster_8
SRR15465781	2021	Chicken	cluster_23
SRR15466747	2021	Swine	cluster_25
SRR15500750	2021	Human	cluster_23
SRR15510091	2021	Human	cluster_23
SRR15559133	2021	Human	cluster_25
SRR15569635	2021	Human	cluster_25
SRR15635582	2021	Human	cluster_23
SRR15676031	2021	Human	cluster_23
SRR15678693	2021	Human	cluster_23
SRR15693950	2010	Human	cluster_23
SRR15700447	2021	Human	cluster_19
SRR15712911	2021	Human	cluster_23
SRR15744483	2021	Turkey	cluster_12
SRR15813372	2021	Human	cluster_23
SRR15832916	2021	Human	singleton_20
SRR15845188	2021	Human	cluster_23
SRR15893401	2021	Chicken	cluster_23
SRR15903025	2021	Human	cluster_25
SRR15904147	2021	Human	cluster_23
SRR15931316	2021	Human	cluster_25
SRR15988566	2020	Human	cluster_25
SRR15998139	2021	Human	cluster_23
SRR16027364	2021	Human	cluster_25
SRR16028417	2021	Human	cluster_25
SRR16048149	2021	Chicken	cluster_23
SRR16104186	2021	Human	cluster_23
SRR16118228	2021	Human	cluster_23
SRR16134535	2021	Human	cluster_23
SRR16134635	2021	Human	cluster_25
SRR16194334	2021	Human	cluster_23
SRR16206589	2021	Human	cluster_19
SRR16216456	2021	Human	cluster_17
SRR1636677	2014	Unspecified Poultry	cluster_23
SRR1636678	2014	Unspecified Poultry	cluster_23
SRR1636679	2014	Unspecified Poultry	cluster_23
SRR1636680	2014	Unspecified Poultry	cluster_23
SRR1636681	2014	Unspecified Poultry	cluster_23
SRR1636682	2013	Unspecified Poultry	cluster_23
SRR1636683	2014	Unspecified Poultry	cluster_23
SRR1636685	2014	Unspecified Poultry	cluster_23
SRR1636686	2014	Unspecified Poultry	cluster_23
SRR1636687	2014	Unspecified Poultry	cluster_23
SRR1636688	2014	Unspecified Poultry	cluster_23
SRR1636689	2014	Unspecified Poultry	cluster_23
SRR1636690	2014	Unspecified Poultry	cluster_23
SRR1636691	2014	Unspecified Poultry	cluster_23
SRR1636693	2014	Unspecified Poultry	cluster_23
SRR1636694	2014	Chicken	cluster_23
SRR1636695	2014	Unspecified Poultry	cluster_23
SRR1636696	2014	Unspecified Poultry	cluster_23
SRR1636697	2014	Unspecified Poultry	cluster_23
SRR1636698	2014	Unspecified Poultry	cluster_23
SRR1636699	2014	Unspecified Poultry	cluster_23
SRR1636700	2014	Unspecified Poultry	cluster_23
SRR1636701	2014	Unspecified Poultry	cluster_23
SRR16389940	2021	Human	cluster_23
SRR16532286	2021	Human	cluster_23
SRR16598280	2021	Chicken	cluster_23
SRR16631960	2021	Swine	cluster_25
SRR16761012	Unknown	Human	cluster_23
SRR16763748	2021	Human	cluster_25
SRR16878464	2021	Chicken	cluster_23
SRR16913534	2021	Human	cluster_25
SRR16952043	2021	Human	cluster_25
SRR1695734	2012	Unspecified Poultry	cluster_23
SRR1695735	2012	Unspecified Poultry	cluster_23
SRR1695742	2012	Unspecified Poultry	cluster_23
SRR1695743	2012	Unspecified Poultry	cluster_23
SRR1695744	2012	Unspecified Poultry	cluster_23
SRR1695747	2012	Unspecified Poultry	cluster_23
SRR1695749	2012	Unspecified Poultry	cluster_23
SRR1695753	2012	Unspecified Poultry	cluster_23
SRR1695760	2012	Unspecified Poultry	cluster_23
SRR1695763	2012	Unspecified Poultry	cluster_23
SRR1695767	2012	Unspecified Poultry	cluster_23
SRR1695768	2012	Unspecified Poultry	cluster_23
SRR1695769	2012	Unspecified Poultry	cluster_23
SRR1695775	2012	Unspecified Poultry	cluster_23
SRR16958679	2021	Human	cluster_23
SRR17009316	2021	Human	cluster_23
SRR17066593	2021	Human	cluster_19
SRR17106605	2021	Human	cluster_23
SRR17119274	2021	Human	cluster_23
SRR17139688	2021	Human	cluster_23
SRR17144935	2021	Human	cluster_6
SRR17168011	2021	Human	cluster_23
SRR1720449	2012	Unspecified Poultry	cluster_23
SRR1720567	2012	Unspecified Poultry	cluster_23
SRR17218361	2021	Chicken	cluster_23
SRR17230641	2021	Human	cluster_23
SRR17348919	2021	Chicken	cluster_23
SRR17407484	2021	Chicken	cluster_23
SRR17412847	2021	Human	cluster_23
SRR17534445	Unknown	Human	cluster_25
SRR17649998	2022	Chicken	cluster_23
SRR17695665	2021	Human	cluster_23
SRR17720458	2022	Human	cluster_23
SRR17720654	2022	Human	cluster_25
SRR17721912	2021	Human	cluster_23
SRR17733419	2022	Human	cluster_25
SRR1774054	2012	Unspecified Poultry	cluster_23
SRR1774056	2012	Unspecified Poultry	cluster_23
SRR1774060	2012	Unspecified Poultry	cluster_23
SRR1774062	2012	Unspecified Poultry	singleton_12
SRR1774068	2012	Unspecified Poultry	cluster_23
SRR1774081	2012	Unspecified Poultry	cluster_23
SRR1774088	2012	Unspecified Poultry	cluster_23
SRR17838237	2022	Human	cluster_25
SRR17839029	2021	Human	cluster_25
SRR18116035	2022	Human	cluster_25
SRR18116350	2022	Human	cluster_25
SRR1812821	2012	Unspecified Poultry	cluster_23
SRR18131911	2022	Human	cluster_23
SRR18218786	2018	Human	cluster_23
SRR18230302	2022	Human	singleton_38
SRR18266356	2022	Human	cluster_23
SRR18326937	2022	Human	cluster_23
SRR18327286	2022	Human	cluster_23
SRR18328937	2022	Chicken	cluster_23
SRR18435761	2022	Swine	singleton_24
SRR18484617	2022	Turkey	cluster_25
SRR1849366	2012	Unspecified Poultry	cluster_23
SRR1849370	2012	Unspecified Poultry	cluster_23
SRR1849383	2012	Unspecified Poultry	cluster_23
SRR1849388	2012	Unspecified Poultry	cluster_23
SRR1849392	2012	Unspecified Poultry	cluster_23
SRR1849397	2012	Unspecified Poultry	cluster_23
SRR1849404	2012	Unspecified Poultry	cluster_23
SRR18529535	2022	Human	cluster_23
SRR18556915	2022	Human	cluster_23
SRR18559769	2022	Human	cluster_25
SRR18568200	2022	Human	cluster_23
SRR18637709	2022	Human	cluster_25
SRR18664123	2022	Swine	cluster_25
SRR18735568	2022	Human	cluster_23
SRR18759945	2022	Human	cluster_23
SRR18771552	2022	Human	cluster_23
SRR18797870	2022	Human	cluster_23
SRR18810685	2022	Human	cluster_23
SRR18820672	2010	Human	cluster_23
SRR18825386	2022	Human	cluster_23
SRR18914355	2022	Human	cluster_23
SRR18964952	2022	Human	cluster_23
SRR19159167	2022	Human	cluster_23
SRR19170192	2022	Human	cluster_23
SRR19230205	2022	Human	singleton_39
SRR19233925	Unknown	Unspecified Animal	cluster_23
SRR19256154	2022	Bovine	cluster_19
SRR19277108	2022	Swine	cluster_25
SRR19325075	2010	Human	cluster_25
SRR19416592	2022	Human	cluster_25
SRR19418303	2022	Human	cluster_23
SRR19511799	2022	Human	cluster_23
SRR19523903	2022	Human	cluster_23
SRR19529145	2022	Chicken	cluster_23
SRR19546358	2022	Human	cluster_14
SRR19560586	2022	Human	cluster_23
SRR19560623	2022	Human	cluster_23
SRR19571231	2022	Human	cluster_25
SRR1960272	2013	Human	cluster_17
SRR19638703	2022	Human	cluster_25
SRR19769935	2022	Human	cluster_23
SRR19769942	2022	Human	cluster_23
SRR19774974	2022	Chicken	cluster_23
SRR1981681	2015	Human	cluster_23
SRR1981682	2015	Human	cluster_23
SRR1981683	2015	Human	cluster_23
SRR1981684	2015	Human	cluster_23
SRR19913118	2022	Chicken	cluster_23
SRR20072234	2022	Chicken	cluster_23
SRR20097197	2022	Human	cluster_23
SRR2015061	2015	Human	cluster_23
SRR2015062	2015	Human	cluster_23
SRR2015063	2015	Human	cluster_23
SRR2025304	2015	Human	cluster_23
SRR2025305	2015	Human	cluster_23
SRR2025306	2015	Human	cluster_23
SRR2025315	2015	Human	cluster_25
SRR20308420	2022	Human	singleton_37
SRR20308954	2022	Chicken	cluster_23
SRR20363502	2022	Human	cluster_23
SRR20363509	2022	Human	cluster_23
SRR20363547	2022	Human	cluster_23
SRR2043694	2015	Human	cluster_23
SRR2043695	2015	Human	cluster_23
SRR2043696	2015	Human	cluster_23
SRR2043702	Unknown	Human	cluster_25
SRR2043722	2015	Human	cluster_23
SRR2060275	2015	Chicken	cluster_23
SRR2067947	2015	Chicken	cluster_23
SRR2068091	2015	Chicken	cluster_23
SRR20695157	2022	Human	cluster_23
SRR20723162	2022	Human	cluster_23
SRR2074978	2012	Unspecified Poultry	singleton_3
SRR2075003	2012	Unspecified Poultry	singleton_52
SRR2075014	2012	Unspecified Poultry	cluster_23
SRR2075016	2012	Unspecified Poultry	cluster_23
SRR2075017	2012	Unspecified Poultry	cluster_23
SRR2075039	2012	Unspecified Poultry	cluster_23
SRR2075042	2012	Unspecified Poultry	singleton_46
SRR2075044	2013	Unspecified Poultry	cluster_23
SRR2075074	2012	Unspecified Poultry	cluster_23
SRR2075088	2012	Unspecified Poultry	cluster_23
SRR2075101	2012	Unspecified Poultry	cluster_23
SRR2075107	2005	Unspecified Poultry	singleton_28
SRR2075144	2012	Unspecified Poultry	singleton_53
SRR2075147	2012	Unspecified Poultry	cluster_23
SRR2075150	2013	Unspecified Poultry	cluster_23
SRR2075152	2013	Unspecified Poultry	cluster_23
SRR2075180	2012	Unspecified Poultry	cluster_23
SRR2075293	2012	Unspecified Poultry	cluster_23
SRR2075295	2012	Unspecified Poultry	cluster_23
SRR2075314	2012	Unspecified Poultry	cluster_23
SRR2075337	2012	Unspecified Poultry	singleton_55
SRR2075344	2012	Unspecified Poultry	cluster_23
SRR2078902	2012	Unspecified Poultry	cluster_23
SRR20852146	2022	Human	cluster_8
SRR2086974	2012	Unspecified Poultry	cluster_23
SRR2086983	2013	Unspecified Poultry	cluster_23
SRR2086992	2012	Unspecified Poultry	cluster_23
SRR2086999	2012	Unspecified Poultry	cluster_23
SRR2087000	2012	Unspecified Poultry	cluster_23
SRR20993554	2022	Human	cluster_25
SRR21026028	2022	Human	cluster_23
SRR21030053	2022	Human	cluster_23
SRR21131430	2022	Human	cluster_23
SRR21166277	2022	Human	cluster_23
SRR21187569	2022	Chicken	cluster_23
SRR21205284	2022	Human	cluster_23
SRR2121397	2015	Chicken	cluster_23
SRR2121398	2015	Chicken	cluster_23
SRR2121399	2015	Chicken	cluster_23
SRR2121400	2015	Chicken	cluster_23
SRR2121401	2015	Chicken	cluster_23
SRR2121402	2015	Chicken	cluster_23
SRR2121403	2015	Chicken	cluster_23
SRR2121670	2015	Chicken	cluster_23
SRR2121671	2015	Chicken	cluster_23
SRR2121672	2015	Chicken	cluster_23
SRR2121691	2013	Unspecified Poultry	cluster_23
SRR2121758	2015	Chicken	cluster_23
SRR21226480	2022	Human	cluster_23
SRR21227666	2022	Swine	cluster_25
SRR2124337	2013	Unspecified Poultry	cluster_23
SRR2124378	2013	Unspecified Poultry	cluster_23
SRR2124423	2013	Unspecified Poultry	cluster_23
SRR2124434	2013	Unspecified Poultry	cluster_23
SRR2124445	2013	Unspecified Poultry	cluster_23
SRR2124504	2012	Unspecified Poultry	cluster_23
SRR2124526	2012	Unspecified Poultry	cluster_23
SRR2124527	2013	Unspecified Poultry	cluster_23
SRR2124541	2012	Unspecified Poultry	cluster_23
SRR2125859	2015	Turkey	cluster_25
SRR2125860	2015	Chicken	cluster_23
SRR2125862	2015	Chicken	cluster_23
SRR21295415	2022	Human	cluster_23
SRR21296627	2022	Human	cluster_8
SRR2131868	2015	Chicken	cluster_23
SRR2132208	2014	Chicken	cluster_25
SRR21382418	2022	Chicken	cluster_23
SRR21396021	2022	Turkey	cluster_25
SRR21404392	2022	Human	cluster_23
SRR21443911	2022	Human	cluster_23
SRR21443952	2022	Human	cluster_25
SRR21468838	2022	Human	cluster_23
SRR2153017	2013	Unspecified Poultry	cluster_23
SRR21533638	2022	Human	cluster_23
SRR2156509	2012	Unspecified Poultry	cluster_23
SRR2156522	2013	Unspecified Poultry	cluster_23
SRR2156577	2012	Unspecified Poultry	cluster_23
SRR2156600	2012	Unspecified Poultry	cluster_23
SRR2156632	2012	Unspecified Poultry	cluster_23
SRR21576886	2022	Chicken	cluster_23
SRR21598471	2009	Human	cluster_23
SRR2163260	2012	Unspecified Poultry	cluster_23
SRR2163262	2012	Unspecified Poultry	cluster_23
SRR21661399	2022	Chicken	cluster_23
SRR21705789	2022	Chicken	cluster_23
SRR21709669	2022	Human	cluster_25
SRR21709936	2022	Chicken	cluster_23
SRR21729808	2022	Human	cluster_23
SRR2174009	2013	Unspecified Poultry	cluster_23
SRR2174045	2012	Unspecified Poultry	cluster_23
SRR2174056	2013	Unspecified Poultry	cluster_23
SRR2174079	2012	Unspecified Poultry	cluster_23
SRR2174093	2013	Unspecified Poultry	cluster_23
SRR2174183	2012	Unspecified Poultry	cluster_23
SRR21824582	2022	Human	cluster_25
SRR2182885	2015	Human	cluster_23
SRR2182890	2015	Human	cluster_23
SRR2182891	2015	Human	cluster_23
SRR2182893	2015	Human	cluster_23
SRR2182896	2015	Human	cluster_23
SRR2182897	2015	Human	cluster_23
SRR2182898	2015	Human	cluster_23
SRR2182899	2015	Human	cluster_23
SRR2182902	2015	Human	cluster_23
SRR2182910	2015	Human	cluster_23
SRR2182911	2015	Human	cluster_23
SRR2182917	2015	Human	cluster_23
SRR2182918	2015	Human	cluster_23
SRR2182919	2015	Human	cluster_23
SRR2182920	2015	Human	cluster_23
SRR2182921	2015	Human	cluster_23
SRR2183040	2015	Human	cluster_23
SRR21851382	2022	Chicken	cluster_23
SRR21863825	2022	Human	cluster_25
SRR2188120	2015	Chicken	cluster_23
SRR21893806	2022	Swine	cluster_25
SRR21897818	2022	Human	singleton_13
SRR21911633	2022	Human	cluster_23
SRR2191981	2015	Human	cluster_23
SRR2191985	2015	Human	cluster_23
SRR2192100	2015	Human	cluster_23
SRR2192101	2015	Human	cluster_23
SRR2192103	2015	Human	cluster_23
SRR2192147	2015	Human	cluster_23
SRR2192167	2015	Human	cluster_23
SRR2192187	2015	Human	cluster_23
SRR2192188	2015	Human	cluster_23
SRR2192233	2015	Human	cluster_23
SRR21931432	2022	Human	cluster_23
SRR21937518	2022	Turkey	cluster_25
SRR2193794	2015	Human	cluster_23
SRR2193802	2015	Human	cluster_23
SRR2193803	2015	Human	cluster_23
SRR2193884	2015	Human	cluster_23
SRR22007286	2022	Chicken	cluster_23
SRR22024405	2022	Human	cluster_23
SRR22034802	2022	Human	cluster_25
SRR22065907	2022	Human	cluster_23
SRR22070623	2022	Human	cluster_25
SRR22070811	2022	Chicken	cluster_23
SRR22085529	2022	Chicken	cluster_23
SRR22191606	2022	Human	cluster_23
SRR22192828	2022	Human	cluster_23
SRR22197364	2022	Swine	cluster_25
SRR22218988	2022	Human	cluster_23
SRR22221800	2022	Human	singleton_50
SRR22244966	2022	Human	cluster_25
SRR2227575	2015	Chicken	cluster_23
SRR2227599	2015	Chicken	cluster_23
SRR2227606	2015	Chicken	cluster_23
SRR2227613	2015	Chicken	cluster_23
SRR2227614	2015	Chicken	cluster_23
SRR2227620	2015	Chicken	cluster_23
SRR22306534	2022	Swine	cluster_25
SRR22399535	2022	Human	cluster_25
SRR2239955	2015	Turkey	cluster_25
SRR22428520	2022	Human	cluster_23
SRR22490106	2022	Human	cluster_18
SRR22566528	2022	Chicken	cluster_23
SRR22689358	2022	Swine	cluster_25
SRR22829847	2022	Human	cluster_23
SRR22892265	2022	Chicken	cluster_23
SRR22897513	2022	Human	cluster_25
SRR22956197	2022	Swine	cluster_25
SRR22959579	2022	Human	cluster_25
SRR23000268	2022	Swine	cluster_25
SRR23025365	2022	Human	cluster_23
SRR23025701	2022	Chicken	cluster_23
SRR23201024	2023	Human	cluster_23
SRR23333287	2023	Human	cluster_25
SRR23353145	2022	Chicken	cluster_23
SRR23373582	2023	Swine	cluster_25
SRR2353782	2015	Chicken	cluster_23
SRR23863891	2023	Human	singleton_32
SRR23873903	2023	Human	cluster_25
SRR23876188	2014	Other	cluster_25
SRR23876519	2014	Other	cluster_25
SRR23876521	2014	Other	cluster_25
SRR23876985	2014	Other	cluster_25
SRR23957670	2023	Human	cluster_25
SRR24029079	2023	Human	cluster_25
SRR24178973	2023	Human	cluster_23
SRR2421573	2015	Chicken	cluster_23
SRR24298757	2023	Human	cluster_23
SRR24422555	2023	Human	cluster_23
SRR24446491	2023	Human	cluster_14
SRR24467517	2023	Swine	cluster_25
SRR24477906	2023	Human	singleton_33
SRR24639715	2023	Human	cluster_14
SRR24658695	2023	Human	cluster_18
SRR2483565	2015	Chicken	cluster_23
SRR24894923	2023	Bovine	cluster_19
SRR25071843	2023	Human	cluster_23
SRR25076350	2023	Chicken	cluster_23
SRR25116295	2023	Human	cluster_25
SRR25183203	2023	Human	cluster_22
SRR25302955	2023	Swine	singleton_7
SRR2532722	2013	Unspecified Poultry	cluster_23
SRR25431049	2023	Turkey	cluster_25
SRR25431587	2010	Human	cluster_23
SRR25437877	2009	Human	cluster_23
SRR25480247	2023	Human	cluster_23
SRR25482679	2023	Human	cluster_23
SRR25482692	2023	Human	cluster_23
SRR25629357	2023	Human	cluster_19
SRR25629450	2023	Turkey	cluster_6
SRR25646452	2023	Human	cluster_23
SRR25661689	2023	Chicken	cluster_23
SRR25679426	2023	Chicken	cluster_23
SRR25726895	2023	Human	cluster_19
SRR25739763	2023	Human	cluster_19
SRR25739977	2023	Human	cluster_15
SRR25751849	2023	Human	cluster_17
SRR25763966	2023	Chicken	cluster_23
SRR2587485	2015	Chicken	cluster_23
SRR25915012	2023	Human	cluster_14
SRR25917049	2023	Human	singleton_54
SRR25940245	2023	Human	cluster_23
SRR25956412	2023	Human	cluster_23
SRR2601210	2015	Human	cluster_23
SRR26030643	2023	Human	cluster_5
SRR26030806	2023	Human	cluster_17
SRR26088319	2023	Human	cluster_14
SRR26135363	2023	Chicken	cluster_23
SRR26196565	2023	Human	cluster_23
SRR26212598	2016	Other	cluster_23
SRR26212690	2016	Other	cluster_23
SRR26212692	2016	Other	cluster_23
SRR26212693	2016	Other	cluster_23
SRR26212695	2016	Other	cluster_23
SRR26212744	2016	Other	cluster_23
SRR26212745	2016	Other	cluster_23
SRR26212749	2016	Other	cluster_23
SRR26278237	2023	Human	cluster_23
SRR26278243	2023	Human	cluster_23
SRR26353254	2023	Human	cluster_14
SRR26379385	2023	Human	cluster_8
SRR26379888	2023	Human	cluster_23
SRR26395408	2023	Human	cluster_25
SRR26396905	2023	Human	cluster_23
SRR26406364	2023	Human	singleton_30
SRR26422230	2023	Human	singleton_16
SRR26422958	Unknown	Unspecified Animal	cluster_20
SRR26443188	2023	Human	cluster_23
SRR2648753	2015	Chicken	cluster_23
SRR26499453	2023	Human	cluster_23
SRR26518228	2023	Human	cluster_8
SRR26583908	2023	Human	cluster_14
SRR26683573	2023	Human	cluster_23
SRR26718388	2023	Human	cluster_17
SRR26767405	2023	Human	cluster_6
SRR26804505	2023	Human	cluster_23
SRR26849471	2023	Human	singleton_43
SRR26965946	2023	Human	cluster_8
SRR27088756	2023	Human	cluster_23
SRR27130645	2023	Human	cluster_23
SRR27467610	2023	Human	cluster_23
SRR27468263	2023	Human	cluster_23
SRR27479955	2023	Human	cluster_25
SRR27488829	2023	Human	singleton_23
SRR2759137	2013	Chicken	cluster_23
SRR2759139	2014	Chicken	cluster_25
SRR2759140	2013	Chicken	cluster_25
SRR2759141	2013	Chicken	cluster_23
SRR2759142	2014	Chicken	cluster_25
SRR2759143	2014	Chicken	cluster_23
SRR2759144	2013	Chicken	cluster_25
SRR2759145	2013	Chicken	cluster_23
SRR2759146	2014	Chicken	cluster_23
SRR2759147	2014	Chicken	cluster_23
SRR2759148	2014	Chicken	cluster_23
SRR2759149	2014	Chicken	cluster_23
SRR2759150	2014	Chicken	cluster_25
SRR2759152	2014	Chicken	cluster_25
SRR27681506	2023	Human	singleton_40
SRR27682268	2024	Human	cluster_6
SRR27758108	2024	Human	singleton_51
SRR2778077	2015	Chicken	cluster_23
SRR27836105	2024	Swine	cluster_25
SRR27929300	2022	Other	cluster_23
SRR27956891	2024	Human	cluster_6
SRR27957029	2024	Human	cluster_9
SRR28066039	2024	Human	cluster_15
SRR28073886	2024	Human	cluster_23
SRR28168462	2024	Human	cluster_25
SRR28215655	2024	Human	cluster_25
SRR28215697	2024	Human	cluster_25
SRR28259793	2024	Human	cluster_25
SRR28288695	2024	Human	cluster_25
SRR2829307	2015	Bovine	cluster_23
SRR2829314	2015	Chicken	cluster_23
SRR28375548	2024	Human	cluster_23
SRR28409937	2024	Human	cluster_23
SRR28416775	2024	Human	cluster_25
SRR2925324	2015	Chicken	cluster_23
SRR2939532	2015	Human	cluster_23
SRR2954368	2015	Chicken	cluster_23
SRR2961918	2015	Chicken	cluster_23
SRR2970918	2015	Chicken	cluster_23
SRR2973701	2015	Chicken	cluster_23
SRR2975905	2015	Human	cluster_23
SRR2976011	2015	Human	cluster_23
SRR3000023	2015	Chicken	cluster_23
SRR3000032	2014	Bovine	cluster_19
SRR3001792	2014	Human	cluster_23
SRR3001794	2014	Human	cluster_23
SRR3001795	2014	Human	cluster_23
SRR3001796	2014	Human	cluster_23
SRR3001919	2014	Human	cluster_23
SRR3001943	2014	Human	cluster_23
SRR3001947	2014	Human	cluster_23
SRR3030389	2015	Human	cluster_25
SRR3030390	2015	Human	cluster_25
SRR3030391	2015	Human	cluster_25
SRR3032161	2014	Human	cluster_23
SRR3032162	2014	Human	cluster_23
SRR3062388	2015	Chicken	cluster_23
SRR3062393	2015	Chicken	cluster_23
SRR3062665	2015	Chicken	cluster_21
SRR3062688	2015	Chicken	cluster_25
SRR3137083	2015	Human	cluster_14
SRR3137151	2014	Human	cluster_23
SRR3184121	2016	Chicken	cluster_23
SRR3185099	Unknown	Chicken	cluster_23
SRR3185111	2014	Human	cluster_23
SRR3185119	2016	Human	cluster_25
SRR3240200	2016	Chicken	cluster_23
SRR3277304	2016	Human	cluster_23
SRR3277306	2016	Human	cluster_23
SRR3383899	2016	Chicken	cluster_23
SRR3521386	2015	Human	cluster_23
SRR3574518	2016	Other	cluster_25
SRR3593754	2015	Human	cluster_25
SRR3632940	2016	Human	cluster_23
SRR3713645	2015	Human	cluster_23
SRR3726307	2016	Swine	cluster_25
SRR3930222	2016	Human	cluster_25
SRR3930238	2016	Human	cluster_25
SRR3996810	2016	Human	cluster_23
SRR4005435	2016	Turkey	cluster_25
SRR4044932	2016	Chicken	cluster_23
SRR4046869	2016	Human	cluster_25
SRR4046990	2016	Human	cluster_2
SRR4046998	2016	Human	cluster_25
SRR4048256	2016	Turkey	cluster_25
SRR4064299	2016	Human	cluster_23
SRR4101369	2016	Human	cluster_25
SRR4176676	2016	Unspecified Animal	cluster_19
SRR4176773	2015	Human	cluster_19
SRR4176774	2016	Human	cluster_19
SRR4176775	2016	Human	cluster_25
SRR4176776	2016	Human	cluster_19
SRR4176777	2016	Human	cluster_19
SRR4176779	2016	Human	cluster_19
SRR4176781	2016	Human	cluster_19
SRR4218295	2016	Human	cluster_19
SRR4218298	2016	Human	cluster_25
SRR4218319	2011	Bovine	cluster_19
SRR4244422	2016	Human	cluster_19
SRR4273692	2016	Human	cluster_19
SRR4273718	2016	Human	cluster_23
SRR4292017	2016	Human	cluster_23
SRR4292018	2016	Human	cluster_23
SRR4292019	2016	Human	cluster_23
SRR4292020	2016	Human	cluster_23
SRR4292021	2016	Human	cluster_23
SRR4292022	2016	Human	cluster_23
SRR4292023	2016	Human	cluster_23
SRR4292024	2016	Human	cluster_23
SRR4292025	2016	Human	cluster_23
SRR4292026	2016	Human	cluster_23
SRR4292029	2016	Human	cluster_23
SRR4292030	2016	Human	cluster_23
SRR4292038	2016	Human	cluster_25
SRR4294989	2016	Unspecified Animal	cluster_19
SRR4295051	2015	Human	cluster_19
SRR4295052	2016	Human	cluster_25
SRR4295053	2016	Human	cluster_25
SRR4295054	2016	Human	cluster_19
SRR4295093	2016	Human	cluster_23
SRR4295094	2016	Human	cluster_23
SRR4295101	2016	Human	cluster_23
SRR4295102	2016	Human	cluster_23
SRR4295106	2016	Human	cluster_23
SRR4295108	2016	Human	cluster_23
SRR4295147	2016	Human	cluster_25
SRR4297054	2016	Human	cluster_25
SRR4297057	2015	Human	cluster_19
SRR4305551	2009	Bovine	cluster_19
SRR4342969	2016	Human	cluster_23
SRR4342972	2016	Human	cluster_23
SRR4414086	2016	Human	cluster_25
SRR4414088	2016	Human	cluster_23
SRR4418379	2016	Human	cluster_23
SRR4432516	2016	Human	cluster_23
SRR4434834	2015	Unspecified Animal	cluster_19
SRR4434851	2016	Human	cluster_19
SRR4434852	2016	Human	cluster_19
SRR4447194	2016	Human	cluster_25
SRR4450049	2016	Human	cluster_19
SRR4450054	2016	Human	cluster_25
SRR4841756	2016	Chicken	cluster_23
SRR4841850	2016	Human	cluster_25
SRR4896375	2016	Human	singleton_44
SRR5002306	2016	Chicken	cluster_23
SRR5006489	2016	Bovine	cluster_25
SRR5019442	2016	Chicken	cluster_23
SRR5019854	2016	Chicken	cluster_23
SRR5023221	2016	Human	cluster_23
SRR5023224	2016	Human	cluster_23
SRR5023236	2016	Human	cluster_19
SRR5023254	2016	Human	cluster_19
SRR5023270	2016	Unspecified Animal	cluster_19
SRR5023283	2016	Bovine	cluster_19
SRR5023289	2016	Unspecified Animal	cluster_19
SRR5023298	2016	Bovine	cluster_19
SRR5023368	2016	Human	cluster_23
SRR5043225	2016	Chicken	cluster_23
SRR5043994	2016	Chicken	cluster_23
SRR5044003	2016	Chicken	cluster_23
SRR5044077	2016	Human	cluster_21
SRR5045018	2016	Chicken	cluster_25
SRR5056082	2016	Human	cluster_23
SRR5077994	2016	Chicken	cluster_25
SRR5081477	2016	Human	cluster_19
SRR5081484	2016	Human	singleton_9
SRR5081554	2016	Human	cluster_25
SRR5081556	2016	Human	cluster_25
SRR5091710	2016	Chicken	cluster_23
SRR5091723	2016	Chicken	cluster_23
SRR5105614	2016	Chicken	cluster_23
SRR5110513	2016	Human	cluster_23
SRR5110515	2016	Human	cluster_23
SRR5110571	2016	Human	cluster_23
SRR5110758	2016	Human	cluster_23
SRR5110770	2016	Human	cluster_25
SRR5116941	2016	Human	cluster_19
SRR5116948	2016	Human	cluster_23
SRR5120716	2016	Chicken	cluster_23
SRR5120873	2016	Chicken	cluster_23
SRR5120886	2016	Turkey	cluster_25
SRR5121553	2016	Chicken	cluster_23
SRR5121581	2016	Human	cluster_23
SRR5125687	2016	Chicken	cluster_25
SRR5129178	2016	Human	cluster_23
SRR5129530	2016	Human	cluster_23
SRR5129730	2016	Chicken	cluster_23
SRR5132810	2016	Chicken	cluster_25
SRR5132811	2016	Chicken	cluster_23
SRR5151787	2016	Human	cluster_19
SRR5151792	2016	Human	cluster_23
SRR5176608	2016	Swine	cluster_25
SRR5184231	2016	Human	cluster_19
SRR5184239	2016	Human	cluster_23
SRR5188692	2016	Human	cluster_23
SRR5188694	2016	Human	cluster_23
SRR5188695	2016	Human	cluster_23
SRR5188697	2016	Human	singleton_48
SRR5188698	2016	Human	cluster_23
SRR5188751	2016	Human	cluster_19
SRR5188757	2016	Human	cluster_19
SRR5189021	2016	Human	cluster_19
SRR5190140	2016	Human	cluster_25
SRR5195884	2016	Chicken	cluster_25
SRR5201346	2016	Human	cluster_23
SRR5201389	2016	Human	cluster_19
SRR5201431	2016	Chicken	cluster_23
SRR5201438	2016	Chicken	cluster_23
SRR5201487	2016	Chicken	cluster_23
SRR5201529	2016	Chicken	cluster_23
SRR5204786	2016	Chicken	cluster_23
SRR5207260	2016	Unspecified Animal	cluster_19
SRR5207262	2016	Bovine	cluster_19
SRR5207299	2016	Other	cluster_19
SRR5207300	2016	Unspecified Animal	cluster_19
SRR5207301	2016	Unspecified Animal	cluster_19
SRR5210009	2016	Human	cluster_19
SRR5210010	2016	Human	cluster_19
SRR5217719	2016	Human	cluster_23
SRR5217774	2016	Human	cluster_19
SRR5217775	2016	Human	cluster_19
SRR5217780	2016	Human	cluster_19
SRR5221413	2016	Unspecified Animal	cluster_19
SRR5221463	2016	Human	cluster_25
SRR5221624	2016	Human	cluster_25
SRR5223033	2016	Unspecified Animal	cluster_19
SRR5224187	2016	Chicken	cluster_23
SRR5224189	2017	Turkey	cluster_25
SRR5224264	2016	Human	cluster_23
SRR5227878	2016	Human	cluster_25
SRR5227879	2016	Human	cluster_23
SRR5229479	2016	Chicken	cluster_23
SRR5229489	2016	Chicken	cluster_25
SRR5229490	2016	Chicken	cluster_23
SRR5229508	2016	Chicken	cluster_25
SRR5231232	2016	Unspecified Animal	cluster_19
SRR5231293	2016	Human	cluster_19
SRR5231494	2016	Human	cluster_19
SRR5235547	2017	Chicken	cluster_23
SRR5237960	2016	Other	cluster_19
SRR5237961	2016	Unspecified Animal	cluster_19
SRR5237962	2016	Other	cluster_19
SRR5237963	2016	Other	cluster_19
SRR5237964	2016	Other	cluster_19
SRR5237966	2016	Other	cluster_19
SRR5237982	2016	Other	cluster_19
SRR5238036	2016	Unspecified Animal	cluster_19
SRR5238038	2016	Other	cluster_19
SRR5238044	2016	Human	cluster_23
SRR5238053	2016	Other	cluster_19
SRR5238153	2016	Human	cluster_23
SRR5238181	2016	Other	cluster_19
SRR5238183	2016	Human	cluster_19
SRR5238272	2016	Human	cluster_23
SRR5238305	2016	Human	cluster_25
SRR5238457	2016	Human	cluster_19
SRR5249503	2015	Human	cluster_19
SRR5251069	2017	Chicken	cluster_23
SRR5251077	2017	Chicken	cluster_25
SRR5259949	2017	Human	cluster_23
SRR5260028	2016	Human	cluster_19
SRR5260127	2017	Chicken	cluster_23
SRR5271477	2017	Chicken	cluster_23
SRR5275055	2016	Human	cluster_19
SRR5277176	2017	Chicken	cluster_23
SRR5277178	2017	Chicken	cluster_23
SRR5277181	2017	Chicken	cluster_23
SRR5291598	2016	Human	cluster_23
SRR5291629	2016	Human	cluster_23
SRR5291635	2017	Human	cluster_23
SRR5291650	2016	Unspecified Animal	singleton_36
SRR5291653	2016	Other	cluster_19
SRR5291657	2016	Unspecified Animal	cluster_19
SRR5297318	2017	Turkey	cluster_25
SRR5297984	2017	Chicken	cluster_23
SRR5307880	2016	Human	cluster_23
SRR5336178	2017	Human	cluster_25
SRR5336190	2017	Human	cluster_25
SRR5336286	2017	Human	cluster_17
SRR5341715	2016	Human	cluster_19
SRR5341755	2017	Human	cluster_25
SRR5344853	2017	Chicken	cluster_23
SRR5345433	2017	Chicken	cluster_23
SRR5349770	2017	Chicken	cluster_23
SRR5350335	2017	Chicken	cluster_23
SRR5350710	2017	Human	cluster_23
SRR5360751	2017	Human	cluster_25
SRR5361075	2016	Human	cluster_23
SRR5361195	2015	Human	cluster_23
SRR5364044	2016	Unspecified Animal	cluster_19
SRR5364045	2016	Unspecified Animal	cluster_19
SRR5364046	2016	Unspecified Animal	cluster_19
SRR5364212	2017	Human	cluster_23
SRR5364951	2016	Human	cluster_25
SRR5365104	2017	Chicken	cluster_25
SRR5379140	2017	Human	cluster_23
SRR5379204	2016	Human	cluster_25
SRR5380871	2015	Unspecified Animal	cluster_19
SRR5382730	2017	Human	cluster_3
SRR5388882	2017	Turkey	cluster_25
SRR5396337	2016	Human	singleton_17
SRR5400009	2017	Bovine	cluster_19
SRR5408934	2017	Human	cluster_25
SRR5409145	2017	Human	cluster_23
SRR5413321	2017	Human	cluster_23
SRR5413710	2017	Human	singleton_29
SRR5429763	2016	Human	cluster_25
SRR5429824	2017	Human	cluster_23
SRR5429827	2017	Human	cluster_19
SRR5434453	2017	Human	cluster_17
SRR5434477	2017	Human	cluster_23
SRR5434488	2017	Human	cluster_23
SRR5438432	2017	Human	cluster_23
SRR5441495	2017	Chicken	cluster_23
SRR5441552	2017	Chicken	cluster_23
SRR5441567	2017	Chicken	cluster_23
SRR5441637	2017	Chicken	cluster_23
SRR5447652	2017	Human	cluster_23
SRR5452852	2017	Chicken	cluster_23
SRR5459311	2017	Human	cluster_25
SRR5460883	2016	Human	cluster_23
SRR5486423	2016	Human	cluster_25
SRR5486447	2016	Human	cluster_25
SRR5486555	2017	Human	cluster_25
SRR5488400	2016	Human	cluster_19
SRR5488954	2017	Human	cluster_25
SRR5496009	2017	Chicken	cluster_23
SRR5498186	2017	Chicken	cluster_23
SRR5500915	2013	Human	cluster_23
SRR5501034	2017	Human	cluster_23
SRR5501037	2017	Human	cluster_17
SRR5501159	2017	Human	cluster_25
SRR5508215	2017	Human	cluster_23
SRR5508275	2016	Human	cluster_23
SRR5508313	Unknown	Human	cluster_25
SRR5508427	2016	Human	singleton_8
SRR5574766	2017	Bovine	cluster_19
SRR5574767	2017	Unspecified Animal	cluster_19
SRR5574775	2017	Unspecified Animal	cluster_19
SRR5574784	2017	Unspecified Animal	cluster_19
SRR5576564	2017	Human	cluster_23
SRR5576602	2017	Bovine	cluster_19
SRR5576603	2017	Sheep/Goat	cluster_19
SRR5583893	2017	Human	cluster_23
SRR5584057	2017	Human	cluster_25
SRR5584485	2017	Chicken	cluster_23
SRR5584721	2017	Human	cluster_23
SRR5584769	2017	Human	cluster_23
SRR5586289	2017	Human	cluster_23
SRR5589755	2017	Chicken	cluster_23
SRR5589767	2017	Chicken	cluster_23
SRR5590275	2017	Human	cluster_25
SRR5593177	2017	Chicken	cluster_23
SRR5599676	2017	Chicken	cluster_25
SRR5599703	2017	Turkey	cluster_23
SRR5599704	2017	Chicken	cluster_23
SRR5605860	2017	Human	cluster_19
SRR5605943	2017	Human	cluster_14
SRR5632663	2017	Chicken	cluster_23
SRR5632690	2017	Chicken	cluster_23
SRR5642183	2016	Human	cluster_19
SRR5645347	2017	Human	cluster_23
SRR5645355	2017	Human	cluster_25
SRR5645416	2017	Human	cluster_23
SRR5659582	2017	Unspecified Animal	cluster_19
SRR5660113	2017	Chicken	cluster_23
SRR5680479	2017	Unspecified Animal	cluster_19
SRR5681083	2017	Chicken	cluster_23
SRR5683228	2017	Chicken	cluster_23
SRR5683918	2017	Chicken	cluster_23
SRR5684060	2017	Chicken	cluster_23
SRR5684131	2017	Chicken	cluster_23
SRR5693816	2017	Chicken	cluster_23
SRR5693819	2017	Chicken	cluster_23
SRR5711982	2017	Unknown	cluster_19
SRR5714245	2017	Human	cluster_25
SRR5714246	2016	Human	cluster_25
SRR5714249	2016	Human	cluster_25
SRR5714250	2017	Human	cluster_25
SRR5714413	2016	Human	cluster_23
SRR5724486	2017	Human	cluster_19
SRR5724865	2017	Human	cluster_23
SRR5742165	2017	Human	cluster_23
SRR5742287	2017	Human	cluster_19
SRR5749986	2017	Human	cluster_19
SRR5756407	2017	Human	cluster_3
SRR5761291	2017	Unspecified Animal	cluster_19
SRR5761357	2017	Unspecified Animal	cluster_19
SRR5761383	2017	Human	cluster_23
SRR5762369	2017	Chicken	cluster_25
SRR5766667	2017	Turkey	cluster_25
SRR5787139	2017	Human	cluster_23
SRR5799574	2017	Bovine	cluster_19
SRR5806491	2017	Human	cluster_25
SRR5808658	2017	Turkey	cluster_25
SRR5808662	2017	Chicken	cluster_23
SRR5812034	2017	Human	cluster_25
SRR5812082	2017	Human	cluster_25
SRR5812101	2017	Human	cluster_25
SRR5812214	2017	Human	cluster_23
SRR5817389	2017	Human	singleton_41
SRR5819651	2017	Chicken	cluster_23
SRR5820377	2017	Human	cluster_25
SRR5820788	2017	Human	cluster_23
SRR5820863	2017	Human	cluster_25
SRR5820890	2017	Human	cluster_25
SRR5821979	2017	Human	cluster_24
SRR5822030	2017	Human	cluster_23
SRR5822037	2017	Human	cluster_19
SRR5822042	2017	Human	cluster_19
SRR5823576	2017	Human	cluster_23
SRR5823586	2017	Human	cluster_23
SRR5838400	2017	Chicken	cluster_23
SRR5838420	2017	Chicken	cluster_23
SRR5854298	Unknown	Human	cluster_25
SRR5862678	2017	Chicken	cluster_23
SRR5862986	2017	Chicken	cluster_23
SRR5864410	2017	Human	cluster_19
SRR5864461	2017	Human	cluster_23
SRR5864629	2017	Human	cluster_23
SRR5865145	2017	Human	cluster_23
SRR5865205	2017	Human	cluster_7
SRR5865388	2017	Chicken	cluster_23
SRR5865426	2017	Chicken	cluster_12
SRR5875963	2017	Unspecified Animal	cluster_19
SRR5876341	2017	Human	cluster_25
SRR5876831	2017	Human	cluster_25
SRR5876864	2017	Human	cluster_23
SRR5888121	2017	Human	cluster_25
SRR5889605	2017	Chicken	cluster_23
SRR5890341	2017	Human	cluster_19
SRR5890342	2017	Human	cluster_19
SRR5890449	Unknown	Human	cluster_25
SRR5890500	2017	Human	cluster_25
SRR5892861	2017	Human	cluster_17
SRR5906850	2017	Unspecified Animal	cluster_19
SRR5910153	2017	Chicken	cluster_23
SRR5912904	2017	Swine	cluster_19
SRR5920227	2017	Human	cluster_23
SRR5920247	2017	Human	cluster_19
SRR5921264	2017	Human	cluster_23
SRR5921345	Unknown	Human	cluster_23
SRR5930162	2017	Chicken	cluster_23
SRR5932651	2017	Human	cluster_23
SRR5935656	2017	Human	cluster_23
SRR5938166	2017	Human	cluster_23
SRR5945311	2017	Human	cluster_25
SRR5945338	2017	Human	cluster_23
SRR5947767	2017	Human	cluster_23
SRR5947782	2017	Human	cluster_19
SRR5947792	2017	Human	cluster_23
SRR5948424	2017	Human	cluster_23
SRR5948538	2017	Human	cluster_25
SRR5951346	Unknown	Human	cluster_23
SRR5955183	2017	Chicken	cluster_23
SRR5955186	2017	Chicken	cluster_23
SRR5955253	2017	Human	cluster_23
SRR5955265	2017	Human	cluster_23
SRR5955291	2017	Human	cluster_17
SRR5955297	2017	Human	cluster_23
SRR5955308	2017	Human	cluster_23
SRR5955339	2017	Chicken	cluster_23
SRR5955393	2017	Chicken	cluster_23
SRR5962570	2017	Human	cluster_23
SRR5967220	2017	Chicken	cluster_23
SRR5980281	2017	Chicken	cluster_23
SRR5980282	2017	Chicken	cluster_23
SRR5980388	2017	Chicken	cluster_23
SRR5980391	2017	Chicken	cluster_23
SRR5980393	2017	Chicken	cluster_23
SRR5982393	2017	Chicken	cluster_23
SRR5988733	2017	Human	cluster_25
SRR5995910	2017	Human	cluster_23
SRR6011798	2017	Swine	cluster_19
SRR6014485	2017	Human	cluster_19
SRR6019663	2017	Human	cluster_23
SRR6026002	2017	Human	cluster_23
SRR6026442	2017	Chicken	cluster_23
SRR6029283	2017	Human	cluster_23
SRR6029290	2017	Human	cluster_23
SRR6029292	2017	Human	cluster_19
SRR6030193	2017	Chicken	cluster_23
SRR6038042	2017	Human	cluster_23
SRR6038045	2017	Human	cluster_23
SRR6038086	2017	Other	cluster_23
SRR6039058	2017	Human	cluster_23
SRR6039074	2017	Human	cluster_23
SRR6039077	2017	Human	cluster_23
SRR6039094	2017	Human	cluster_23
SRR6039955	2017	Chicken	cluster_23
SRR6042798	2017	Chicken	cluster_23
SRR6048248	2017	Chicken	cluster_23
SRR6050663	2017	Human	singleton_11
SRR6051314	2016	Human	cluster_25
SRR6051465	2017	Human	cluster_23
SRR6051526	2017	Turkey	cluster_12
SRR6051621	2017	Chicken	cluster_23
SRR6060366	2017	Human	cluster_18
SRR6107185	2017	Human	cluster_23
SRR6107202	2017	Human	cluster_23
SRR6107243	2017	Human	cluster_25
SRR6107298	2017	Human	cluster_23
SRR6107316	2017	Human	cluster_23
SRR6107329	2017	Human	cluster_23
SRR6107330	2017	Human	cluster_23
SRR6107332	2017	Human	cluster_23
SRR6107334	2017	Human	cluster_23
SRR6107340	2017	Human	cluster_23
SRR6107347	2017	Human	cluster_23
SRR6107352	2017	Human	cluster_23
SRR6107359	2017	Human	cluster_23
SRR6107360	2017	Human	cluster_23
SRR6107369	2017	Human	cluster_23
SRR6107558	2017	Human	cluster_23
SRR6107984	2017	Human	cluster_23
SRR6108019	2017	Human	cluster_23
SRR6114317	2017	Human	cluster_25
SRR6114386	2017	Human	cluster_23
SRR6116050	2016	Human	cluster_23
SRR6116280	2017	Human	cluster_23
SRR6129248	2017	Human	cluster_19
SRR6129326	2017	Human	cluster_23
SRR6129336	2017	Human	cluster_23
SRR6129425	2017	Human	cluster_17
SRR6129514	2015	Human	cluster_25
SRR6132409	2017	Chicken	cluster_23
SRR6133760	2017	Human	cluster_19
SRR6133762	2017	Human	cluster_23
SRR6133765	2017	Human	cluster_23
SRR6133766	2017	Human	cluster_23
SRR6133768	2017	Human	cluster_23
SRR6133775	2017	Human	cluster_23
SRR6133777	2017	Human	cluster_23
SRR6133779	2017	Human	cluster_23
SRR6133781	2017	Human	cluster_23
SRR6133838	2017	Human	cluster_23
SRR6134081	2017	Human	cluster_23
SRR6134255	2017	Human	cluster_23
SRR6134310	2017	Human	cluster_23
SRR6155202	2017	Human	cluster_23
SRR6155238	2017	Human	cluster_19
SRR6155321	2017	Human	cluster_23
SRR6155467	2017	Human	cluster_23
SRR6155476	2017	Human	cluster_23
SRR6158162	2017	Human	cluster_19
SRR6158453	2017	Human	cluster_23
SRR6158642	2017	Human	cluster_25
SRR6158663	2017	Human	cluster_23
SRR6158665	2017	Human	cluster_23
SRR6158684	2017	Human	cluster_23
SRR6158685	2017	Human	cluster_19
SRR6158686	2017	Human	cluster_23
SRR6159342	2017	Chicken	cluster_23
SRR6165573	2017	Human	cluster_23
SRR6165583	2017	Human	cluster_23
SRR6165601	2017	Human	cluster_19
SRR6178083	2014	Human	cluster_23
SRR6182869	2017	Human	cluster_23
SRR6183271	Unknown	Unspecified Animal	cluster_23
SRR6183272	Unknown	Unspecified Animal	cluster_23
SRR6183273	2017	Human	cluster_23
SRR6195125	2017	Human	cluster_23
SRR6197784	2017	Chicken	cluster_23
SRR6203420	2017	Human	cluster_23
SRR6203429	2017	Human	cluster_23
SRR6203430	2017	Human	cluster_23
SRR6216137	2017	Human	cluster_19
SRR6216215	2014	Human	cluster_23
SRR6217774	2017	Human	cluster_23
SRR6217776	2017	Human	cluster_23
SRR6217782	2017	Human	cluster_23
SRR6217931	2017	Human	cluster_23
SRR6218014	2017	Chicken	cluster_23
SRR6231039	2017	Human	cluster_23
SRR6231222	2017	Human	cluster_23
SRR6234181	2017	Chicken	cluster_23
SRR6238385	2016	Chicken	cluster_23
SRR6238392	2016	Turkey	cluster_23
SRR6238580	2017	Human	cluster_23
SRR6243393	2017	Human	cluster_25
SRR6243524	2017	Human	cluster_23
SRR6249540	2017	Human	cluster_23
SRR6249562	2017	Human	cluster_23
SRR6249569	2017	Human	cluster_23
SRR6250384	2017	Chicken	cluster_23
SRR6254946	2017	Human	cluster_19
SRR6254966	2017	Human	cluster_23
SRR6255102	2017	Chicken	cluster_23
SRR6265847	2017	Chicken	cluster_23
SRR6269906	2016	Chicken	cluster_25
SRR6269907	2017	Swine	cluster_25
SRR6283434	2017	Chicken	cluster_23
SRR6283583	2017	Human	cluster_23
SRR6283587	2017	Human	cluster_23
SRR6283593	2017	Human	cluster_23
SRR6283608	2017	Human	cluster_23
SRR6289831	2017	Human	cluster_19
SRR6289881	2017	Human	cluster_23
SRR6289905	2017	Human	cluster_23
SRR6299349	2014	Other Animal	cluster_23
SRR6299404	2017	Human	cluster_23
SRR6300160	2017	Human	cluster_23
SRR6300171	2017	Human	cluster_23
SRR6300831	2017	Turkey	cluster_25
SRR6300841	2017	Chicken	cluster_23
SRR6310486	2017	Human	cluster_23
SRR6310519	2017	Human	cluster_23
SRR6310541	2017	Human	cluster_23
SRR6310546	2017	Human	cluster_23
SRR6310555	2017	Human	cluster_23
SRR6310608	2017	Human	cluster_23
SRR6310625	2017	Human	cluster_23
SRR6310626	2017	Human	cluster_23
SRR6310630	2017	Human	cluster_23
SRR6310657	2017	Human	cluster_23
SRR6310666	2017	Human	cluster_23
SRR6313651	2017	Unspecified Animal	cluster_19
SRR6314839	2017	Chicken	cluster_23
SRR6316183	2017	Chicken	cluster_23
SRR6316188	2017	Chicken	cluster_23
SRR6317399	2017	Human	cluster_23
SRR6317400	2017	Human	cluster_23
SRR6317401	2017	Human	cluster_23
SRR6317402	2017	Human	cluster_23
SRR6327185	2017	Human	cluster_19
SRR6330613	2017	Human	cluster_23
SRR6335182	2017	Swine	cluster_25
SRR6336380	2017	Chicken	cluster_23
SRR6345263	2017	Chicken	cluster_23
SRR6345354	2017	Bovine	cluster_19
SRR6345622	2017	Human	cluster_23
SRR6345628	2017	Human	cluster_23
SRR6345631	2017	Human	cluster_23
SRR6345632	2017	Human	cluster_23
SRR6345633	2017	Human	cluster_23
SRR6345634	2017	Human	cluster_23
SRR6345636	2017	Human	cluster_23
SRR6354065	2017	Chicken	cluster_23
SRR6356464	2017	Chicken	cluster_23
SRR6359052	2017	Human	cluster_23
SRR6359118	2017	Human	cluster_25
SRR6366441	2017	Human	cluster_23
SRR6371374	2017	Other	cluster_19
SRR6371377	2017	Other	cluster_19
SRR6371498	2017	Human	cluster_23
SRR6371564	2017	Human	cluster_23
SRR6371572	2017	Human	cluster_23
SRR6371575	2017	Human	cluster_23
SRR6371616	2017	Human	cluster_19
SRR6371735	2017	Human	cluster_23
SRR6373534	2017	Human	cluster_23
SRR6374151	2017	Chicken	cluster_23
SRR6375845	2017	Turkey	cluster_25
SRR6380740	2017	Human	cluster_23
SRR6380785	2017	Human	cluster_23
SRR6380931	2017	Human	cluster_23
SRR6385519	2017	Human	cluster_23
SRR6386309	2017	Human	cluster_23
SRR6387334	2017	Chicken	cluster_23
SRR6396497	2017	Human	cluster_23
SRR6396517	2017	Human	cluster_23
SRR6412897	2017	Human	cluster_19
SRR6412938	2017	Human	cluster_23
SRR6412962	2017	Human	cluster_19
SRR6419002	2017	Chicken	cluster_23
SRR6425491	2017	Human	cluster_23
SRR6425492	2017	Human	cluster_23
SRR6425501	2017	Human	cluster_23
SRR6425502	2017	Human	cluster_23
SRR6425503	2017	Human	cluster_23
SRR6425513	2017	Human	cluster_23
SRR6427388	2017	Chicken	cluster_25
SRR6430113	2013	Human	cluster_25
SRR6434047	2017	Human	cluster_25
SRR6434099	2017	Human	cluster_25
SRR6434163	2017	Human	cluster_23
SRR6434214	2017	Human	cluster_23
SRR6434215	2017	Human	cluster_23
SRR6434217	2017	Human	cluster_23
SRR6439901	2017	Chicken	cluster_23
SRR6440105	2017	Human	cluster_23
SRR6440578	2013	Human	cluster_23
SRR6447539	2017	Chicken	cluster_23
SRR6452135	2017	Human	cluster_23
SRR6457651	2017	Human	cluster_23
SRR6457690	2017	Human	cluster_25
SRR6459161	2017	Chicken	cluster_23
SRR6465534	2017	Human	cluster_25
SRR6495763	2017	Turkey	cluster_25
SRR6495765	2018	Chicken	cluster_23
SRR6502711	2017	Chicken	cluster_23
SRR6502721	2017	Chicken	cluster_23
SRR6502972	2018	Turkey	cluster_25
SRR6513130	2018	Chicken	cluster_23
SRR6514334	2017	Unspecified Animal	cluster_19
SRR6514336	2017	Unspecified Animal	cluster_19
SRR6514354	2017	Unspecified Animal	cluster_19
SRR6514392	2017	Human	cluster_7
SRR6514485	2017	Human	cluster_23
SRR6650859	2017	Unspecified Animal	cluster_19
SRR6650890	2017	Human	cluster_19
SRR6663460	2017	Human	cluster_23
SRR6663476	2017	Human	cluster_23
SRR6663495	2017	Human	cluster_23
SRR6663590	2018	Human	cluster_25
SRR6663613	2017	Human	cluster_23
SRR6663623	2018	Human	cluster_23
SRR6666860	2017	Human	cluster_23
SRR6666862	2017	Human	cluster_23
SRR6666870	2017	Human	cluster_23
SRR6676518	2014	Human	cluster_25
SRR6676523	2017	Human	cluster_19
SRR6682049	2018	Human	cluster_25
SRR6682063	2017	Human	cluster_23
SRR6682136	2016	Human	cluster_23
SRR6682137	2016	Human	cluster_23
SRR6682142	2016	Human	cluster_23
SRR6682143	2016	Human	cluster_23
SRR6682145	2016	Human	cluster_25
SRR6687331	2017	Human	cluster_23
SRR6687401	2017	Unspecified Animal	cluster_19
SRR6691697	2018	Chicken	cluster_23
SRR6703679	2017	Human	singleton_1
SRR6703778	2017	Human	cluster_23
SRR6703996	2018	Chicken	cluster_23
SRR6710439	2017	Human	cluster_23
SRR6715753	2016	Human	cluster_25
SRR6726330	2015	Human	cluster_25
SRR6726342	2016	Human	cluster_25
SRR6729926	2014	Human	cluster_25
SRR6736386	2018	Chicken	cluster_23
SRR6740100	2018	Chicken	cluster_23
SRR6750017	2018	Turkey	cluster_25
SRR6750026	2018	Chicken	cluster_23
SRR6750506	2017	Human	cluster_25
SRR6760433	2018	Human	cluster_17
SRR6760455	2017	Human	cluster_23
SRR6760765	2018	Chicken	cluster_25
SRR6765884	2017	Human	cluster_23
SRR6766070	2017	Human	cluster_23
SRR6766132	2017	Human	cluster_25
SRR6766136	2017	Human	cluster_23
SRR6782615	2017	Human	cluster_23
SRR6786499	2018	Human	cluster_23
SRR6791509	2016	Human	cluster_25
SRR6793588	2018	Chicken	cluster_23
SRR6794876	2011	Human	cluster_23
SRR6798500	2018	Chicken	cluster_23
SRR6809377	2018	Human	cluster_25
SRR6816028	2018	Chicken	cluster_23
SRR6818897	2018	Chicken	cluster_23
SRR6843230	2018	Chicken	cluster_23
SRR6848357	2018	Chicken	cluster_23
SRR6869538	2018	Chicken	cluster_23
SRR6870557	2018	Human	cluster_23
SRR6870572	2017	Human	cluster_23
SRR6878849	2018	Unspecified Animal	cluster_19
SRR6878852	2018	Unspecified Animal	cluster_19
SRR6879238	2018	Human	cluster_23
SRR6879507	2017	Human	cluster_23
SRR6879594	2018	Human	cluster_25
SRR6879665	2018	Human	cluster_23
SRR6879671	2018	Human	cluster_23
SRR6880106	2013	Human	cluster_25
SRR6880697	2017	Chicken	cluster_23
SRR6881173	2017	Human	cluster_23
SRR6881177	2005	Human	cluster_23
SRR6881179	2005	Human	cluster_25
SRR6881180	2005	Human	cluster_23
SRR6881182	2005	Human	cluster_23
SRR6881183	2005	Human	cluster_23
SRR6881184	2005	Human	cluster_23
SRR6881185	2005	Human	cluster_25
SRR6881187	2005	Human	cluster_2
SRR6881189	2005	Human	cluster_2
SRR6881190	2005	Human	cluster_23
SRR6881191	2005	Human	cluster_25
SRR6881192	2005	Human	cluster_23
SRR6881193	2005	Human	cluster_23
SRR6881194	Unknown	Human	cluster_23
SRR6881195	2005	Human	cluster_2
SRR6881196	2005	Human	cluster_23
SRR6881197	2005	Human	cluster_23
SRR6881200	2005	Human	cluster_23
SRR6881250	2006	Human	cluster_23
SRR6881251	2007	Human	cluster_23
SRR6881252	2006	Human	cluster_23
SRR6881253	2007	Human	cluster_16
SRR6881254	2005	Human	cluster_23
SRR6881256	2005	Human	cluster_23
SRR6881257	2006	Human	cluster_25
SRR6881258	2005	Human	cluster_23
SRR6881259	2005	Human	cluster_23
SRR6881260	2006	Human	cluster_23
SRR6881261	2006	Human	cluster_23
SRR6881275	2006	Human	cluster_23
SRR6881277	2007	Human	cluster_23
SRR6881279	2006	Human	cluster_23
SRR6881280	2006	Human	cluster_23
SRR6881281	2007	Human	cluster_23
SRR6881286	2007	Human	cluster_23
SRR6881287	2006	Human	cluster_2
SRR6881289	2007	Human	cluster_23
SRR6881290	2007	Human	cluster_23
SRR6881291	2007	Human	cluster_16
SRR6881292	2006	Human	cluster_16
SRR6881294	2006	Human	cluster_23
SRR6881296	2007	Human	cluster_23
SRR6881362	2017	Human	cluster_23
SRR6881463	2017	Human	cluster_23
SRR6881541	2018	Human	cluster_23
SRR6885416	2018	Human	cluster_23
SRR6885417	2018	Human	cluster_23
SRR6895892	2017	Human	cluster_25
SRR6902668	2018	Turkey	cluster_25
SRR6902728	2018	Unspecified Animal	cluster_19
SRR6902862	2017	Human	cluster_25
SRR6902891	2018	Human	cluster_25
SRR6920727	2018	Human	cluster_23
SRR6920788	2012	Human	cluster_23
SRR6920789	2012	Human	cluster_23
SRR6940316	2018	Human	cluster_25
SRR6940511	2018	Human	cluster_23
SRR6940808	2018	Human	cluster_23
SRR6956029	2018	Human	cluster_11
SRR6956277	2018	Chicken	cluster_23
SRR6967762	2018	Human	cluster_25
SRR6967775	2018	Human	cluster_23
SRR6979179	2018	Human	cluster_23
SRR6984227	2018	Human	cluster_17
SRR6994815	2018	Human	cluster_23
SRR6994826	2018	Human	cluster_23
SRR6994829	2018	Human	cluster_23
SRR6998632	2018	Turkey	cluster_25
SRR7001377	2018	Swine	cluster_23
SRR7001987	2018	Turkey	cluster_25
SRR7010887	2018	Human	cluster_23
SRR7010915	2018	Human	cluster_23
SRR7010953	2008	Human	cluster_25
SRR7010955	2009	Human	cluster_25
SRR7010957	2009	Human	cluster_23
SRR7010959	Unknown	Human	cluster_23
SRR7010960	2007	Human	cluster_23
SRR7010961	2008	Human	cluster_25
SRR7010962	2009	Human	cluster_23
SRR7010963	Unknown	Human	cluster_23
SRR7010964	2009	Human	cluster_25
SRR7010965	2007	Human	cluster_23
SRR7010966	2007	Human	singleton_47
SRR7010967	2009	Human	cluster_25
SRR7010969	2008	Human	cluster_23
SRR7010971	2007	Human	cluster_23
SRR7010972	2008	Human	cluster_23
SRR7010973	2008	Human	cluster_23
SRR7015166	2017	Human	cluster_23
SRR7027938	2018	Human	cluster_23
SRR7028147	2018	Human	cluster_23
SRR7028542	2005	Human	cluster_23
SRR7028544	2009	Human	cluster_25
SRR7046175	2018	Chicken	cluster_23
SRR7046180	2018	Chicken	cluster_23
SRR7049891	2018	Human	cluster_11
SRR7051555	2018	Swine	cluster_25
SRR7056104	2017	Human	cluster_23
SRR7056117	2018	Human	cluster_17
SRR7059380	2015	Human	cluster_23
SRR7063457	2018	Human	cluster_1
SRR7063525	2018	Human	cluster_19
SRR7063537	2018	Human	cluster_19
SRR7081876	2018	Human	cluster_17
SRR7081928	2009	Human	cluster_23
SRR7081931	2009	Human	cluster_23
SRR7081932	2009	Human	cluster_23
SRR7081933	2009	Human	cluster_23
SRR7081934	2009	Human	cluster_25
SRR7081938	2018	Human	cluster_19
SRR7081941	2009	Human	cluster_23
SRR7081942	2009	Human	cluster_23
SRR7084518	2018	Turkey	cluster_23
SRR7084659	2018	Chicken	cluster_23
SRR7089252	2018	Human	cluster_8
SRR7093155	2018	Human	cluster_23
SRR7105183	2018	Human	cluster_1
SRR7118994	2010	Human	cluster_23
SRR7119000	2010	Human	cluster_23
SRR7119002	2010	Human	cluster_23
SRR7119003	2010	Human	cluster_25
SRR7119005	2010	Human	cluster_25
SRR7119008	2010	Human	cluster_23
SRR7119011	2010	Human	cluster_23
SRR7119022	2010	Human	cluster_23
SRR7123217	2018	Chicken	cluster_23
SRR7125427	2017	Human	cluster_19
SRR7126176	2018	Chicken	cluster_23
SRR7130973	2018	Chicken	cluster_23
SRR7132609	2011	Human	cluster_25
SRR7132611	2010	Human	cluster_25
SRR7132614	2010	Human	cluster_25
SRR7132615	2010	Human	cluster_23
SRR7132617	2011	Human	cluster_14
SRR7132619	2010	Human	cluster_23
SRR7132620	2011	Human	cluster_23
SRR7132621	2011	Human	cluster_23
SRR7132622	2011	Human	cluster_25
SRR7132623	2011	Human	cluster_23
SRR7132625	2011	Human	cluster_23
SRR7132629	2010	Human	cluster_23
SRR7132630	2011	Human	cluster_23
SRR7132635	2011	Human	cluster_23
SRR7132654	2012	Human	cluster_23
SRR7140184	2018	Unspecified Animal	cluster_19
SRR7140400	2018	Human	cluster_23
SRR7140419	2018	Human	cluster_23
SRR7155454	2018	Swine	cluster_25
SRR7155503	2018	Chicken	cluster_23
SRR7155935	2012	Human	cluster_19
SRR7155936	2011	Human	cluster_23
SRR7155937	2012	Human	cluster_25
SRR7155938	2012	Human	cluster_25
SRR7155939	Unknown	Unspecified Animal	cluster_25
SRR7155941	2011	Human	cluster_23
SRR7155942	2012	Human	cluster_23
SRR7155944	2011	Human	cluster_23
SRR7155945	2011	Human	cluster_23
SRR7155946	2012	Human	cluster_23
SRR7155947	2012	Human	cluster_23
SRR7155948	2012	Human	cluster_23
SRR7155949	2012	Human	cluster_25
SRR7155969	2012	Human	cluster_25
SRR7155971	2011	Human	cluster_25
SRR7155972	2012	Human	cluster_23
SRR7163449	2018	Chicken	cluster_23
SRR7167107	2012	Human	cluster_25
SRR7167110	2013	Human	cluster_23
SRR7167112	2013	Human	cluster_23
SRR7167113	2012	Human	cluster_23
SRR7167117	2012	Human	cluster_25
SRR7167118	2012	Human	cluster_23
SRR7167131	2013	Human	cluster_25
SRR7170104	2018	Human	cluster_23
SRR7170379	2018	Human	cluster_23
SRR7170383	2018	Human	cluster_23
SRR7170601	2018	Human	cluster_23
SRR7179444	2012	Human	cluster_23
SRR7180875	2018	Chicken	cluster_23
SRR7182338	2013	Human	cluster_23
SRR7182340	2013	Human	cluster_23
SRR7182341	2013	Human	cluster_23
SRR7182343	2014	Human	cluster_25
SRR7182345	2013	Human	cluster_23
SRR7182352	2014	Human	cluster_25
SRR7182353	2014	Human	cluster_25
SRR7182354	2014	Human	cluster_22
SRR7182355	2014	Human	cluster_25
SRR7182356	2014	Human	cluster_23
SRR7182358	2014	Human	cluster_23
SRR7182360	2014	Human	cluster_23
SRR7182366	2014	Human	cluster_23
SRR7182368	2014	Human	cluster_25
SRR7182372	2014	Human	cluster_25
SRR7182378	2014	Human	cluster_25
SRR7182380	2014	Human	cluster_25
SRR7183166	2018	Chicken	cluster_23
SRR7192735	2018	Chicken	cluster_23
SRR7193857	2018	Human	cluster_23
SRR7204187	2018	Human	cluster_23
SRR7218525	2005	Human	cluster_2
SRR7218535	2014	Human	cluster_23
SRR7218536	2013	Human	cluster_23
SRR7218538	2014	Human	cluster_23
SRR7218542	Unknown	Unspecified Animal	cluster_23
SRR7218552	2014	Human	cluster_25
SRR7218557	2018	Human	cluster_23
SRR7228886	2018	Turkey	cluster_23
SRR7236097	2011	Human	cluster_25
SRR7237449	2018	Swine	cluster_25
SRR7245651	2018	Human	cluster_25
SRR7245956	2018	Human	cluster_19
SRR7246303	2018	Human	cluster_25
SRR7247766	2018	Human	cluster_23
SRR7247781	2018	Human	cluster_23
SRR7247785	2016	Human	cluster_23
SRR7248269	2018	Human	cluster_23
SRR7255309	2018	Chicken	cluster_23
SRR7269378	2018	Human	cluster_25
SRR7280333	2018	Human	cluster_23
SRR7284550	2018	Chicken	cluster_23
SRR7289052	2018	Chicken	cluster_23
SRR7289192	2018	Human	cluster_23
SRR7289199	2018	Human	cluster_23
SRR7294318	2018	Human	cluster_23
SRR7294484	2018	Human	cluster_19
SRR7300239	2018	Human	singleton_27
SRR7300298	2018	Human	cluster_25
SRR7300338	2018	Human	cluster_19
SRR7300348	2018	Human	cluster_23
SRR7300423	2016	Human	cluster_23
SRR7346598	2007	Human	cluster_23
SRR7346603	Unknown	Human	cluster_23
SRR7346615	Unknown	Human	cluster_2
SRR7348235	2018	Human	cluster_19
SRR7348254	2018	Human	cluster_23
SRR7348272	2018	Human	cluster_23
SRR7348287	2018	Human	cluster_1
SRR7348302	2018	Human	cluster_23
SRR7352864	2018	Human	cluster_25
SRR7363561	2018	Human	cluster_25
SRR7363589	2018	Human	cluster_23
SRR7379952	2018	Chicken	cluster_23
SRR7413790	2018	Human	cluster_19
SRR7413792	2018	Human	cluster_23
SRR7414646	2018	Human	cluster_23
SRR7414894	2018	Human	cluster_25
SRR7419937	2018	Human	cluster_23
SRR7426089	2018	Swine	cluster_25
SRR7429457	2018	Human	cluster_23
SRR7441854	2018	Unspecified Animal	cluster_19
SRR7442124	2018	Human	cluster_25
SRR7447136	2018	Human	cluster_23
SRR7449520	2018	Chicken	cluster_23
SRR7465646	2018	Chicken	cluster_23
SRR7465648	2018	Chicken	cluster_23
SRR7465770	2018	Chicken	cluster_23
SRR7473075	2018	Human	cluster_23
SRR7473171	2018	Unspecified Animal	cluster_19
SRR7473174	2017	Unspecified Animal	cluster_19
SRR7477815	2018	Human	cluster_13
SRR7501435	2018	Chicken	cluster_23
SRR7502527	2018	Chicken	cluster_23
SRR7504418	2018	Human	cluster_25
SRR7504421	2018	Human	cluster_25
SRR7504425	2018	Human	cluster_23
SRR7504567	2018	Human	cluster_23
SRR7504697	2018	Human	cluster_23
SRR7504739	2018	Human	cluster_23
SRR7504837	2009	Human	cluster_25
SRR7508327	2018	Chicken	cluster_23
SRR7508333	2018	Chicken	cluster_23
SRR7514599	2018	Human	cluster_23
SRR7514643	2018	Human	cluster_17
SRR7514656	2018	Human	cluster_23
SRR7514669	2018	Human	cluster_25
SRR7518690	2017	Human	cluster_23
SRR7524714	2018	Human	cluster_23
SRR7532599	2010	Human	cluster_19
SRR7532602	2011	Human	cluster_19
SRR7532776	2018	Human	cluster_23
SRR7532810	2009	Human	cluster_23
SRR7537014	2016	Human	cluster_23
SRR7541279	2013	Human	cluster_19
SRR7541298	2012	Human	cluster_19
SRR7541308	2011	Human	cluster_19
SRR7543371	2018	Chicken	cluster_23
SRR7545569	2018	Human	cluster_23
SRR7545605	2018	Human	cluster_25
SRR7545611	2018	Human	cluster_23
SRR7550765	2018	Swine	cluster_25
SRR7551543	2018	Human	cluster_19
SRR7551726	Unknown	Unspecified Animal	cluster_19
SRR7554875	2018	Chicken	cluster_23
SRR7601639	2018	Human	cluster_23
SRR7610634	2018	Human	cluster_23
SRR7615144	2018	Chicken	cluster_23
SRR7620501	2018	Human	cluster_23
SRR7620542	2018	Human	cluster_19
SRR7620545	2018	Human	cluster_23
SRR7627638	2015	Human	cluster_23
SRR7633410	2018	Human	cluster_23
SRR7633957	2018	Human	cluster_25
SRR7634040	2018	Human	cluster_19
SRR7641895	2018	Human	cluster_23
SRR7642198	2018	Human	cluster_19
SRR7652639	2018	Human	cluster_23
SRR7661162	2018	Swine	cluster_25
SRR7661360	2018	Human	cluster_19
SRR7664375	2018	Human	cluster_23
SRR7666308	2018	Chicken	cluster_23
SRR7666330	2018	Human	cluster_23
SRR7666332	2018	Human	cluster_23
SRR7667964	2018	Human	cluster_23
SRR7667966	2018	Human	cluster_23
SRR7667971	2018	Human	cluster_23
SRR7667974	2018	Human	cluster_23
SRR7667979	2018	Human	cluster_23
SRR7691848	2018	Unspecified Animal	cluster_19
SRR7691849	2018	Unspecified Animal	cluster_19
SRR7697598	2018	Human	cluster_23
SRR7701275	2018	Human	cluster_19
SRR7702997	2018	Human	cluster_23
SRR7703003	2018	Human	singleton_2
SRR7703142	2018	Human	cluster_23
SRR7706437	2018	Human	cluster_25
SRR7708085	2018	Chicken	cluster_23
SRR7719473	2018	Human	cluster_23
SRR7719491	2018	Human	cluster_23
SRR7721714	2018	Chicken	cluster_23
SRR7721726	2018	Chicken	cluster_23
SRR7724143	2018	Chicken	cluster_23
SRR7739635	2018	Human	cluster_25
SRR7739800	2018	Human	cluster_25
SRR7739825	2018	Human	cluster_25
SRR7741054	2018	Human	cluster_23
SRR7741059	2018	Human	cluster_23
SRR7750653	2018	Human	cluster_23
SRR7750657	2018	Human	cluster_23
SRR7750728	2018	Human	cluster_25
SRR7750825	2018	Human	cluster_25
SRR7758537	2018	Human	cluster_23
SRR7758611	2018	Human	cluster_23
SRR7758724	2018	Chicken	cluster_23
SRR7763264	2018	Human	cluster_23
SRR7767222	2018	Human	cluster_25
SRR7773304	2018	Human	cluster_25
SRR7773525	2018	Human	cluster_25
SRR7782636	2018	Chicken	cluster_23
SRR7789756	2018	Human	cluster_23
SRR7790297	2018	Chicken	cluster_23
SRR7803853	2016	Human	cluster_23
SRR7803915	2018	Human	cluster_23
SRR7821022	2018	Human	cluster_25
SRR7821104	2018	Human	cluster_23
SRR7830567	2018	Human	cluster_19
SRR7874544	2018	Human	cluster_4
SRR7874590	2018	Human	cluster_19
SRR7876367	2018	Human	cluster_19
SRR7876400	2018	Unspecified Animal	cluster_19
SRR7876405	2018	Human	cluster_23
SRR7876430	2018	Unspecified Animal	cluster_19
SRR7876436	2018	Human	cluster_23
SRR7876653	2018	Human	cluster_19
SRR7881679	2018	Human	cluster_23
SRR7881681	2018	Human	singleton_4
SRR7882184	2018	Human	cluster_25
SRR7888688	2018	Human	cluster_23
SRR7888789	2018	Human	cluster_23
SRR7895479	2018	Bovine	cluster_19
SRR7898940	2018	Other	cluster_23
SRR7899001	2018	Human	cluster_19
SRR7903590	2018	Turkey	cluster_23
SRR7903597	2018	Chicken	cluster_23
SRR7905825	2018	Human	cluster_23
SRR7905877	2018	Human	cluster_23
SRR7906066	2018	Human	cluster_23
SRR7906237	2018	Human	cluster_17
SRR7906250	2018	Human	cluster_23
SRR7906711	2018	Human	singleton_34
SRR7909636	2018	Unspecified Animal	cluster_19
SRR7909644	2018	Human	cluster_23
SRR7909844	2018	Human	cluster_23
SRR7909874	2018	Human	cluster_23
SRR7939528	2018	Human	cluster_23
SRR7942421	2018	Human	cluster_23
SRR7958788	2018	Human	cluster_19
SRR7965101	2018	Human	cluster_17
SRR7965732	2018	Human	cluster_23
SRR8030002	2018	Human	cluster_23
SRR8053960	2018	Human	cluster_23
SRR8053968	2018	Human	cluster_25
SRR8054083	2018	Human	cluster_19
SRR8054166	2018	Human	cluster_23
SRR8054424	2018	Chicken	cluster_23
SRR8054486	2018	Human	cluster_23
SRR8058182	2008	Human	cluster_25
SRR8058207	2018	Human	cluster_23
SRR8062388	2018	Human	cluster_25
SRR8066625	2018	Other	cluster_23
SRR8066636	2018	Chicken	cluster_23
SRR8069594	2018	Human	cluster_11
SRR8076082	2018	Human	cluster_23
SRR8076602	2018	Unspecified Animal	cluster_19
SRR8079613	2015	Human	cluster_23
SRR8080784	2018	Chicken	cluster_23
SRR8092143	2018	Human	cluster_23
SRR8092148	2016	Human	cluster_23
SRR8093867	2016	Human	cluster_23
SRR8093924	2016	Human	cluster_23
SRR8093928	2008	Human	cluster_23
SRR8110004	2018	Chicken	cluster_23
SRR8110009	2018	Chicken	cluster_23
SRR8110011	2018	Chicken	cluster_23
SRR8113480	2018	Chicken	cluster_23
SRR8113653	2016	Human	cluster_23
SRR8113870	2018	Chicken	cluster_23
SRR8129590	2008	Human	cluster_23
SRR8129602	2008	Human	cluster_23
SRR8129808	2008	Human	cluster_23
SRR8131457	2018	Chicken	cluster_23
SRR8131459	2018	Chicken	cluster_23
SRR8137106	2018	Human	cluster_23
SRR8137114	2016	Human	cluster_23
SRR8137115	2016	Human	cluster_23
SRR8142427	2018	Human	cluster_19
SRR8144984	2018	Human	cluster_23
SRR8145038	2018	Human	cluster_23
SRR8145276	2018	Human	cluster_23
SRR8145307	2018	Human	cluster_23
SRR8157426	2018	Chicken	cluster_23
SRR8157444	2018	Chicken	cluster_23
SRR8157469	2018	Chicken	cluster_23
SRR8157533	2018	Bovine	cluster_19
SRR8158666	2018	Chicken	cluster_23
SRR8167607	2018	Chicken	cluster_23
SRR8169730	2018	Chicken	cluster_23
SRR8170282	2018	Human	cluster_23
SRR8170343	2018	Swine	cluster_25
SRR8170420	2018	Human	cluster_23
SRR8170524	2018	Human	cluster_25
SRR8170734	2015	Human	cluster_23
SRR8175966	2018	Human	cluster_23
SRR8179222	2018	Bovine	cluster_19
SRR8188971	2018	Human	cluster_19
SRR8192825	2018	Human	cluster_23
SRR8193055	2008	Human	cluster_23
SRR8202281	2018	Swine	cluster_25
SRR8206314	2018	Chicken	cluster_23
SRR8207733	2018	Human	cluster_23
SRR8208290	2018	Bovine	cluster_23
SRR8210484	2018	Human	cluster_23
SRR8216247	2016	Human	cluster_23
SRR8235407	2018	Human	cluster_23
SRR8249013	2018	Chicken	cluster_23
SRR8256543	2018	Chicken	cluster_23
SRR8261712	2018	Chicken	cluster_23
SRR8265914	2018	Human	cluster_23
SRR8265960	2018	Human	cluster_23
SRR8266150	2018	Human	cluster_23
SRR8267657	2018	Chicken	cluster_23
SRR8271831	2016	Human	cluster_25
SRR8271840	2016	Human	cluster_25
SRR8280729	2018	Human	cluster_23
SRR8286587	2018	Chicken	cluster_23
SRR8294469	2018	Human	cluster_19
SRR8294480	2018	Human	cluster_19
SRR8294547	2018	Human	cluster_23
SRR8294657	2018	Human	cluster_23
SRR8298504	2018	Human	cluster_23
SRR8298629	2018	Human	cluster_23
SRR8298850	2018	Human	cluster_23
SRR8299277	2018	Human	cluster_23
SRR8303389	2018	Human	cluster_23
SRR8303443	2018	Human	cluster_23
SRR8305769	2018	Human	cluster_23
SRR8305833	2018	Human	cluster_4
SRR8327759	2018	Human	cluster_25
SRR8348428	2018	Human	cluster_23
SRR8348436	2018	Human	cluster_23
SRR8348948	2018	Human	cluster_23
SRR8348971	2018	Human	cluster_13
SRR8355555	2018	Human	cluster_23
SRR8358512	2018	Human	cluster_17
SRR8364659	2018	Human	cluster_19
SRR8370415	2018	Chicken	cluster_23
SRR8383896	2018	Human	cluster_23
SRR8384211	2018	Human	cluster_23
SRR8384298	2018	Human	cluster_23
SRR8384440	2018	Human	singleton_18
SRR8384839	2018	Human	cluster_23
SRR8389121	2018	Human	cluster_23
SRR8389156	2018	Human	cluster_23
SRR8394110	2018	Human	cluster_23
SRR8394190	2018	Human	singleton_5
SRR8418732	2018	Bovine	cluster_19
SRR8418733	2018	Human	cluster_13
SRR8418812	2018	Unspecified Animal	cluster_19
SRR8420086	2018	Chicken	cluster_23
SRR8428552	2018	Human	cluster_25
SRR8430246	2018	Chicken	cluster_23
SRR8434903	2014	Human	cluster_23
SRR8434909	2015	Human	cluster_23
SRR8444081	2018	Human	cluster_23
SRR8444374	2018	Human	cluster_23
SRR8444375	2018	Human	cluster_25
SRR8451991	2019	Chicken	cluster_23
SRR8455545	2018	Bovine	cluster_19
SRR8460358	2018	Human	cluster_23
SRR8469384	2018	Human	cluster_23
SRR8471101	2007	Human	cluster_23
SRR8471334	2007	Human	cluster_23
SRR8477354	2019	Human	cluster_23
SRR8478043	2018	Human	cluster_23
SRR8482398	2019	Human	cluster_25
SRR8489735	2018	Chicken	cluster_23
SRR8502683	2018	Human	cluster_25
SRR8511225	2019	Human	cluster_23
SRR8511709	2018	Human	cluster_23
SRR8528927	2019	Chicken	cluster_23
SRR8530451	2019	Human	cluster_25
SRR8531078	2019	Human	cluster_23
SRR8532433	2019	Human	cluster_23
SRR8533934	2019	Human	cluster_23
SRR8539911	2019	Human	cluster_23
SRR8543079	2019	Chicken	cluster_23
SRR8545350	2019	Chicken	cluster_23
SRR8550762	2018	Human	cluster_23
SRR8550935	2019	Chicken	cluster_23
SRR8551066	2018	Human	cluster_23
SRR8551102	2018	Bovine	cluster_19
SRR8551765	2019	Human	cluster_25
SRR8556359	2019	Chicken	cluster_23
SRR8582840	2019	Human	cluster_23
SRR8582857	2019	Human	cluster_23
SRR8592618	2019	Bovine	cluster_19
SRR8593419	2019	Chicken	cluster_23
SRR8606658	2019	Chicken	cluster_23
SRR8618515	2019	Human	cluster_23
SRR8618793	2018	Human	cluster_23
SRR8618856	2019	Human	cluster_19
SRR8619329	2019	Human	cluster_23
SRR8645440	2018	Human	cluster_23
SRR8647284	2019	Human	cluster_25
SRR8696203	2019	Chicken	cluster_23
SRR8699505	2019	Chicken	cluster_23
SRR8708060	2018	Human	cluster_23
SRR8723083	2019	Chicken	cluster_23
SRR8731043	2019	Bovine	cluster_19
SRR8731161	2019	Human	cluster_25
SRR8731169	2018	Human	cluster_23
SRR8731172	2018	Human	cluster_23
SRR8731179	2018	Human	cluster_23
SRR8731390	2019	Human	cluster_23
SRR8731595	2019	Chicken	cluster_23
SRR8732071	2019	Human	cluster_23
SRR8734059	2019	Human	cluster_23
SRR8734135	2019	Human	cluster_23
SRR8734178	2019	Human	cluster_23
SRR8741770	2018	Unspecified Animal	cluster_19
SRR8741929	2018	Human	cluster_25
SRR8742117	2019	Chicken	cluster_23
SRR8754543	2019	Chicken	cluster_23
SRR8754938	2019	Chicken	cluster_23
SRR8756275	Unknown	Human	cluster_19
SRR8757384	2019	Human	cluster_11
SRR8777113	2019	Unspecified Animal	cluster_19
SRR8777126	2019	Human	singleton_45
SRR8777219	2019	Chicken	cluster_23
SRR8781848	2007	Human	cluster_23
SRR8786754	2019	Human	cluster_23
SRR8793561	2019	Human	cluster_19
SRR8800599	2018	Human	cluster_23
SRR8800650	2018	Human	cluster_19
SRR8800654	2018	Human	cluster_19
SRR8838623	2019	Bovine	cluster_19
SRR8839676	2019	Turkey	cluster_25
SRR8839701	2019	Chicken	cluster_23
SRR8839846	2019	Swine	cluster_25
SRR8864211	2019	Turkey	cluster_25
SRR8866392	Unknown	Human	cluster_23
SRR8866393	2019	Human	cluster_25
SRR8866412	Unknown	Human	cluster_23
SRR8866612	2006	Human	cluster_23
SRR8866613	2006	Human	cluster_23
SRR8884675	2019	Chicken	cluster_23
SRR8887781	2018	Human	cluster_23
SRR8888293	2019	Human	cluster_23
SRR8888427	2019	Chicken	cluster_23
SRR8888469	2019	Human	cluster_23
SRR8889134	2019	Human	cluster_23
SRR8899121	2019	Human	cluster_23
SRR8923036	2019	Human	cluster_25
SRR8926765	2019	Human	cluster_23
SRR8926774	2019	Human	cluster_23
SRR8930528	2019	Human	cluster_23
SRR8932724	Unknown	Human	cluster_23
SRR8933048	2019	Chicken	cluster_23
SRR8950420	2019	Human	cluster_23
SRR8985414	2018	Human	cluster_23
SRR8995968	2006	Human	cluster_23
SRR8997254	2012	Human	cluster_23
SRR8997381	2019	Human	cluster_23
SRR9007158	2019	Human	singleton_21
SRR9017261	2019	Human	cluster_17
SRR9028464	2019	Chicken	cluster_23
SRR9029408	2019	Human	cluster_23
SRR9040661	2019	Human	cluster_23
SRR9040667	2019	Human	cluster_23
SRR9054049	2019	Human	cluster_23
SRR9057521	2019	Bovine	cluster_19
SRR9057524	2019	Human	cluster_23
SRR9061000	2019	Human	cluster_23
SRR9071939	2019	Human	cluster_23
SRR9083677	Unknown	Unspecified Animal	cluster_23
SRR9108088	2019	Human	cluster_23
SRR9127683	2019	Swine	cluster_25
SRR9132442	2019	Human	cluster_23
SRR9132468	2019	Human	cluster_23
SRR9132484	Unknown	Human	cluster_23
SRR9132566	2006	Human	cluster_23
SRR9137386	2019	Human	cluster_17
SRR9137458	2019	Human	cluster_23
SRR9155757	2019	Human	cluster_23
SRR9184452	2019	Human	cluster_23
SRR9184572	2019	Human	cluster_25
SRR9184990	2019	Human	cluster_23
SRR9200581	2019	Human	cluster_23
SRR9221881	2018	Human	cluster_23
SRR9268612	2019	Human	cluster_23
SRR9283109	2019	Human	cluster_23
SRR9283219	2019	Human	cluster_23
SRR9291156	2019	Human	cluster_23
SRR9291488	2019	Human	cluster_23
SRR9304232	2019	Human	cluster_23
SRR9332430	2018	Human	cluster_23
SRR9332808	2014	Human	cluster_25
SRR9333370	2019	Swine	cluster_25
SRR9335123	2014	Human	cluster_25
SRR9335394	2019	Human	cluster_23
SRR9588266	2019	Human	cluster_9
SRR9597221	2015	Human	cluster_23
SRR9597222	2014	Human	cluster_23
SRR9597238	2019	Human	cluster_23
SRR9611014	2014	Human	cluster_23
SRR9611920	2019	Swine	cluster_25
SRR9641081	2019	Human	cluster_19
SRR9641126	2019	Human	cluster_25
SRR9643068	2019	Swine	cluster_25
SRR9643268	2019	Chicken	cluster_23
SRR9643383	2019	Chicken	cluster_23
SRR9647130	2019	Human	cluster_25
SRR9647135	2019	Human	cluster_25
SRR9674938	2014	Human	cluster_23
SRR9691408	Unknown	Unspecified Animal	cluster_17
SRR9703037	2014	Human	cluster_23
SRR9705220	2019	Human	cluster_23
SRR9705224	2019	Human	cluster_23
SRR9705313	2019	Human	cluster_23
SRR9705317	2019	Human	cluster_23
SRR9722982	Unknown	Human	cluster_23
SRR9735042	Unknown	Human	cluster_23
SRR9735379	2013	Human	cluster_23
SRR9735384	Unknown	Unspecified Animal	cluster_23
SRR9735385	Unknown	Human	cluster_23
SRR9870650	2019	Human	cluster_23
SRR9875387	2019	Human	cluster_13
SRR9878752	2019	Human	cluster_17
SRR9886733	Unknown	Human	cluster_25
SRR9895543	2019	Swine	cluster_25
SRR9903411	2019	Human	cluster_25
SRR9920889	2019	Human	cluster_23
SRR9920890	2019	Human	cluster_23
SRR9920898	2019	Human	cluster_23
SRR9920902	2019	Human	cluster_23
SRR9940705	2019	Human	cluster_23
SRR9942529	2019	Human	singleton_15
SRR9955153	2019	Human	cluster_23
SRR9959988	2019	Human	cluster_23
SRR9959990	2019	Human	cluster_23
SRR9959995	2019	Human	cluster_23
SRR9959996	2019	Human	cluster_23
SRR9959997	2019	Human	cluster_23
SRR9959998	2019	Human	cluster_23
SRR9960000	2019	Human	cluster_23
SRR9960002	2019	Human	cluster_23
SRR9960003	2019	Human	cluster_23
SRR9960006	2019	Human	cluster_23
SRR9960009	2019	Human	cluster_23
SRR9962767	2019	Chicken	cluster_23
SRR9965166	2019	Human	cluster_23
SRR9968287	2019	Human	cluster_19
SRR9972026	2014	Human	cluster_23
SRR9987983	2019	Human	cluster_23
SRR9988064	2019	Human	cluster_23
SRR9988356	2014	Human	cluster_23
SRR9988896	2019	Bovine	cluster_19
RS3111	2021	Turkey	cluster_23
RS3188	2017	Turkey	cluster_25
RS3189	2016	Turkey	cluster_25
RS3193	2016	Turkey	cluster_23
RS3205	2018	Turkey	cluster_25
