ID	Year	Source	MST-17
SRR10024593	2019	Human	cluster_26
SRR10030199	Unknown	Human	singleton_125
SRR10032650	2019	Chicken	cluster_1
SRR10038023	2019	Chicken	cluster_1
SRR10042366	2019	Swine	cluster_33
SRR10045210	2019	Swine	cluster_48
SRR10045212	2019	Chicken	cluster_1
SRR10062593	2019	Swine	cluster_48
SRR10096072	2019	Swine	cluster_48
SRR10100582	2019	Chicken	cluster_8
SRR10119410	2019	Swine	singleton_35
SRR10164097	2019	Chicken	cluster_1
SRR10165185	2019	Swine	cluster_48
SRR10177389	2019	Human	cluster_48
SRR10187032	2019	Swine	cluster_48
SRR10204406	2019	Human	singleton_85
SRR10222432	2019	Chicken	cluster_1
SRR10222433	2019	Swine	cluster_33
SRR10222648	2019	Chicken	cluster_1
SRR10229995	2019	Chicken	cluster_1
SRR10229999	2019	Swine	cluster_48
SRR10239227	2019	Swine	cluster_48
SRR10246257	2019	Swine	cluster_48
SRR10258303	2019	Human	cluster_26
SRR10258432	2019	Swine	cluster_48
SRR10275439	2019	Human	cluster_1
SRR10276295	2019	Human	cluster_33
SRR10342339	2019	Human	cluster_48
SRR10343234	2019	Swine	cluster_33
SRR10360842	2019	Chicken	cluster_1
SRR10363872	2019	Swine	cluster_48
SRR10375862	2019	Human	cluster_48
SRR10398720	2019	Swine	cluster_48
SRR10436677	2019	Human	cluster_8
SRR10480721	2019	Swine	cluster_21
SRR10493539	2019	Swine	cluster_48
SRR10493602	2019	Swine	cluster_48
SRR10493637	2019	Swine	cluster_48
SRR10574912	2019	Chicken	cluster_18
SRR10582248	2019	Swine	cluster_46
SRR10603317	2019	Swine	cluster_3
SRR10611453	2019	Swine	cluster_3
SRR10611454	2019	Swine	cluster_48
SRR10611461	2019	Swine	cluster_48
SRR10611469	2019	Swine	cluster_3
SRR10612118	2019	Swine	cluster_48
SRR10612289	2019	Swine	cluster_48
SRR10612313	2019	Swine	singleton_34
SRR10669575	2019	Swine	singleton_4
SRR10673618	2019	Chicken	cluster_1
SRR10673620	2019	Swine	cluster_48
SRR10674783	Unknown	Unspecified Animal	cluster_18
SRR10691593	2019	Swine	cluster_48
SRR10696446	2019	Human	cluster_26
SRR10725814	2019	Swine	cluster_48
SRR10733937	2019	Swine	cluster_48
SRR10738737	2019	Human	cluster_40
SRR10740759	2019	Chicken	cluster_1
SRR10842958	2019	Swine	singleton_32
SRR10856529	2019	Human	cluster_49
SRR10873163	2019	Swine	cluster_48
SRR10873168	2019	Chicken	cluster_29
SRR10873177	2019	Swine	cluster_48
SRR10879480	2019	Swine	cluster_48
SRR10879530	2019	Swine	cluster_48
SRR10885544	2019	Human	cluster_32
SRR10900532	2019	Human	cluster_42
SRR10905426	2019	Swine	cluster_48
SRR10918504	2019	Swine	cluster_48
SRR10959851	2020	Chicken	singleton_111
SRR10972443	2020	Chicken	cluster_1
SRR10972450	2020	Swine	cluster_48
SRR10972457	2020	Swine	singleton_16
SRR10987384	2020	Swine	cluster_49
SRR10988778	2020	Chicken	cluster_1
SRR10997527	2020	Swine	cluster_48
SRR11003701	2020	Chicken	cluster_1
SRR11013644	2020	Human	singleton_101
SRR11015465	2020	Swine	singleton_63
SRR11048534	2020	Swine	cluster_3
SRR11058543	2020	Chicken	cluster_1
SRR11058546	2020	Swine	cluster_48
SRR11096331	2020	Swine	cluster_48
SRR11096363	2020	Swine	cluster_48
SRR11096372	2020	Chicken	cluster_42
SRR11102101	2020	Chicken	cluster_1
SRR11119342	2020	Swine	cluster_48
SRR11134740	2020	Human	cluster_4
SRR11142350	Unknown	Human	cluster_32
SRR11153200	2020	Chicken	cluster_1
SRR11173385	2020	Swine	cluster_2
SRR11178015	2020	Human	cluster_46
SRR11210248	2020	Swine	cluster_48
SRR11215735	2020	Bovine	cluster_2
SRR11252230	2020	Human	cluster_41
SRR11278034	2020	Swine	cluster_48
SRR11278082	2020	Swine	cluster_48
SRR11283156	2020	Swine	cluster_48
SRR11283157	2020	Swine	cluster_48
SRR11305072	2020	Human	cluster_48
SRR11311365	2020	Swine	cluster_48
SRR11311381	2020	Swine	cluster_48
SRR11311815	2020	Chicken	cluster_1
SRR11317771	2020	Swine	cluster_48
SRR11347194	2020	Swine	cluster_48
SRR11348094	2020	Swine	cluster_48
SRR11348529	2020	Chicken	cluster_1
SRR11357337	2020	Swine	cluster_48
SRR11396126	2020	Swine	cluster_48
SRR11453029	2020	Swine	cluster_33
SRR11488964	2020	Swine	cluster_48
SRR11534360	2020	Human	cluster_31
SRR11544376	2020	Chicken	cluster_1
SRR11544385	2020	Swine	singleton_39
SRR11544413	2020	Bovine	cluster_48
SRR11544430	2020	Swine	cluster_3
SRR11544481	2020	Swine	cluster_48
SRR11573957	2020	Swine	cluster_46
SRR11574680	2020	Swine	cluster_3
SRR11574705	2020	Swine	singleton_43
SRR11584886	2020	Swine	cluster_49
SRR11615659	2020	Swine	cluster_48
SRR11615695	2020	Swine	cluster_48
SRR11714384	2020	Swine	singleton_81
SRR11772185	2020	Human	singleton_99
SRR11799632	2020	Swine	cluster_21
SRR11802375	2020	Chicken	cluster_1
SRR11832979	2020	Swine	cluster_48
SRR11833463	2020	Chicken	cluster_1
SRR11879324	2020	Swine	cluster_49
SRR11879330	2020	Swine	cluster_48
SRR11950174	2020	Chicken	cluster_4
SRR11991396	2020	Swine	cluster_48
SRR12026410	2020	Swine	cluster_48
SRR12053952	2020	Swine	cluster_48
SRR12091629	2020	Swine	cluster_24
SRR12110226	2020	Swine	cluster_48
SRR12169357	2020	Swine	cluster_49
SRR12179609	2020	Swine	cluster_46
SRR12215569	2020	Swine	cluster_49
SRR12229407	2020	Swine	cluster_46
SRR12229886	2020	Human	singleton_98
SRR12272958	2020	Swine	cluster_48
SRR12272959	2020	Swine	cluster_49
SRR12278213	2020	Human	cluster_48
SRR12286089	2020	Human	cluster_40
SRR12362763	2020	Swine	cluster_48
SRR12363266	2020	Swine	cluster_48
SRR12363296	2020	Swine	cluster_49
SRR12376963	2020	Chicken	cluster_1
SRR12388982	2020	Swine	cluster_46
SRR12416780	2020	Swine	cluster_46
SRR12424645	2020	Human	singleton_45
SRR12435860	2020	Human	cluster_24
SRR12441797	2020	Swine	singleton_3
SRR12455725	2020	Chicken	cluster_1
SRR12472213	2020	Swine	cluster_46
SRR12472385	2020	Swine	cluster_48
SRR12473611	2020	Human	cluster_40
SRR12475927	2020	Swine	cluster_48
SRR12475934	2020	Swine	cluster_48
SRR12479609	2020	Swine	cluster_48
SRR12486088	2020	Swine	cluster_3
SRR12486091	2020	Chicken	cluster_42
SRR12487317	2020	Swine	cluster_48
SRR12487480	2020	Swine	cluster_48
SRR12487493	2020	Swine	cluster_33
SRR12507470	2020	Human	cluster_48
SRR12508280	2020	Turkey	cluster_18
SRR12595424	2020	Chicken	cluster_1
SRR12624333	2020	Swine	cluster_48
SRR12625470	2020	Swine	cluster_48
SRR12626329	2020	Swine	cluster_48
SRR12637739	2020	Chicken	cluster_1
SRR12637742	2020	Chicken	cluster_1
SRR12660980	2020	Swine	cluster_48
SRR12672096	2020	Swine	cluster_48
SRR12672225	2020	Swine	cluster_48
SRR12683261	2020	Swine	cluster_33
SRR12692963	2020	Human	cluster_48
SRR12708931	2020	Swine	cluster_48
SRR12708959	2020	Swine	cluster_33
SRR12713700	2020	Swine	cluster_48
SRR12717984	2020	Bovine	cluster_48
SRR12730540	2020	Swine	cluster_48
SRR12734222	2020	Swine	cluster_33
SRR12749456	2020	Swine	cluster_48
SRR12749485	2020	Swine	cluster_49
SRR12768100	2020	Chicken	cluster_1
SRR12768295	2020	Chicken	cluster_1
SRR12774090	2020	Swine	cluster_48
SRR12781630	2020	Swine	cluster_14
SRR12799161	2020	Swine	cluster_48
SRR12799281	2020	Swine	cluster_48
SRR12807001	2020	Swine	cluster_48
SRR12811733	2020	Chicken	cluster_1
SRR12817648	2020	Swine	cluster_48
SRR12817649	2020	Swine	cluster_49
SRR12851455	2020	Chicken	cluster_1
SRR12931159	2019	Human	cluster_4
SRR12937793	2020	Swine	cluster_33
SRR12937857	2020	Swine	cluster_48
SRR12967295	2020	Swine	cluster_48
SRR12971477	2020	Swine	cluster_48
SRR12973948	2020	Swine	cluster_46
SRR12974224	2020	Chicken	cluster_1
SRR12976475	2020	Chicken	cluster_1
SRR12982649	2020	Swine	cluster_48
SRR13001959	2020	Swine	cluster_48
SRR13001960	2020	Swine	cluster_48
SRR13001974	2020	Chicken	cluster_1
SRR13002092	2020	Human	cluster_48
SRR13006141	2020	Chicken	cluster_1
SRR13017786	2020	Swine	cluster_49
SRR13017821	2020	Swine	cluster_48
SRR13049824	2020	Chicken	cluster_1
SRR13068948	2020	Swine	cluster_48
SRR13075262	2020	Human	cluster_48
SRR13094595	2020	Swine	cluster_48
SRR13107637	2020	Swine	cluster_48
SRR13107639	2020	Swine	singleton_83
SRR13126783	2020	Chicken	cluster_1
SRR13166754	2020	Bovine	cluster_48
SRR13166839	2020	Swine	singleton_42
SRR13200043	2020	Swine	cluster_48
SRR13201999	2020	Chicken	cluster_1
SRR13208056	2020	Swine	cluster_49
SRR13209920	2020	Chicken	cluster_1
SRR13218628	2020	Swine	cluster_48
SRR13221848	2020	Bovine	cluster_48
SRR13243057	2020	Human	cluster_36
SRR13244896	2020	Swine	cluster_49
SRR13245091	2020	Swine	cluster_48
SRR13245132	2020	Swine	cluster_48
SRR13245226	2020	Swine	cluster_48
SRR13246067	2020	Swine	cluster_48
SRR13246083	2020	Chicken	cluster_1
SRR13271332	2020	Swine	cluster_33
SRR13271362	2020	Swine	cluster_49
SRR13274060	2020	Human	singleton_112
SRR13301887	2020	Chicken	cluster_1
SRR13321472	2020	Chicken	cluster_1
SRR13338126	2020	Swine	cluster_48
SRR13340859	2020	Bovine	cluster_48
SRR13348526	2020	Human	cluster_16
SRR13349955	2020	Swine	cluster_48
SRR13350009	2020	Swine	cluster_48
SRR13374148	2020	Swine	cluster_48
SRR13377892	2020	Swine	singleton_67
SRR13380260	2020	Chicken	cluster_1
SRR13403394	2020	Swine	cluster_48
SRR13405899	2020	Swine	singleton_68
SRR13421160	2020	Swine	singleton_74
SRR13443403	2021	Human	cluster_16
SRR13492821	2020	Human	cluster_32
SRR13508645	2020	Swine	cluster_48
SRR13521834	2021	Swine	cluster_48
SRR13530962	2020	Swine	cluster_48
SRR13530965	2021	Swine	cluster_48
SRR13558761	2021	Chicken	cluster_1
SRR13566024	2021	Swine	cluster_49
SRR13573552	2021	Chicken	cluster_1
SRR13593682	2021	Swine	cluster_48
SRR13593704	2021	Swine	cluster_48
SRR13593708	2020	Swine	cluster_48
SRR13593774	2021	Swine	cluster_48
SRR13605931	2020	Swine	cluster_48
SRR13605938	2020	Swine	cluster_48
SRR13605952	2021	Swine	cluster_49
SRR13641925	2021	Swine	cluster_48
SRR13641934	2021	Other	cluster_15
SRR13642053	2021	Human	singleton_106
SRR13643004	2021	Chicken	cluster_48
SRR13643127	2021	Swine	cluster_48
SRR13643133	2021	Swine	cluster_48
SRR13649961	2021	Swine	cluster_48
SRR13690561	2021	Swine	cluster_48
SRR13698889	2021	Swine	cluster_49
SRR13700591	2021	Chicken	cluster_1
SRR13734312	2019	Swine	cluster_48
SRR13738019	2021	Swine	singleton_62
SRR13779993	2021	Bovine	cluster_33
SRR13790545	2021	Swine	cluster_48
SRR13834026	2021	Swine	cluster_48
SRR13858930	2021	Swine	cluster_48
SRR13858932	2021	Swine	cluster_49
SRR13883594	2021	Swine	cluster_48
SRR13883608	2021	Swine	cluster_34
SRR13913062	2021	Chicken	cluster_1
SRR13943514	2021	Chicken	cluster_1
SRR13943517	2021	Swine	cluster_48
SRR13943518	2021	Swine	cluster_49
SRR13976683	2021	Swine	cluster_36
SRR14029786	2021	Chicken	cluster_1
SRR14055066	2021	Swine	cluster_46
SRR14084270	2021	Swine	cluster_48
SRR14097338	2021	Swine	cluster_49
SRR14097434	2021	Swine	cluster_33
SRR14097606	2021	Swine	cluster_33
SRR14103529	2021	Swine	cluster_48
SRR14108542	2021	Human	cluster_25
SRR14145898	2021	Swine	cluster_49
SRR14146084	2021	Unspecified Animal	cluster_1
SRR14156268	2021	Swine	cluster_49
SRR14193382	2021	Swine	cluster_48
SRR14193383	2021	Swine	cluster_33
SRR14237718	2021	Human	cluster_38
SRR14263037	2021	Swine	cluster_48
SRR14267630	2021	Swine	cluster_48
SRR14296446	2021	Human	cluster_36
SRR14306305	2021	Swine	cluster_48
SRR14306312	2021	Swine	cluster_48
SRR14333900	2021	Swine	cluster_48
SRR14354862	2021	Swine	cluster_48
SRR14370497	2021	Swine	cluster_48
SRR14370499	2021	Swine	cluster_33
SRR14371100	2021	Chicken	cluster_1
SRR14371399	2021	Swine	cluster_48
SRR14371885	2021	Chicken	cluster_1
SRR14372007	2021	Chicken	cluster_1
SRR14421780	2021	Swine	cluster_33
SRR14460148	2021	Swine	cluster_48
SRR14479163	2021	Human	cluster_17
SRR14482399	2021	Human	singleton_88
SRR14483177	2021	Swine	cluster_48
SRR14503782	2021	Chicken	cluster_1
SRR14511788	2021	Swine	cluster_48
SRR14513398	2021	Swine	cluster_33
SRR14532031	2021	Human	cluster_1
SRR14547572	2021	Human	cluster_48
SRR14596722	2021	Swine	cluster_44
SRR14596955	2021	Human	cluster_33
SRR14601583	2021	Chicken	cluster_1
SRR14608637	2021	Chicken	cluster_1
SRR14609198	2021	Swine	cluster_48
SRR14613693	2021	Chicken	cluster_1
SRR14636211	2021	Chicken	cluster_1
SRR14670949	2020	Human	cluster_1
SRR14681816	2021	Human	cluster_48
SRR14704652	2021	Human	cluster_40
SRR14704976	2021	Human	cluster_40
SRR14705853	2021	Swine	cluster_33
SRR14712262	2021	Human	singleton_96
SRR14739047	2021	Swine	cluster_33
SRR14739248	2021	Swine	cluster_48
SRR14750025	2021	Unknown	cluster_7
SRR14750190	2021	Unknown	cluster_7
SRR14752586	2021	Human	cluster_40
SRR14792179	2021	Swine	singleton_53
SRR14793006	2021	Swine	cluster_48
SRR14824464	2021	Swine	cluster_49
SRR14834366	2021	Human	cluster_1
SRR14864028	2021	Human	cluster_40
SRR14882464	2021	Swine	cluster_48
SRR14882466	2021	Bovine	cluster_48
SRR14934776	2021	Swine	cluster_48
SRR14982350	2021	Human	cluster_40
SRR15017603	2021	Swine	cluster_48
SRR15017628	2021	Swine	cluster_48
SRR15017658	2021	Swine	cluster_33
SRR15030577	2021	Human	cluster_3
SRR15064623	2021	Swine	cluster_48
SRR15064712	2021	Bovine	cluster_48
SRR15070588	2021	Human	cluster_40
SRR15089740	2021	Swine	cluster_48
SRR15102578	2021	Swine	cluster_48
SRR15115505	2021	Human	cluster_42
SRR15128299	2021	Human	cluster_46
SRR15128534	2021	Human	cluster_33
SRR15130496	2021	Human	cluster_46
SRR15136870	2021	Human	cluster_1
SRR15139291	2021	Swine	cluster_48
SRR15140805	2021	Swine	cluster_33
SRR15169697	2021	Human	cluster_1
SRR15169700	2021	Human	cluster_1
SRR15192289	2021	Human	cluster_40
SRR15192291	2021	Swine	cluster_48
SRR15192330	2021	Chicken	cluster_1
SRR15194496	2021	Human	cluster_42
SRR15248555	2021	Swine	cluster_48
SRR15251454	2021	Human	singleton_114
SRR15257856	2021	Human	cluster_40
SRR15321226	2021	Swine	cluster_33
SRR15321325	2021	Swine	cluster_48
SRR15323640	2021	Chicken	cluster_1
SRR15323850	2021	Swine	cluster_48
SRR15340337	2021	Chicken	cluster_18
SRR15357561	2021	Swine	singleton_8
SRR15416311	2021	Human	cluster_40
SRR15446858	2021	Swine	singleton_11
SRR15465830	2021	Swine	cluster_33
SRR15475194	2021	Chicken	cluster_1
SRR15488853	2021	Human	cluster_40
SRR15494503	2021	Swine	cluster_33
SRR15495308	2021	Human	cluster_13
SRR15526568	2021	Human	cluster_26
SRR15539661	2021	Swine	cluster_48
SRR15607198	2021	Human	cluster_46
SRR15613614	2021	Chicken	cluster_1
SRR15614295	2021	Human	cluster_1
SRR15669300	2021	Human	cluster_17
SRR15736172	2021	Swine	cluster_33
SRR15736183	2021	Chicken	cluster_1
SRR15744473	2021	Swine	cluster_33
SRR15744486	2021	Swine	cluster_33
SRR15780511	2021	Swine	cluster_48
SRR15782974	2021	Swine	cluster_48
SRR15825009	2021	Swine	cluster_48
SRR15861893	2021	Swine	cluster_37
SRR15877875	2021	Human	cluster_17
SRR15879316	2021	Chicken	cluster_15
SRR15881262	2021	Chicken	cluster_1
SRR15894609	2021	Swine	cluster_48
SRR15904678	2021	Swine	cluster_46
SRR15915249	2021	Swine	cluster_48
SRR15923983	2021	Human	singleton_113
SRR15926860	2021	Swine	cluster_33
SRR15931614	2021	Human	cluster_25
SRR15944126	2021	Human	cluster_4
SRR15971041	2021	Human	cluster_33
SRR15988184	2021	Swine	cluster_48
SRR16002473	2021	Swine	cluster_33
SRR16007004	2021	Human	cluster_40
SRR16036034	2021	Human	cluster_1
SRR16089694	2021	Swine	cluster_48
SRR16100313	2021	Swine	cluster_48
SRR16105740	2021	Human	singleton_124
SRR16153902	2021	Swine	cluster_33
SRR16183238	2021	Swine	cluster_33
SRR16183245	2021	Chicken	cluster_1
SRR16183249	2021	Chicken	cluster_8
SRR16206526	2021	Bovine	cluster_48
SRR16206532	2021	Chicken	cluster_1
SRR16206534	2021	Swine	cluster_33
SRR16235510	2021	Other	cluster_48
SRR16241816	2021	Bovine	cluster_48
SRR16299665	2021	Swine	cluster_48
SRR16300017	2021	Chicken	cluster_1
SRR16315033	2021	Swine	cluster_33
SRR16315038	2021	Swine	cluster_48
SRR16342276	2021	Chicken	cluster_1
SRR16343572	2021	Swine	cluster_48
SRR16351764	2021	Swine	cluster_48
SRR16351773	2021	Chicken	cluster_1
SRR16501651	2021	Swine	cluster_48
SRR16502281	2021	Swine	cluster_33
SRR16502351	2021	Swine	cluster_33
SRR16530890	2021	Human	cluster_42
SRR16541554	2021	Swine	singleton_38
SRR16553194	2021	Chicken	cluster_1
SRR16561744	2021	Swine	cluster_33
SRR16561844	2021	Chicken	singleton_57
SRR16562182	2021	Swine	cluster_49
SRR16563482	2021	Swine	singleton_92
SRR16566149	2021	Human	cluster_45
SRR16632201	2021	Chicken	cluster_1
SRR16677014	2021	Human	cluster_46
SRR16761460	2021	Chicken	cluster_1
SRR16765595	2021	Swine	cluster_48
SRR16765596	2021	Chicken	cluster_48
SRR16775004	2021	Human	cluster_17
SRR16878494	2021	Swine	cluster_33
SRR16890829	2021	Swine	cluster_37
SRR16890834	2021	Swine	cluster_48
SRR16891832	2021	Swine	cluster_33
SRR16893771	2021	Human	cluster_33
SRR16931950	2021	Swine	cluster_33
SRR16931951	2021	Chicken	cluster_1
SRR16948680	2021	Swine	cluster_33
SRR16968808	2021	Swine	cluster_33
SRR16983681	2021	Human	cluster_42
SRR16994517	2021	Chicken	cluster_1
SRR16996933	2021	Chicken	cluster_1
SRR17001449	2021	Chicken	cluster_1
SRR17015171	2021	Human	cluster_32
SRR17016969	2021	Human	cluster_32
SRR17019477	2021	Swine	cluster_33
SRR17023788	2021	Swine	cluster_48
SRR17063131	2021	Swine	cluster_48
SRR17063141	2021	Chicken	cluster_1
SRR17064203	2021	Human	cluster_1
SRR17066567	2021	Swine	cluster_48
SRR17066672	2021	Swine	cluster_33
SRR17066836	2021	Human	cluster_32
SRR17102524	2021	Human	cluster_32
SRR17115130	2021	Swine	cluster_48
SRR17116059	2021	Bovine	cluster_48
SRR17140158	2021	Human	cluster_32
SRR17143339	2021	Human	cluster_32
SRR17157314	2021	Chicken	cluster_1
SRR17157365	2021	Swine	cluster_48
SRR17180975	2021	Chicken	cluster_1
SRR17188787	2021	Chicken	cluster_1
SRR17229369	2021	Swine	cluster_33
SRR17229626	2021	Swine	cluster_33
SRR17229685	2021	Chicken	cluster_1
SRR17230315	2021	Human	cluster_1
SRR17253465	2021	Chicken	cluster_1
SRR17253479	2021	Swine	cluster_46
SRR17257217	2021	Swine	cluster_48
SRR17279245	2021	Swine	cluster_33
SRR17279248	2021	Chicken	cluster_1
SRR17279253	2021	Swine	cluster_46
SRR17282670	2021	Human	cluster_33
SRR17286885	2021	Human	cluster_42
SRR17287416	2021	Swine	singleton_55
SRR17313165	2021	Chicken	cluster_1
SRR17320074	2021	Human	cluster_1
SRR17322589	2021	Swine	cluster_33
SRR17335856	2021	Human	cluster_1
SRR17338256	2021	Swine	cluster_33
SRR17348929	2021	Swine	cluster_48
SRR17349073	2021	Swine	cluster_49
SRR17349325	2021	Swine	cluster_48
SRR17379673	2021	Human	cluster_32
SRR17407491	2021	Chicken	cluster_15
SRR17412959	2021	Human	cluster_35
SRR17413011	2021	Swine	cluster_33
SRR17422995	2021	Human	cluster_32
SRR17524713	2021	Other	singleton_90
SRR17524714	2021	Other	cluster_30
SRR17524719	2021	Other	cluster_30
SRR17534149	2021	Chicken	cluster_1
SRR17534417	2021	Swine	cluster_48
SRR17549878	2021	Human	singleton_87
SRR17563844	2021	Swine	cluster_48
SRR17563854	2021	Swine	singleton_49
SRR17567841	2021	Chicken	cluster_48
SRR17574944	2021	Human	cluster_42
SRR17649341	2021	Chicken	singleton_115
SRR17657492	2021	Swine	cluster_48
SRR17658152	2021	Swine	cluster_48
SRR17734365	2022	Human	cluster_24
SRR17783119	2022	Swine	cluster_46
SRR17786844	2022	Swine	cluster_46
SRR17789044	2022	Chicken	cluster_1
SRR17809308	2022	Swine	cluster_33
SRR17809310	2022	Swine	cluster_33
SRR17809320	2022	Swine	cluster_48
SRR17809323	2022	Swine	cluster_33
SRR17809351	2022	Swine	cluster_21
SRR17831476	2022	Swine	cluster_46
SRR17838826	2022	Swine	cluster_43
SRR17843460	2022	Human	cluster_32
SRR17853865	2022	Swine	cluster_48
SRR17871312	2022	Swine	cluster_33
SRR17915036	2022	Swine	cluster_48
SRR17944941	2022	Human	cluster_40
SRR17958548	2022	Human	cluster_32
SRR18000147	2022	Swine	cluster_33
SRR18054167	2022	Human	cluster_46
SRR18087756	2022	Human	cluster_32
SRR18106327	2022	Swine	cluster_48
SRR18172525	2022	Swine	singleton_102
SRR18207485	2022	Human	cluster_1
SRR18230555	2022	Swine	cluster_33
SRR18231273	2022	Swine	singleton_9
SRR18258968	2022	Human	cluster_46
SRR18271538	2022	Human	cluster_32
SRR18276449	2022	Swine	cluster_48
SRR18276451	2022	Swine	cluster_48
SRR18280468	2022	Human	cluster_48
SRR18296372	2022	Swine	cluster_48
SRR18314354	2022	Swine	cluster_33
SRR18315277	2022	Swine	cluster_48
SRR18315291	2022	Swine	cluster_46
SRR18315840	2021	Swine	cluster_48
SRR18324699	2022	Swine	cluster_33
SRR18390791	2022	Swine	cluster_33
SRR18392476	2022	Swine	cluster_48
SRR18397810	2022	Human	cluster_47
SRR18426045	2022	Swine	cluster_33
SRR18432425	2022	Bovine	singleton_50
SRR18434372	2022	Human	cluster_1
SRR18505378	2022	Human	cluster_32
SRR18505538	2022	Swine	cluster_33
SRR18505542	2022	Swine	cluster_48
SRR18519363	2022	Swine	singleton_66
SRR18519368	2022	Swine	cluster_33
SRR18529521	2022	Human	cluster_1
SRR18546510	2022	Swine	cluster_48
SRR18574472	2022	Swine	cluster_48
SRR18609783	2022	Human	cluster_1
SRR18664121	2022	Chicken	cluster_1
SRR18673898	2022	Human	cluster_47
SRR18715906	2022	Human	cluster_1
SRR18771442	2022	Swine	cluster_33
SRR18771511	2022	Swine	cluster_48
SRR18771541	2022	Swine	cluster_33
SRR18771747	2022	Swine	cluster_48
SRR18774183	2022	Swine	cluster_48
SRR18915651	2022	Swine	cluster_48
SRR18915701	2022	Swine	cluster_33
SRR18939667	2022	Human	cluster_31
SRR18963405	2022	Swine	cluster_48
SRR18976470	2022	Swine	cluster_49
SRR18976869	2022	Chicken	cluster_1
SRR19034555	2022	Swine	singleton_77
SRR19070351	2022	Swine	cluster_43
SRR19082470	2022	Human	cluster_48
SRR19094416	2022	Swine	cluster_48
SRR19156770	2022	Human	cluster_32
SRR19158457	2022	Human	cluster_48
SRR19171749	2022	Swine	cluster_48
SRR19206140	2022	Swine	cluster_33
SRR19210422	2022	Swine	singleton_21
SRR19210472	2022	Swine	cluster_33
SRR19256151	2022	Swine	cluster_48
SRR19277146	2022	Swine	cluster_33
SRR19358570	2022	Swine	cluster_48
SRR19359276	2022	Swine	cluster_48
SRR19359278	2022	Swine	cluster_48
SRR19360539	2022	Swine	cluster_48
SRR19360540	2022	Swine	cluster_48
SRR19360541	2022	Swine	cluster_48
SRR19360547	2022	Swine	cluster_48
SRR19363174	2022	Swine	cluster_33
SRR19364446	2022	Swine	cluster_48
SRR19395578	2022	Human	cluster_1
SRR19396261	2022	Swine	singleton_26
SRR19397108	2022	Swine	cluster_48
SRR19432248	2022	Human	cluster_33
SRR19505675	2022	Swine	cluster_33
SRR19513445	2022	Human	cluster_40
SRR19559889	2022	Swine	cluster_48
SRR19589070	2022	Swine	cluster_33
SRR19591779	2022	Swine	cluster_48
SRR19649767	2022	Human	singleton_110
SRR19730706	2022	Human	cluster_40
SRR19775540	2022	Swine	cluster_33
SRR19777729	2022	Chicken	cluster_48
SRR19811604	2022	Chicken	cluster_1
SRR19811606	2022	Swine	cluster_33
SRR19846999	2022	Swine	cluster_33
SRR19848243	2022	Swine	cluster_33
SRR19869785	2022	Human	cluster_40
SRR19912998	2022	Chicken	cluster_1
SRR19913085	2022	Swine	cluster_33
SRR19913128	2022	Chicken	cluster_1
SRR19918638	2022	Human	cluster_45
SRR19924860	2022	Swine	cluster_48
SRR19953694	2022	Human	cluster_40
SRR19963724	2022	Human	cluster_33
SRR19986841	2022	Swine	cluster_48
SRR20018003	2022	Chicken	cluster_1
SRR20212391	2022	Swine	cluster_33
SRR20224935	2022	Swine	cluster_14
SRR20282986	2022	Swine	cluster_33
SRR20419234	2022	Swine	cluster_48
SRR20427595	2022	Swine	cluster_33
SRR20531982	2022	Swine	singleton_89
SRR20649174	2022	Human	singleton_25
SRR20649268	2022	Human	singleton_24
SRR20728409	2022	Swine	singleton_73
SRR20736459	2022	Swine	cluster_33
SRR20789799	2022	Human	cluster_12
SRR20825703	2022	Swine	cluster_33
SRR20834523	2022	Chicken	cluster_1
SRR20848168	2022	Swine	cluster_48
SRR20848787	2022	Bovine	cluster_1
SRR21009183	2022	Chicken	cluster_1
SRR21010974	2022	Chicken	cluster_1
SRR21011008	2022	Swine	cluster_48
SRR21011027	2022	Chicken	cluster_18
SRR21026067	2022	Swine	cluster_46
SRR21065604	2022	Swine	cluster_48
SRR21082849	2022	Human	cluster_31
SRR21086551	2022	Swine	cluster_33
SRR21101748	2022	Human	cluster_12
SRR21143247	2022	Human	cluster_35
SRR21155879	2022	Human	cluster_1
SRR21177844	2022	Swine	cluster_48
SRR21177847	2022	Swine	cluster_33
SRR21193845	2022	Human	cluster_1
SRR21203212	2022	Chicken	cluster_1
SRR21204262	2022	Chicken	cluster_1
SRR21237265	2022	Human	cluster_1
SRR21294209	2022	Swine	cluster_48
SRR21295159	2022	Human	cluster_1
SRR21303788	2022	Chicken	singleton_51
SRR2132186	2014	Swine	cluster_48
SRR21350381	2022	Human	cluster_12
SRR21404022	2022	Human	cluster_40
SRR21413037	2022	Swine	cluster_48
SRR21536786	2022	Chicken	cluster_15
SRR21587765	2022	Swine	singleton_14
SRR21587769	2022	Swine	cluster_48
SRR21591349	2022	Other	singleton_28
SRR21594379	2022	Human	cluster_12
SRR21628935	2022	Swine	cluster_48
SRR21650540	2022	Sheep/Goat	cluster_28
SRR21650541	2022	Sheep/Goat	cluster_28
SRR21660864	2022	Chicken	cluster_40
SRR21682295	2022	Swine	cluster_33
SRR21685260	2022	Swine	cluster_48
SRR21697113	2022	Human	cluster_1
SRR21709891	2022	Swine	cluster_48
SRR2174013	2012	Unspecified Poultry	singleton_84
SRR2174139	2012	Unspecified Poultry	singleton_82
SRR21742425	2022	Bovine	cluster_33
SRR21742701	2022	Chicken	cluster_1
SRR21742755	2022	Chicken	cluster_1
SRR21743211	2022	Swine	cluster_33
SRR21759280	2022	Human	cluster_1
SRR21770837	2022	Chicken	singleton_20
SRR21786435	2022	Swine	cluster_48
SRR21808207	2022	Chicken	cluster_15
SRR21814044	2022	Human	cluster_20
SRR21817653	2022	Swine	cluster_33
SRR21817654	2022	Swine	cluster_48
SRR21837219	2022	Human	cluster_20
SRR21837220	2022	Human	cluster_20
SRR21837221	2022	Human	cluster_20
SRR21859247	2022	Human	cluster_33
SRR21859256	2022	Human	cluster_40
SRR2188116	2015	Swine	cluster_33
SRR21932017	2022	Swine	cluster_13
SRR21972132	2022	Human	singleton_64
SRR21973275	2022	Other	cluster_20
SRR21975912	2022	Human	cluster_1
SRR22038616	2022	Swine	cluster_33
SRR22051281	2022	Human	cluster_1
SRR22051282	2022	Human	cluster_1
SRR22059289	2022	Human	singleton_97
SRR22069485	2022	Human	cluster_1
SRR22102778	2022	Swine	cluster_48
SRR22106146	2022	Human	singleton_118
SRR22143884	2022	Human	cluster_1
SRR22149463	2022	Swine	cluster_48
SRR22163741	2022	Chicken	cluster_1
SRR22214558	2022	Swine	cluster_48
SRR22217186	2022	Human	cluster_1
SRR22223016	2022	Human	cluster_1
SRR22223059	2022	Swine	cluster_48
SRR22223094	2022	Human	cluster_1
SRR22234429	2022	Human	cluster_1
SRR22275907	2022	Human	cluster_1
SRR22302800	2022	Chicken	cluster_1
SRR22304087	2022	Swine	cluster_33
SRR22307108	2022	Swine	singleton_12
SRR22316372	2022	Swine	singleton_7
SRR22316380	2022	Swine	cluster_48
SRR22325202	2022	Swine	cluster_33
SRR22325443	2022	Swine	cluster_33
SRR22341768	2022	Chicken	cluster_26
SRR22361253	2022	Chicken	singleton_19
SRR22364538	2022	Swine	cluster_33
SRR22398359	2022	Swine	cluster_33
SRR22434783	2022	Swine	cluster_48
SRR22435872	2022	Human	cluster_48
SRR22443845	2022	Swine	cluster_33
SRR22490015	2022	Swine	cluster_33
SRR22506417	2022	Bovine	cluster_48
SRR22506421	2022	Swine	cluster_48
SRR22535722	2022	Swine	cluster_48
SRR22535917	2022	Chicken	cluster_1
SRR22540115	2022	Human	cluster_33
SRR22557978	2022	Swine	cluster_48
SRR22566359	2022	Swine	cluster_48
SRR22566527	2022	Chicken	cluster_1
SRR22578367	2022	Chicken	cluster_26
SRR22650925	2022	Swine	cluster_33
SRR22681888	2022	Human	singleton_79
SRR22750355	2022	Swine	cluster_48
SRR22793124	2022	Swine	cluster_48
SRR22810403	2022	Swine	cluster_33
SRR22847340	2022	Swine	cluster_48
SRR22854110	2022	Swine	cluster_48
SRR22868025	2022	Swine	cluster_33
SRR22868473	2022	Swine	cluster_33
SRR22902430	2022	Human	cluster_40
SRR22927702	2022	Swine	cluster_33
SRR22939728	2022	Swine	cluster_33
SRR22956203	2022	Chicken	cluster_1
SRR22989523	2022	Swine	cluster_33
SRR22989630	2022	Swine	cluster_33
SRR23000255	2022	Swine	cluster_48
SRR23024112	2022	Swine	cluster_33
SRR23068156	2022	Swine	cluster_33
SRR23071322	2022	Swine	cluster_48
SRR23079310	2022	Swine	cluster_33
SRR23108423	2022	Human	cluster_46
SRR23116381	2022	Chicken	cluster_1
SRR23116384	2022	Swine	cluster_33
SRR23132821	2022	Swine	cluster_33
SRR23133731	2022	Human	cluster_1
SRR23148997	2022	Human	cluster_40
SRR23171707	2023	Swine	cluster_33
SRR23193800	2023	Human	singleton_122
SRR23195359	2023	Human	cluster_46
SRR23195370	2023	Human	cluster_46
SRR23196048	2023	Human	singleton_119
SRR23237725	2022	Swine	cluster_48
SRR23237736	2022	Chicken	cluster_1
SRR23272208	2023	Swine	cluster_46
SRR23272209	2023	Swine	cluster_33
SRR23289838	2023	Human	cluster_46
SRR23291462	2023	Swine	cluster_33
SRR23291534	2023	Bovine	cluster_48
SRR23291664	2023	Swine	cluster_33
SRR23310600	2023	Swine	cluster_48
SRR23318102	2022	Swine	cluster_48
SRR23350326	2023	Swine	cluster_48
SRR23353184	2023	Swine	cluster_33
SRR23360164	2023	Swine	cluster_33
SRR23373636	2023	Swine	cluster_49
SRR23388110	2023	Swine	cluster_33
SRR23408071	2023	Swine	cluster_48
SRR23408072	2023	Swine	cluster_22
SRR23455518	2023	Swine	cluster_4
SRR23566407	2023	Swine	cluster_48
SRR23607788	2023	Human	singleton_72
SRR23610371	2023	Swine	cluster_33
SRR23640795	2023	Swine	cluster_48
SRR23677013	2023	Swine	singleton_18
SRR23679266	2023	Swine	cluster_46
SRR23684372	2023	Human	singleton_27
SRR23686472	2023	Swine	cluster_22
SRR23686849	2023	Swine	cluster_33
SRR23686880	2023	Swine	cluster_48
SRR23686883	2023	Swine	cluster_48
SRR23829581	2023	Swine	cluster_33
SRR23839373	2023	Swine	cluster_33
SRR23839439	2023	Swine	cluster_33
SRR23928812	2023	Swine	cluster_33
SRR23928814	2023	Swine	cluster_33
SRR23929837	2023	Swine	singleton_22
SRR23929923	2023	Swine	cluster_48
SRR23939248	2023	Human	cluster_31
SRR23955731	2023	Swine	cluster_13
SRR23955734	2023	Swine	cluster_48
SRR23979088	2023	Swine	cluster_33
SRR23982123	2023	Human	cluster_17
SRR23989337	2023	Human	cluster_48
SRR23995915	2023	Swine	cluster_33
SRR24065254	2023	Swine	cluster_48
SRR24065255	2023	Swine	cluster_48
SRR24065269	2023	Swine	cluster_48
SRR24107120	2023	Swine	cluster_48
SRR24116114	2023	Human	cluster_13
SRR24147561	2023	Swine	cluster_33
SRR24174743	2023	Swine	cluster_48
SRR24187479	2023	Human	cluster_38
SRR24189403	2023	Human	singleton_103
SRR24236430	2023	Swine	cluster_33
SRR24236446	2023	Swine	cluster_48
SRR24255673	2023	Swine	cluster_13
SRR24300250	2023	Human	singleton_95
SRR24318115	2023	Swine	cluster_33
SRR24376481	2023	Swine	cluster_48
SRR24401740	2023	Swine	cluster_48
SRR24422600	2023	Human	cluster_1
SRR24481602	2023	Swine	cluster_48
SRR24498120	2023	Human	cluster_33
SRR24564992	2023	Swine	cluster_13
SRR24630309	2023	Turkey	singleton_69
SRR24650819	2023	Swine	cluster_33
SRR24687554	2023	Human	cluster_26
SRR24708467	2023	Human	cluster_13
SRR24708491	2023	Human	cluster_13
SRR24708586	2023	Swine	cluster_48
SRR24709493	2023	Swine	cluster_33
SRR24754394	2023	Human	cluster_33
SRR24763829	2023	Human	cluster_13
SRR24764109	2023	Human	cluster_13
SRR24804844	Unknown	Human	singleton_78
SRR24830354	2023	Human	cluster_1
SRR24860963	2023	Human	cluster_31
SRR24867766	2023	Swine	cluster_48
SRR24867805	2023	Swine	cluster_33
SRR24877720	2023	Swine	cluster_33
SRR24877823	2023	Swine	cluster_33
SRR24878874	2023	Swine	cluster_33
SRR24894138	2023	Swine	singleton_29
SRR24980009	2023	Swine	cluster_48
SRR24991900	2023	Swine	cluster_33
SRR24996164	2023	Human	cluster_31
SRR25036873	2023	Swine	cluster_48
SRR25072647	2023	Swine	cluster_33
SRR25146533	2023	Human	cluster_17
SRR25184431	2023	Swine	cluster_13
SRR25205006	2023	Swine	cluster_33
SRR25246338	2023	Swine	cluster_33
SRR25246345	2023	Swine	cluster_48
SRR25247523	2023	Swine	cluster_33
SRR25305004	2023	Swine	cluster_33
SRR25305662	2023	Swine	cluster_33
SRR25308064	2023	Human	cluster_33
SRR25411778	2023	Swine	cluster_48
SRR25430862	2023	Swine	cluster_48
SRR25430882	2023	Swine	cluster_48
SRR25464610	2023	Swine	cluster_48
SRR25464611	2023	Swine	cluster_48
SRR25477186	2023	Human	cluster_1
SRR25478648	2023	Human	cluster_19
SRR25553666	2023	Chicken	cluster_1
SRR25556047	2023	Human	cluster_39
SRR25557823	2023	Human	cluster_27
SRR25572150	2023	Human	cluster_13
SRR25601468	2023	Swine	singleton_70
SRR25634836	2023	Human	cluster_1
SRR25644106	2023	Human	cluster_13
SRR25686481	2023	Swine	cluster_33
SRR25713493	2023	Chicken	cluster_1
SRR25713501	2023	Swine	cluster_33
SRR25747839	2023	Swine	cluster_46
SRR25758184	2023	Bovine	cluster_48
SRR25816588	2023	Chicken	cluster_1
SRR25816609	2023	Swine	cluster_48
SRR25816624	2023	Swine	cluster_33
SRR25836873	2023	Swine	cluster_33
SRR25836956	2023	Swine	cluster_33
SRR25929748	2023	Human	cluster_31
SRR26042964	2023	Chicken	cluster_1
SRR26053705	2023	Swine	cluster_46
SRR26060492	2023	Human	cluster_48
SRR26107387	2023	Human	cluster_5
SRR26131841	2023	Other	cluster_48
SRR26135361	2023	Swine	cluster_33
SRR26136670	2023	Chicken	cluster_1
SRR26143101	2023	Human	cluster_5
SRR26151763	2023	Swine	cluster_48
SRR26163452	2023	Human	cluster_1
SRR26167276	2023	Swine	cluster_48
SRR26176163	2023	Human	cluster_33
SRR26208839	2023	Chicken	cluster_1
SRR26217753	2023	Swine	singleton_17
SRR26287805	2023	Swine	cluster_48
SRR26288161	2023	Swine	cluster_33
SRR26301012	2023	Human	cluster_13
SRR26312833	2023	Chicken	cluster_26
SRR2638014	2015	Swine	cluster_11
SRR2638018	2015	Swine	cluster_48
SRR26393336	2023	Human	cluster_48
SRR26395098	2023	Human	cluster_46
SRR26396768	2023	Human	cluster_19
SRR26406561	2023	Human	cluster_32
SRR26408020	2023	Swine	cluster_48
SRR26422107	2023	Swine	cluster_48
SRR26422964	2023	Human	cluster_17
SRR26474570	2023	Human	singleton_59
SRR26486637	2023	Swine	cluster_48
SRR26490628	2023	Swine	cluster_48
SRR26525710	2023	Swine	cluster_33
SRR26564512	2023	Human	cluster_32
SRR26584124	2023	Swine	cluster_44
SRR26666438	2023	Swine	cluster_33
SRR26666440	2023	Swine	cluster_33
SRR26668842	2023	Swine	cluster_49
SRR26681348	2023	Turkey	cluster_4
SRR26724818	2023	Human	cluster_46
SRR26804729	2023	Human	cluster_40
SRR26806585	2023	Swine	cluster_33
SRR26863702	2023	Human	cluster_13
SRR26864579	2023	Swine	cluster_33
SRR26893019	2023	Human	cluster_40
SRR26917968	2023	Human	cluster_13
SRR26955283	2023	Human	cluster_33
SRR27042347	2023	Swine	cluster_49
SRR27172209	2023	Human	cluster_33
SRR27206259	2023	Chicken	cluster_1
SRR27206645	2023	Chicken	cluster_1
SRR27238123	2023	Chicken	cluster_1
SRR27276365	2023	Human	cluster_1
SRR27283878	2023	Swine	cluster_33
SRR27338743	2023	Chicken	cluster_1
SRR27339525	2023	Swine	cluster_33
SRR27398400	2023	Swine	cluster_33
SRR27408012	2023	Other	cluster_26
SRR27467976	2023	Other	cluster_26
SRR27492647	2023	Human	cluster_17
SRR27504355	2023	Swine	cluster_48
SRR27506941	2023	Human	singleton_121
SRR27562162	2023	Human	cluster_33
SRR27607805	2023	Human	cluster_40
SRR27645705	2024	Human	cluster_48
SRR27680327	2024	Swine	cluster_33
SRR27744988	2024	Swine	cluster_48
SRR27840495	2024	Human	cluster_1
SRR27935018	2024	Human	cluster_27
SRR27945097	2024	Human	singleton_123
SRR27987898	Unknown	Unspecified Animal	cluster_48
SRR28013379	2024	Human	cluster_39
SRR28208182	2024	Swine	cluster_33
SRR28258338	2024	Human	cluster_46
SRR28289931	2024	Human	cluster_17
SRR28294565	2024	Human	cluster_9
SRR28294573	2024	Human	cluster_9
SRR28294577	2024	Human	cluster_9
SRR28348018	2024	Swine	cluster_33
SRR28420773	2024	Swine	cluster_33
SRR28420785	2024	Swine	cluster_33
SRR2973698	2015	Swine	cluster_11
SRR2981110	2015	Swine	cluster_48
SRR2981111	2015	Swine	cluster_48
SRR3098270	2015	Swine	cluster_46
SRR3115369	2015	Swine	cluster_48
SRR3159937	2016	Swine	cluster_48
SRR3182722	2016	Swine	cluster_33
SRR3203838	2016	Swine	cluster_48
SRR3231407	2016	Human	cluster_15
SRR3284640	2016	Swine	cluster_48
SRR3319974	2016	Swine	singleton_37
SRR3331570	2016	Swine	cluster_48
SRR3331576	2016	Swine	cluster_48
SRR3402173	2016	Swine	cluster_48
SRR3488746	2016	Turkey	cluster_48
SRR3488748	2016	Swine	cluster_48
SRR3533106	2016	Other	cluster_48
SRR3611779	2014	Chicken	singleton_52
SRR3669923	2015	Human	cluster_36
SRR3710273	2016	Swine	cluster_48
SRR3710732	2016	Swine	cluster_48
SRR3710735	2016	Swine	cluster_48
SRR3711016	2016	Swine	cluster_48
SRR3713190	2016	Swine	cluster_48
SRR3930416	2016	Human	cluster_48
SRR3981168	2016	Swine	cluster_33
SRR3995886	2016	Swine	cluster_48
SRR3995887	2016	Swine	cluster_10
SRR4018344	2016	Swine	cluster_48
SRR4018348	2016	Swine	cluster_48
SRR4018361	2016	Other	cluster_48
SRR4044908	2016	Swine	cluster_33
SRR4106452	2016	Swine	cluster_33
SRR4281422	2016	Swine	cluster_48
SRR4283584	2016	Swine	cluster_33
SRR4418348	2016	Human	cluster_15
SRR4434222	2016	Swine	cluster_48
SRR4434260	2016	Swine	cluster_48
SRR4434264	2016	Swine	cluster_48
SRR4434272	2016	Swine	singleton_41
SRR4453728	2016	Swine	cluster_48
SRR4841917	2016	Human	cluster_15
SRR4842306	2016	Swine	cluster_48
SRR5006486	2016	Chicken	cluster_1
SRR5019454	2016	Bovine	cluster_48
SRR5019465	2016	Swine	singleton_116
SRR5019488	2016	Swine	singleton_47
SRR5019520	2016	Swine	cluster_48
SRR5075570	2016	Swine	cluster_33
SRR5093743	2016	Swine	cluster_48
SRR5120858	2016	Swine	singleton_48
SRR5120941	2016	Swine	cluster_48
SRR5121471	2016	Swine	cluster_48
SRR5132798	2016	Chicken	cluster_32
SRR5133945	2016	Chicken	cluster_1
SRR5152081	2016	Human	cluster_10
SRR5163864	2016	Human	singleton_117
SRR5167729	2016	Chicken	singleton_108
SRR5184158	2016	Swine	cluster_33
SRR5195877	2016	Swine	cluster_48
SRR5202354	2016	Swine	cluster_48
SRR5204767	2016	Swine	cluster_33
SRR5209725	2016	Human	cluster_48
SRR5223603	2016	Swine	singleton_15
SRR5224175	2016	Chicken	cluster_4
SRR5229485	2016	Chicken	cluster_4
SRR5251161	2017	Swine	cluster_48
SRR5256980	2017	Swine	cluster_23
SRR5297926	2017	Chicken	cluster_29
SRR5345372	2017	Bovine	cluster_48
SRR5365040	2017	Swine	cluster_33
SRR5365051	2017	Swine	cluster_48
SRR5365058	2017	Swine	cluster_48
SRR5365066	2017	Swine	cluster_48
SRR5365201	2017	Swine	cluster_48
SRR5376183	2017	Swine	cluster_48
SRR5376212	2017	Swine	singleton_5
SRR5376290	2017	Swine	cluster_23
SRR5429756	2017	Human	cluster_46
SRR5441595	2017	Swine	cluster_48
SRR5456156	2017	Swine	cluster_49
SRR5470926	2017	Swine	cluster_48
SRR5471081	2017	Swine	cluster_48
SRR5486108	2017	Swine	cluster_48
SRR5488885	2017	Human	cluster_4
SRR5496007	2017	Bovine	cluster_48
SRR5496770	2017	Swine	cluster_48
SRR5499032	2017	Swine	cluster_48
SRR5499378	2017	Swine	cluster_48
SRR5508283	2017	Human	cluster_15
SRR5508426	2017	Human	singleton_107
SRR5514437	2017	Swine	cluster_36
SRR5514448	2017	Swine	cluster_49
SRR5576028	2017	Swine	cluster_48
SRR5583431	2017	Swine	cluster_48
SRR5590213	2017	Human	singleton_109
SRR5605893	2016	Human	cluster_18
SRR5643171	2017	Swine	cluster_33
SRR5645360	2017	Human	cluster_31
SRR5655475	2017	Human	cluster_1
SRR5680981	2017	Swine	cluster_48
SRR5683231	2017	Chicken	cluster_15
SRR5684063	2017	Swine	cluster_48
SRR5704646	2017	Swine	cluster_48
SRR5705037	2017	Swine	cluster_48
SRR5705110	2017	Swine	cluster_33
SRR5764626	2017	Swine	cluster_49
SRR5808869	2017	Swine	cluster_48
SRR5808959	2017	Swine	cluster_48
SRR5808966	2017	Chicken	cluster_15
SRR5809159	2017	Swine	cluster_46
SRR5809162	2017	Swine	cluster_46
SRR5809230	2017	Swine	cluster_48
SRR5822022	2017	Human	cluster_31
SRR5824273	2017	Swine	cluster_48
SRR5825460	2017	Swine	cluster_48
SRR5825465	2017	Swine	cluster_48
SRR5825466	2017	Swine	cluster_48
SRR5825472	2017	Swine	cluster_33
SRR5862665	2017	Swine	cluster_48
SRR5870988	2017	Swine	cluster_46
SRR5879439	2017	Swine	cluster_48
SRR5881987	2017	Swine	cluster_48
SRR5884506	2017	Swine	cluster_48
SRR5884524	2017	Chicken	cluster_40
SRR5890604	2014	Human	cluster_48
SRR5902688	2017	Swine	cluster_48
SRR5902694	2017	Swine	cluster_48
SRR5930209	2017	Swine	cluster_48
SRR5945345	2017	Human	cluster_46
SRR5955204	2017	Swine	cluster_48
SRR5958626	2017	Swine	cluster_33
SRR5982074	2017	Swine	cluster_33
SRR5996761	2017	Swine	cluster_49
SRR6006995	2017	Swine	cluster_48
SRR6026450	2017	Swine	cluster_48
SRR6026457	2017	Swine	cluster_33
SRR6027919	2017	Chicken	singleton_75
SRR6042811	2017	Swine	cluster_49
SRR6048241	2017	Swine	cluster_49
SRR6051377	2017	Human	cluster_48
SRR6051623	2017	Swine	cluster_48
SRR6113328	2017	Swine	cluster_48
SRR6126766	2017	Chicken	cluster_15
SRR6158100	2017	Bovine	cluster_48
SRR6158103	2017	Bovine	cluster_48
SRR6187461	2017	Swine	cluster_48
SRR6197855	2017	Swine	cluster_48
SRR6238125	2017	Chicken	cluster_1
SRR6238548	2016	Chicken	cluster_1
SRR6238551	2016	Chicken	cluster_41
SRR6250379	2017	Swine	cluster_48
SRR6255043	2017	Swine	cluster_48
SRR6255056	2017	Swine	cluster_48
SRR6255088	2017	Swine	cluster_48
SRR6255136	2017	Swine	singleton_33
SRR6255414	2017	Swine	cluster_49
SRR6255451	2017	Swine	cluster_48
SRR6269915	2017	Swine	cluster_46
SRR6269919	2017	Swine	cluster_48
SRR6283453	2017	Swine	cluster_49
SRR6293923	2017	Swine	cluster_23
SRR6294052	2017	Swine	cluster_48
SRR6294687	2017	Swine	cluster_48
SRR6310360	2017	Human	cluster_4
SRR6324412	2017	Chicken	cluster_1
SRR6335200	2017	Swine	cluster_48
SRR6336406	2017	Chicken	cluster_4
SRR6336410	2017	Swine	cluster_48
SRR6337566	2017	Swine	cluster_48
SRR6345358	2017	Swine	singleton_40
SRR6356465	2017	Chicken	cluster_40
SRR6359219	2017	Swine	cluster_33
SRR6373817	2017	Swine	cluster_48
SRR6373823	2017	Swine	cluster_33
SRR6373884	2017	Swine	cluster_48
SRR6374058	2017	Swine	cluster_33
SRR6374059	2017	Swine	cluster_48
SRR6380500	2017	Swine	cluster_48
SRR6387399	2017	Swine	cluster_48
SRR6412369	2017	Swine	cluster_48
SRR6425050	2017	Swine	cluster_48
SRR6425051	2017	Swine	cluster_48
SRR6425052	2017	Chicken	cluster_42
SRR6426907	2017	Swine	cluster_33
SRR6440068	2017	Human	cluster_49
SRR6440525	2017	Chicken	singleton_2
SRR6459168	2017	Other	cluster_48
SRR6459221	2017	Swine	singleton_80
SRR6459471	2017	Swine	cluster_48
SRR6491687	2017	Swine	cluster_48
SRR6493449	2017	Swine	singleton_30
SRR6493481	2017	Swine	cluster_48
SRR6494816	2017	Swine	cluster_48
SRR6495253	2017	Swine	cluster_48
SRR6496809	2018	Swine	cluster_48
SRR6497893	2017	Swine	cluster_48
SRR6639033	2018	Swine	cluster_48
SRR6639041	2018	Swine	cluster_48
SRR6652825	2018	Chicken	cluster_15
SRR6652832	2018	Swine	cluster_48
SRR6659173	2017	Swine	cluster_48
SRR6682051	2017	Human	cluster_48
SRR6703580	2018	Swine	cluster_34
SRR6715740	2018	Human	singleton_120
SRR6726532	2017	Human	cluster_15
SRR6743256	2018	Swine	cluster_48
SRR6743274	2018	Swine	singleton_46
SRR6743290	2018	Swine	singleton_36
SRR6756836	2018	Swine	cluster_48
SRR6763977	2018	Chicken	singleton_58
SRR6763979	2018	Swine	cluster_48
SRR6763981	2018	Swine	cluster_48
SRR6764216	2018	Chicken	cluster_15
SRR6765272	2018	Swine	singleton_91
SRR6765282	2018	Swine	cluster_48
SRR6765285	2018	Swine	cluster_48
SRR6792297	2018	Swine	cluster_48
SRR6792300	2018	Swine	cluster_48
SRR6792317	2018	Swine	cluster_48
SRR6792318	2018	Swine	singleton_44
SRR6792319	2018	Chicken	cluster_1
SRR6793586	2018	Chicken	cluster_15
SRR6818838	2018	Swine	cluster_48
SRR6821125	2018	Other	cluster_49
SRR6848353	2018	Swine	cluster_48
SRR6904868	2018	Swine	cluster_48
SRR6904876	2018	Swine	cluster_48
SRR6920178	2018	Swine	cluster_49
SRR6930056	2018	Swine	cluster_48
SRR6933121	2018	Swine	cluster_48
SRR6933160	2018	Swine	cluster_49
SRR6950088	2018	Swine	cluster_48
SRR6950090	2018	Swine	cluster_48
SRR6956377	2018	Swine	cluster_48
SRR6976760	2018	Chicken	cluster_42
SRR6998648	2018	Swine	cluster_49
SRR7049956	2018	Swine	cluster_48
SRR7049980	2018	Swine	cluster_48
SRR7049981	2018	Swine	cluster_46
SRR7049984	2018	Swine	cluster_48
SRR7049992	2018	Swine	cluster_49
SRR7056087	2017	Human	cluster_48
SRR7063160	2018	Swine	cluster_48
SRR7075038	2018	Swine	cluster_48
SRR7075228	2018	Swine	cluster_48
SRR7084523	2018	Chicken	cluster_6
SRR7095730	2018	Swine	cluster_49
SRR7119890	2018	Swine	cluster_48
SRR7132739	2018	Swine	singleton_100
SRR7140375	2018	Human	cluster_17
SRR7155455	2018	Swine	cluster_33
SRR7155456	2018	Swine	cluster_48
SRR7171552	2018	Swine	cluster_48
SRR7171564	2018	Swine	cluster_48
SRR7178483	2018	Bovine	cluster_48
SRR7178488	2018	Swine	cluster_48
SRR7178578	2018	Chicken	singleton_65
SRR7193827	2018	Human	cluster_1
SRR7219461	2018	Swine	cluster_48
SRR7221516	2018	Swine	cluster_48
SRR7228882	2018	Swine	cluster_48
SRR7228887	2018	Swine	cluster_48
SRR7228888	2018	Swine	cluster_48
SRR7228894	2018	Swine	cluster_48
SRR7228895	2018	Chicken	cluster_49
SRR7236071	2018	Human	cluster_17
SRR7237448	2018	Swine	cluster_48
SRR7246324	2018	Human	cluster_17
SRR7253155	2017	Human	cluster_40
SRR7267488	2018	Chicken	singleton_23
SRR7267904	2018	Swine	cluster_48
SRR7271304	2018	Swine	cluster_49
SRR7289061	2018	Swine	cluster_48
SRR7292770	2018	Swine	cluster_48
SRR7406169	2018	Swine	cluster_48
SRR7439040	2018	Swine	cluster_48
SRR7439285	2018	Swine	cluster_48
SRR7463963	2018	Human	singleton_1
SRR7465503	2018	Other	cluster_48
SRR7465533	2018	Swine	cluster_36
SRR7465585	2018	Chicken	cluster_42
SRR7467266	2015	Human	singleton_93
SRR7501027	2018	Swine	cluster_48
SRR7501432	2018	Swine	cluster_48
SRR7516577	2018	Swine	cluster_48
SRR7516592	2018	Swine	cluster_48
SRR7527893	2018	Swine	cluster_48
SRR7527895	2018	Swine	cluster_48
SRR7536275	2018	Swine	cluster_48
SRR7601378	2018	Human	cluster_48
SRR7621096	2018	Bovine	cluster_48
SRR7633313	2018	Human	cluster_49
SRR7642601	2018	Swine	cluster_48
SRR7648386	2018	Human	cluster_17
SRR7657568	2018	Swine	cluster_48
SRR7661294	2018	Chicken	cluster_1
SRR7661376	2018	Swine	cluster_48
SRR7665208	2018	Chicken	cluster_1
SRR7724202	2018	Swine	cluster_48
SRR7724231	2018	Swine	cluster_48
SRR7724396	2018	Swine	cluster_48
SRR7754602	2018	Swine	cluster_48
SRR7754613	2018	Swine	cluster_48
SRR7757640	2018	Swine	cluster_49
SRR7771729	2018	Swine	cluster_48
SRR7785136	2018	Swine	cluster_48
SRR7786085	2018	Swine	cluster_49
SRR7786099	2018	Swine	cluster_48
SRR7788879	2018	Swine	cluster_48
SRR7790309	2018	Chicken	cluster_4
SRR7795522	2018	Swine	cluster_46
SRR7823304	2018	Swine	cluster_48
SRR7823313	2018	Swine	cluster_48
SRR7830259	2018	Swine	cluster_33
SRR7830260	2018	Swine	cluster_48
SRR7838540	2018	Swine	cluster_49
SRR7840879	2018	Swine	cluster_46
SRR7896193	2018	Swine	cluster_48
SRR7896197	2018	Swine	cluster_49
SRR7896198	2018	Swine	cluster_48
SRR7896207	2018	Swine	cluster_48
SRR7903290	2018	Chicken	cluster_4
SRR7906189	2018	Human	cluster_29
SRR7906729	2018	Human	cluster_48
SRR7940184	2018	Swine	cluster_48
SRR7955967	2018	Swine	cluster_48
SRR7965860	2018	Bovine	cluster_49
SRR7965864	2018	Swine	cluster_33
SRR8030875	2018	Swine	cluster_48
SRR8030887	2018	Swine	cluster_48
SRR8054417	2018	Chicken	cluster_29
SRR8080997	2018	Swine	cluster_33
SRR8081132	2018	Swine	cluster_48
SRR8109893	2018	Chicken	cluster_1
SRR8113875	2018	Chicken	cluster_1
SRR8136932	2018	Swine	cluster_48
SRR8137368	2018	Swine	cluster_48
SRR8157247	2018	Swine	cluster_33
SRR8158661	2018	Swine	cluster_48
SRR8170349	2018	Swine	cluster_48
SRR8181063	2018	Chicken	cluster_1
SRR8235538	2018	Human	singleton_104
SRR8248756	2018	Swine	cluster_48
SRR8248774	2018	Swine	cluster_49
SRR8252795	2018	Swine	cluster_48
SRR8280610	2018	Human	cluster_4
SRR8286576	2018	Swine	cluster_48
SRR8299165	Unknown	Human	cluster_48
SRR8310807	2018	Swine	cluster_49
SRR8313033	2018	Swine	cluster_48
SRR8313121	2018	Chicken	singleton_56
SRR8321708	2018	Swine	cluster_48
SRR8364843	2018	Swine	cluster_48
SRR8364860	2018	Swine	cluster_48
SRR8364868	2018	Swine	cluster_48
SRR8371584	2018	Swine	cluster_48
SRR8375535	2018	Swine	cluster_48
SRR8383941	2018	Human	cluster_49
SRR8384138	2018	Human	cluster_6
SRR8397932	2018	Bovine	cluster_48
SRR8434928	2018	Human	cluster_1
SRR8436131	2018	Swine	cluster_48
SRR8436135	2018	Swine	cluster_48
SRR8436149	2018	Swine	cluster_48
SRR8464736	2019	Swine	cluster_49
SRR8494976	2018	Human	cluster_6
SRR8499077	2019	Chicken	singleton_71
SRR8502711	2019	Human	singleton_54
SRR8538375	2019	Swine	singleton_76
SRR8546834	2019	Swine	cluster_14
SRR8556345	2019	Chicken	singleton_105
SRR8593424	2019	Swine	cluster_48
SRR8593426	2019	Swine	cluster_48
SRR8593430	2019	Swine	cluster_48
SRR8599222	2019	Swine	cluster_48
SRR8599244	2019	Swine	cluster_49
SRR8606523	2019	Swine	cluster_48
SRR8609079	2019	Swine	singleton_6
SRR8649785	2019	Swine	cluster_48
SRR8650098	2019	Swine	cluster_48
SRR8650112	2019	Swine	cluster_48
SRR8691097	2019	Swine	cluster_48
SRR8695414	2019	Chicken	cluster_40
SRR8699366	2019	Swine	cluster_33
SRR8707565	2019	Swine	cluster_48
SRR8707578	2019	Swine	cluster_33
SRR8707585	2019	Swine	cluster_48
SRR8707593	2019	Swine	cluster_48
SRR8707622	2019	Swine	cluster_48
SRR8707982	2018	Human	singleton_31
SRR8723077	2019	Swine	cluster_48
SRR8731606	2019	Swine	cluster_33
SRR8742121	2019	Swine	cluster_48
SRR8751438	2019	Swine	cluster_3
SRR8754567	2019	Swine	cluster_3
SRR8777221	2019	Swine	cluster_33
SRR8780960	2019	Human	cluster_33
SRR8795522	2019	Swine	cluster_48
SRR8838477	2019	Swine	cluster_48
SRR8839641	2019	Swine	cluster_36
SRR8839644	2019	Swine	singleton_13
SRR8856825	2019	Swine	cluster_48
SRR8865075	2019	Swine	cluster_48
SRR8865569	2019	Bovine	cluster_48
SRR8867612	2019	Swine	cluster_48
SRR8899017	2019	Swine	cluster_48
SRR8915524	2019	Swine	cluster_48
SRR8915527	2019	Swine	cluster_48
SRR8925515	2019	Swine	cluster_48
SRR8942674	2019	Bovine	cluster_48
SRR8950211	2019	Swine	singleton_61
SRR8950318	2019	Swine	cluster_48
SRR8951416	2019	Swine	cluster_48
SRR8951433	2019	Swine	cluster_48
SRR8979109	2019	Human	singleton_86
SRR8984665	2019	Human	cluster_48
SRR8994384	2019	Swine	cluster_49
SRR9047314	2019	Swine	cluster_48
SRR9048205	2019	Swine	singleton_94
SRR9049119	2019	Swine	cluster_48
SRR9050644	2019	Swine	cluster_49
SRR9052115	2019	Human	cluster_17
SRR9105586	2019	Swine	cluster_33
SRR9105587	2019	Swine	cluster_48
SRR9105589	2019	Swine	cluster_33
SRR9127661	2019	Swine	cluster_33
SRR9139706	2019	Swine	cluster_33
SRR9139737	2019	Swine	cluster_33
SRR9139751	2019	Swine	cluster_48
SRR9149720	2019	Chicken	cluster_42
SRR9165293	2019	Swine	cluster_48
SRR9201979	2019	Chicken	cluster_1
SRR9201990	2019	Swine	cluster_48
SRR9207125	2019	Swine	cluster_48
SRR9207136	2019	Swine	cluster_48
SRR9211418	2019	Swine	cluster_3
SRR9212123	2019	Swine	cluster_48
SRR9228704	2019	Swine	cluster_48
SRR9257588	2019	Swine	cluster_48
SRR9289406	2019	Swine	cluster_48
SRR9289525	2019	Swine	cluster_48
SRR9609617	2019	Swine	cluster_49
SRR9637573	2019	Human	cluster_48
SRR9640994	2019	Human	cluster_48
SRR9650386	2019	Swine	cluster_48
SRR9653889	2019	Human	singleton_10
SRR9674364	2019	Swine	cluster_48
SRR9693203	2019	Human	singleton_60
SRR9715930	2019	Chicken	cluster_1
SRR9715934	2019	Swine	cluster_48
SRR9717205	2019	Swine	cluster_49
SRR9721871	2019	Swine	cluster_49
SRR9855629	2019	Swine	cluster_48
SRR9874530	2019	Swine	cluster_46
SRR9875302	2019	Swine	cluster_33
SRR9895520	2019	Swine	cluster_33
SRR9898427	2019	Swine	cluster_3
SRR9903100	2019	Human	cluster_48
SRR9917422	2019	Swine	cluster_48
SRR9943011	2019	Swine	cluster_48
RS3112	2021	Turkey	cluster_15
RS3113	2021	Turkey	cluster_15
