ID	Year	Source	MST-35
SRR10003430	2019	Human	cluster_26
SRR10012243	Unknown	Unspecified Animal	cluster_10
SRR10013530	2019	Human	cluster_26
SRR10016940	2019	Swine	cluster_10
SRR10016943	2019	Swine	cluster_10
SRR10017084	2019	Swine	cluster_5
SRR10024650	2019	Human	cluster_29
SRR10042364	2019	Swine	cluster_26
SRR10045185	2019	Bovine	cluster_29
SRR10045202	2019	Swine	cluster_26
SRR10049979	2019	Human	cluster_23
SRR10059565	2019	Human	cluster_26
SRR10060848	2019	Swine	cluster_29
SRR10067919	2019	Swine	cluster_8
SRR10068214	2019	Swine	cluster_5
SRR10082282	2019	Swine	cluster_23
SRR10095187	2019	Other	cluster_5
SRR10095191	2019	Other	cluster_10
SRR10095193	2019	Other	cluster_10
SRR10095195	2019	Other	cluster_5
SRR10113027	2019	Human	cluster_29
SRR10113066	2019	Human	cluster_29
SRR10113069	2019	Human	cluster_29
SRR10113076	2019	Human	cluster_29
SRR10126379	2019	Human	cluster_22
SRR10126621	2019	Swine	cluster_29
SRR10130848	2019	Swine	cluster_29
SRR10138411	2019	Human	cluster_29
SRR10138417	2019	Human	singleton_5
SRR10156108	2019	Swine	cluster_29
SRR10164129	2019	Swine	cluster_26
SRR10164557	2019	Swine	cluster_26
SRR10177504	2019	Swine	cluster_2
SRR10177505	2019	Swine	cluster_2
SRR10190059	2019	Human	cluster_29
SRR10190408	2019	Human	cluster_29
SRR10190448	2019	Human	cluster_17
SRR10190618	2019	Human	cluster_29
SRR10192534	2019	Swine	cluster_26
SRR10207373	2019	Human	cluster_26
SRR10210308	2019	Human	cluster_9
SRR10229984	2019	Swine	cluster_29
SRR10242905	2019	Human	cluster_29
SRR10242908	2019	Human	cluster_29
SRR10246983	2019	Human	cluster_29
SRR10258433	2019	Swine	cluster_29
SRR10281889	2019	Human	cluster_5
SRR10309643	2019	Human	cluster_8
SRR10310279	2019	Human	cluster_26
SRR10323918	2019	Swine	cluster_29
SRR10341901	2019	Human	cluster_10
SRR10345174	2019	Human	singleton_20
SRR10354634	2019	Human	cluster_29
SRR10363940	2019	Swine	cluster_26
SRR10418473	2019	Human	cluster_22
SRR10435154	2019	Swine	cluster_23
SRR10445519	2019	Human	singleton_23
SRR10482428	2019	Human	cluster_29
SRR10482438	2019	Human	cluster_29
SRR10482917	2019	Human	cluster_29
SRR10493541	2019	Swine	cluster_25
SRR10533111	2019	Human	cluster_23
SRR10541010	2019	Human	cluster_26
SRR10541531	2019	Human	cluster_29
SRR10574373	2019	Swine	cluster_29
SRR10574785	2019	Swine	cluster_28
SRR10577691	2019	Unspecified Animal	cluster_29
SRR10577694	2019	Unspecified Animal	cluster_29
SRR10577696	2019	Unspecified Animal	cluster_29
SRR10577698	2019	Unspecified Animal	cluster_29
SRR10577703	2019	Unspecified Animal	cluster_29
SRR10577704	2019	Unspecified Animal	cluster_29
SRR10669558	2019	Swine	cluster_28
SRR10691588	2019	Swine	cluster_23
SRR10709249	2019	Human	cluster_15
SRR10728985	2019	Human	cluster_29
SRR10810411	2019	Swine	cluster_23
SRR10815590	2019	Swine	cluster_23
SRR10853319	2019	Swine	cluster_26
SRR10873189	2019	Swine	cluster_23
SRR10879534	2019	Swine	cluster_26
SRR10883298	2019	Human	cluster_29
SRR10897113	2019	Human	cluster_29
SRR10905424	2019	Turkey	cluster_18
SRR10958324	2020	Swine	cluster_11
SRR10981300	2020	Human	cluster_9
SRR10987429	2020	Swine	cluster_26
SRR11003696	2020	Swine	cluster_29
SRR11048535	2020	Swine	cluster_23
SRR11049985	2020	Swine	cluster_23
SRR11059433	2020	Swine	cluster_23
SRR11080852	2020	Swine	cluster_29
SRR11085331	2020	Swine	cluster_26
SRR11096333	2020	Swine	cluster_23
SRR11096732	2020	Human	cluster_29
SRR11102104	2020	Swine	cluster_25
SRR11134432	2020	Human	cluster_23
SRR11143697	2020	Human	cluster_29
SRR11186721	2020	Swine	cluster_28
SRR11232249	2020	Swine	cluster_29
SRR11290904	2020	Human	cluster_26
SRR11311796	2020	Swine	cluster_29
SRR11317763	2020	Swine	cluster_26
SRR11317764	2020	Swine	cluster_29
SRR11351648	2020	Swine	cluster_23
SRR11357323	2020	Swine	cluster_29
SRR11389244	2020	Human	cluster_5
SRR11394740	2020	Swine	cluster_28
SRR11426836	2020	Swine	cluster_29
SRR11452509	2020	Swine	cluster_25
SRR11452588	2020	Swine	cluster_27
SRR11455865	2020	Human	cluster_29
SRR11459580	2020	Chicken	cluster_29
SRR11488829	2020	Swine	cluster_29
SRR11513703	2015	Human	cluster_29
SRR11567037	2020	Human	cluster_29
SRR11574811	2020	Swine	cluster_23
SRR11586621	2020	Swine	cluster_12
SRR11600905	2020	Swine	cluster_26
SRR11615654	2020	Swine	cluster_15
SRR11616572	2020	Swine	cluster_23
SRR11772086	2020	Human	cluster_17
SRR11828446	2020	Human	cluster_28
SRR11828533	2020	Swine	cluster_23
SRR11858666	2020	Swine	cluster_28
SRR11858725	2020	Swine	cluster_26
SRR11928868	2020	Swine	cluster_26
SRR11935515	2020	Human	cluster_29
SRR12004706	2020	Swine	cluster_29
SRR12005298	2020	Swine	cluster_28
SRR12005299	2020	Swine	cluster_29
SRR12017993	2020	Human	cluster_22
SRR12026413	2020	Swine	cluster_29
SRR12047265	2020	Swine	cluster_29
SRR12136520	2020	Swine	cluster_29
SRR12136542	2020	Swine	cluster_28
SRR12137414	2020	Bovine	cluster_18
SRR12138031	2020	Swine	cluster_28
SRR12150143	2020	Human	cluster_25
SRR12188531	2020	Bovine	cluster_26
SRR12188978	2020	Swine	cluster_23
SRR12347123	2020	Swine	cluster_23
SRR12362606	2020	Bovine	cluster_18
SRR12377492	2020	Swine	cluster_29
SRR12403480	2020	Swine	cluster_25
SRR12412963	2020	Human	cluster_26
SRR12424372	2020	Swine	cluster_29
SRR12424386	2020	Swine	cluster_23
SRR12454369	2020	Human	cluster_26
SRR12455697	2020	Swine	cluster_29
SRR12455701	2020	Swine	cluster_29
SRR12472390	2020	Swine	cluster_18
SRR12478386	2020	Human	cluster_29
SRR12486092	2020	Swine	cluster_29
SRR12508223	2020	Swine	cluster_29
SRR12536366	2020	Swine	cluster_29
SRR12536393	2020	Swine	cluster_26
SRR12551012	2020	Swine	cluster_26
SRR12552606	2020	Swine	cluster_26
SRR12625776	2020	Swine	cluster_29
SRR12626303	2020	Bovine	cluster_29
SRR12626325	2020	Swine	cluster_29
SRR12626351	2020	Swine	cluster_29
SRR12642004	2020	Human	cluster_29
SRR12646509	2020	Swine	cluster_29
SRR12649013	2020	Swine	cluster_26
SRR12672241	2020	Swine	cluster_29
SRR12684586	2020	Swine	cluster_29
SRR12695058	2020	Human	cluster_25
SRR12713707	2020	Swine	cluster_26
SRR12713712	2020	Swine	cluster_25
SRR12717992	2020	Swine	cluster_26
SRR12749497	2020	Swine	cluster_29
SRR12764649	2020	Turkey	cluster_18
SRR12781633	2020	Swine	cluster_26
SRR12806946	2020	Swine	cluster_26
SRR12806948	2020	Swine	cluster_29
SRR12811725	2020	Swine	cluster_29
SRR12820399	2020	Human	cluster_26
SRR12823459	2020	Swine	cluster_29
SRR12824369	2020	Human	cluster_17
SRR12858476	2020	Human	cluster_29
SRR12859774	2020	Swine	cluster_26
SRR12865179	2020	Human	cluster_5
SRR12884654	2020	Human	cluster_17
SRR12903524	2020	Human	cluster_29
SRR12907336	2020	Human	cluster_29
SRR12921154	2020	Swine	cluster_26
SRR12937797	2020	Swine	cluster_26
SRR12952489	2020	Human	cluster_29
SRR12955168	2020	Swine	cluster_26
SRR12955171	2020	Swine	cluster_25
SRR12971694	2020	Swine	cluster_29
SRR12973933	2020	Turkey	cluster_30
SRR12974223	2020	Swine	cluster_29
SRR12976637	2020	Swine	cluster_23
SRR12982530	2020	Swine	cluster_29
SRR13001277	2020	Human	cluster_5
SRR13072616	2020	Human	cluster_29
SRR13132231	2020	Human	cluster_5
SRR13187443	2020	Swine	cluster_26
SRR13209922	2020	Swine	cluster_26
SRR13245228	2020	Swine	cluster_29
SRR13274011	2020	Human	cluster_29
SRR13292756	2020	Human	cluster_26
SRR13305469	2020	Human	cluster_29
SRR13321662	2020	Swine	cluster_29
SRR13338229	2020	Swine	cluster_23
SRR13340863	2020	Swine	cluster_26
SRR13340869	2020	Swine	cluster_29
SRR13403312	2020	Swine	cluster_29
SRR13420047	2020	Swine	cluster_25
SRR13512965	2021	Swine	cluster_29
SRR13574915	2021	Swine	cluster_26
SRR13579272	2020	Human	cluster_29
SRR13592184	2021	Swine	cluster_26
SRR13642987	2021	Chicken	cluster_29
SRR13643132	2021	Chicken	cluster_29
SRR13651646	2021	Swine	cluster_23
SRR13690582	2021	Swine	cluster_23
SRR13700266	2019	Human	cluster_5
SRR13700289	2021	Swine	cluster_29
SRR13734462	2021	Swine	cluster_29
SRR13734519	2021	Human	cluster_29
SRR13764431	2021	Swine	cluster_26
SRR13764493	2021	Swine	cluster_1
SRR13764607	2021	Swine	cluster_21
SRR13790680	2021	Swine	cluster_29
SRR13790731	2021	Swine	cluster_29
SRR13820475	2021	Swine	cluster_21
SRR13833893	2021	Swine	cluster_26
SRR14038133	2021	Human	cluster_29
SRR14052450	2021	Swine	cluster_29
SRR14084209	2021	Swine	cluster_29
SRR14130410	2021	Swine	cluster_23
SRR14154517	2021	Swine	cluster_29
SRR14193381	2021	Swine	cluster_26
SRR14262995	2021	Swine	cluster_26
SRR14370502	2021	Swine	cluster_29
SRR14420531	2021	Human	cluster_15
SRR14456952	2021	Human	cluster_29
SRR14481525	2021	Human	cluster_16
SRR14482316	2021	Human	cluster_26
SRR14512821	2021	Swine	cluster_29
SRR14513401	2021	Swine	cluster_3
SRR14546515	2021	Swine	cluster_26
SRR14547278	2021	Swine	cluster_28
SRR14609193	2021	Swine	cluster_26
SRR14609197	2021	Human	cluster_13
SRR14677552	2021	Human	cluster_26
SRR14783800	2021	Swine	cluster_29
SRR14907159	2021	Swine	cluster_18
SRR14923494	2021	Swine	cluster_26
SRR14934833	2021	Human	cluster_29
SRR15031632	2021	Swine	cluster_29
SRR15048024	2021	Bovine	cluster_26
SRR15184096	2021	Swine	cluster_29
SRR15185762	2021	Swine	cluster_29
SRR15192283	2021	Swine	cluster_21
SRR15217078	2021	Swine	cluster_29
SRR15248034	2021	Swine	cluster_29
SRR15258755	2021	Human	cluster_16
SRR15271582	2021	Swine	cluster_29
SRR15282889	2021	Human	cluster_17
SRR15295247	2021	Human	cluster_23
SRR15305442	2021	Human	cluster_11
SRR15305613	2021	Human	cluster_17
SRR15328495	2021	Human	cluster_26
SRR15328947	2021	Human	cluster_25
SRR15444207	2021	Swine	cluster_29
SRR15444208	2021	Swine	cluster_13
SRR15466540	2021	Swine	cluster_26
SRR15526560	2021	Human	cluster_29
SRR15526563	2021	Human	cluster_29
SRR15539445	2021	Swine	cluster_29
SRR15668663	2021	Swine	cluster_28
SRR15671311	2021	Swine	cluster_29
SRR15673015	2021	Swine	cluster_28
SRR15688458	2021	Human	cluster_26
SRR15736189	2021	Swine	cluster_26
SRR15736247	2021	Bovine	cluster_29
SRR15825575	2021	Swine	cluster_26
SRR15825577	2021	Swine	cluster_29
SRR15825580	2021	Swine	cluster_29
SRR15881274	2021	Swine	cluster_26
SRR15894610	2021	Swine	cluster_25
SRR15912205	2021	Human	cluster_26
SRR15915245	2021	Swine	cluster_23
SRR15927081	2021	Human	cluster_29
SRR16002468	2021	Swine	cluster_29
SRR16081318	2021	Human	cluster_29
SRR16153905	2021	Swine	cluster_26
SRR16300617	2021	Swine	cluster_29
SRR16315036	2021	Human	cluster_26
SRR16322479	2021	Human	cluster_26
SRR16345259	2021	Human	cluster_26
SRR16481878	2021	Human	cluster_29
SRR16501652	2021	Swine	cluster_29
SRR16502316	2021	Bovine	cluster_29
SRR16526303	2021	Human	cluster_22
SRR16681602	2021	Swine	cluster_29
SRR16764703	2021	Swine	cluster_29
SRR16764724	2021	Swine	cluster_29
SRR16861063	2021	Swine	cluster_26
SRR16913967	2021	Human	cluster_29
SRR16962745	2021	Bovine	cluster_29
SRR17023789	2021	Swine	cluster_29
SRR17066344	2021	Swine	cluster_23
SRR17067179	2021	Swine	cluster_3
SRR17118869	2021	Swine	cluster_26
SRR17120517	2021	Human	cluster_15
SRR17143316	2021	Human	cluster_29
SRR17169276	2021	Swine	cluster_29
SRR17188750	2021	Swine	cluster_21
SRR17218242	2021	Swine	cluster_3
SRR17218368	2021	Swine	cluster_29
SRR17229366	2021	Turkey	cluster_18
SRR17253463	2021	Swine	cluster_29
SRR17281147	2021	Human	cluster_29
SRR17407471	2021	Swine	cluster_26
SRR17412975	2021	Swine	cluster_26
SRR17413016	2021	Swine	cluster_23
SRR17418279	2021	Human	cluster_15
SRR17487828	2021	Swine	cluster_6
SRR17487833	2021	Swine	cluster_29
SRR17541452	2021	Human	cluster_29
SRR17556898	2021	Human	cluster_26
SRR17564627	2021	Swine	cluster_29
SRR17621723	2021	Swine	cluster_29
SRR17681750	2021	Human	cluster_26
SRR17805933	2022	Swine	cluster_29
SRR17836729	2022	Swine	cluster_29
SRR17838948	2021	Human	cluster_29
SRR17852705	2022	Swine	cluster_29
SRR17852716	2022	Swine	cluster_21
SRR17915585	2022	Swine	cluster_23
SRR17940159	2022	Human	cluster_29
SRR18056386	2022	Swine	cluster_29
SRR18106320	2022	Swine	cluster_29
SRR18165218	2022	Swine	cluster_25
SRR18324840	2022	Swine	cluster_29
SRR18324846	2022	Swine	cluster_29
SRR18327288	2022	Human	singleton_24
SRR18334044	2022	Human	cluster_17
SRR18497908	2022	Swine	cluster_29
SRR18518921	2022	Swine	cluster_29
SRR18545493	2022	Swine	cluster_25
SRR18575285	2022	Swine	singleton_2
SRR18718074	2022	Swine	cluster_29
SRR18734343	2022	Human	cluster_17
SRR18750740	2022	Swine	cluster_26
SRR18771505	2022	Swine	cluster_29
SRR18771531	2022	Swine	cluster_29
SRR18776856	2022	Turkey	cluster_29
SRR18791682	2022	Swine	cluster_29
SRR18828944	2022	Swine	cluster_29
SRR18888661	2022	Swine	cluster_29
SRR18909287	2022	Swine	cluster_29
SRR18914327	2022	Swine	cluster_29
SRR18963458	2022	Swine	cluster_29
SRR18976473	2022	Swine	cluster_29
SRR19019195	2022	Swine	cluster_29
SRR19139583	2022	Swine	cluster_23
SRR19139590	2022	Swine	cluster_29
SRR19139596	2022	Swine	cluster_29
SRR19146506	2022	Swine	cluster_29
SRR19206136	2022	Swine	cluster_29
SRR19225016	2022	Human	cluster_29
SRR19256602	2022	Swine	cluster_29
SRR19277152	2022	Swine	cluster_29
SRR19330009	2022	Swine	cluster_29
SRR19359275	2022	Human	cluster_29
SRR19363171	2022	Swine	cluster_29
SRR19364444	2022	Swine	cluster_29
SRR19529159	2022	Swine	cluster_25
SRR19554369	2022	Swine	cluster_29
SRR19559031	2022	Swine	cluster_29
SRR19581718	2022	Swine	cluster_26
SRR19591736	2022	Swine	cluster_25
SRR19591739	2022	Swine	cluster_29
SRR19595378	2022	Human	cluster_5
SRR19754867	2022	Human	cluster_29
SRR19784230	2022	Human	cluster_29
SRR19811610	2022	Swine	cluster_26
SRR19811752	2022	Human	cluster_29
SRR19846998	2022	Swine	cluster_28
SRR19847005	2022	Swine	cluster_12
SRR19869824	2022	Swine	cluster_29
SRR19882333	2022	Human	cluster_4
SRR19901461	2022	Human	cluster_29
SRR19908116	2022	Swine	cluster_23
SRR19909237	2022	Swine	cluster_12
SRR19924992	2022	Human	cluster_29
SRR19986878	2022	Human	singleton_17
SRR20017847	2022	Swine	cluster_29
SRR20026926	2022	Swine	cluster_29
SRR20046613	2022	Swine	cluster_23
SRR20048327	2022	Human	cluster_6
SRR20097146	2022	Swine	cluster_29
SRR20325575	2022	Human	singleton_6
SRR20428344	2022	Swine	cluster_29
SRR20458487	2022	Swine	cluster_29
SRR20633930	2022	Human	cluster_26
SRR20634169	2022	Human	cluster_29
SRR20710215	2022	Swine	cluster_29
SRR20710216	2022	Swine	cluster_29
SRR20848851	2022	Swine	cluster_29
SRR20966681	2022	Human	cluster_29
SRR20966712	2022	Swine	cluster_25
SRR20995044	2022	Swine	cluster_26
SRR20997571	2022	Swine	cluster_29
SRR21025752	2022	Swine	cluster_29
SRR21082793	2022	Human	cluster_29
SRR21086524	2022	Swine	cluster_29
SRR21086634	2022	Bovine	cluster_26
SRR21145618	2022	Bovine	cluster_29
SRR21146139	2022	Swine	cluster_29
SRR21161120	2022	Swine	cluster_26
SRR21161273	2022	Swine	cluster_29
SRR21164534	2022	Swine	cluster_29
SRR21164706	2022	Swine	cluster_6
SRR21204293	2022	Swine	cluster_29
SRR21246337	2022	Human	cluster_29
SRR21294670	2022	Swine	cluster_29
SRR2132185	2014	Swine	cluster_29
SRR21377586	2022	Human	cluster_29
SRR21377592	2022	Human	cluster_29
SRR21396020	2022	Bovine	cluster_29
SRR21396023	2022	Bovine	cluster_29
SRR21450287	2022	Human	cluster_29
SRR21536778	2022	Sheep/Goat	cluster_29
SRR21563125	2022	Human	cluster_29
SRR21598119	2022	Bovine	cluster_29
SRR21678100	2022	Human	cluster_29
SRR21678177	2022	Human	cluster_29
SRR21678180	2022	Human	cluster_26
SRR21710104	2022	Swine	cluster_29
SRR21736320	2022	Human	cluster_29
SRR21808205	2022	Swine	cluster_29
SRR21838415	2022	Swine	cluster_29
SRR21838965	2022	Swine	cluster_29
SRR21851433	2022	Chicken	cluster_29
SRR21862910	2022	Swine	cluster_29
SRR21863009	2022	Swine	cluster_29
SRR21863032	2022	Swine	cluster_29
SRR21904206	2022	Human	cluster_29
SRR21930385	2022	Swine	cluster_29
SRR21932019	2022	Swine	cluster_29
SRR21932023	2022	Swine	cluster_27
SRR21932045	2022	Swine	cluster_26
SRR21937905	2022	Swine	cluster_29
SRR21937938	2022	Swine	cluster_29
SRR21976491	2022	Bovine	cluster_29
SRR22024945	2022	Swine	cluster_29
SRR22028597	2022	Human	cluster_29
SRR22034050	2022	Human	cluster_29
SRR22070804	2022	Swine	cluster_29
SRR22070819	2022	Swine	cluster_29
SRR22139745	2022	Human	cluster_29
SRR22143186	2022	Swine	cluster_26
SRR22148836	2022	Swine	cluster_26
SRR22159780	2022	Swine	cluster_26
SRR22179843	2022	Human	cluster_29
SRR22223078	2022	Swine	cluster_29
SRR22302400	2022	Swine	cluster_26
SRR22303892	2022	Swine	cluster_29
SRR22307047	2022	Swine	cluster_29
SRR22341799	2022	Bovine	cluster_29
SRR22398400	2022	Swine	cluster_29
SRR22434834	2022	Swine	cluster_29
SRR22450502	2022	Swine	cluster_29
SRR22462126	2022	Human	cluster_29
SRR22479900	2022	Human	cluster_29
SRR22485413	2022	Swine	cluster_14
SRR22560378	2022	Human	cluster_29
SRR22566512	2022	Swine	cluster_29
SRR22585315	2022	Swine	cluster_29
SRR22793115	2022	Swine	cluster_29
SRR22821003	2022	Swine	cluster_29
SRR22828179	2022	Swine	cluster_29
SRR22829851	2022	Human	cluster_29
SRR22854075	2022	Bovine	cluster_25
SRR22854080	2022	Swine	cluster_29
SRR22868011	2022	Bovine	cluster_29
SRR22881700	2022	Human	cluster_29
SRR22892260	2022	Swine	cluster_26
SRR23025663	2022	Swine	cluster_6
SRR23030639	Unknown	Unspecified Animal	cluster_17
SRR23062242	2022	Swine	cluster_26
SRR23062245	2021	Swine	cluster_29
SRR23078882	2022	Swine	cluster_29
SRR23098028	2021	Swine	cluster_29
SRR23101616	2023	Swine	cluster_21
SRR23126285	2023	Swine	cluster_29
SRR23136067	2022	Human	cluster_29
SRR23193955	2022	Human	cluster_29
SRR23195367	2023	Human	cluster_6
SRR23199939	2023	Human	cluster_29
SRR23237716	2023	Swine	cluster_26
SRR23257923	2023	Swine	cluster_29
SRR23272206	2023	Swine	cluster_29
SRR23289104	2023	Human	cluster_17
SRR23318216	2023	Swine	cluster_26
SRR23333116	2023	Swine	cluster_29
SRR23350432	2023	Swine	cluster_29
SRR23360156	2023	Swine	singleton_15
SRR23360161	2023	Swine	cluster_26
SRR23384990	2023	Swine	cluster_29
SRR23512625	2023	Bovine	cluster_26
SRR2353817	2015	Swine	cluster_23
SRR23566467	2023	Swine	cluster_29
SRR23582124	2023	Human	cluster_29
SRR23602585	2023	Human	cluster_15
SRR23610373	2023	Swine	cluster_29
SRR23686005	2023	Human	cluster_6
SRR23686207	2023	Swine	cluster_26
SRR23697647	2023	Swine	cluster_29
SRR23714334	2021	Swine	cluster_29
SRR23714352	2021	Swine	cluster_29
SRR23802445	2023	Swine	cluster_29
SRR23816645	2023	Swine	cluster_29
SRR23829587	2023	Swine	cluster_29
SRR23839380	2023	Swine	cluster_23
SRR23929835	2023	Swine	cluster_29
SRR23931532	2023	Swine	cluster_29
SRR23931569	2023	Swine	cluster_29
SRR23950402	2023	Swine	cluster_29
SRR23950425	2023	Swine	cluster_6
SRR23957801	2023	Swine	cluster_29
SRR24065902	2023	Swine	cluster_29
SRR24065903	2023	Swine	cluster_29
SRR24100151	2023	Swine	cluster_29
SRR24121383	2023	Swine	cluster_24
SRR24147554	2023	Human	cluster_25
SRR24173988	2023	Human	cluster_29
SRR24202265	2023	Human	cluster_14
SRR24202670	2021	Swine	cluster_29
SRR24202671	2021	Swine	cluster_29
SRR24202672	2021	Swine	cluster_29
SRR24202673	2021	Swine	cluster_29
SRR24205681	2023	Swine	cluster_29
SRR24216200	2023	Swine	cluster_29
SRR24255672	2023	Swine	cluster_26
SRR24263591	2023	Swine	cluster_29
SRR24263620	2023	Swine	cluster_29
SRR24318320	2023	Swine	cluster_29
SRR24325146	2023	Bovine	cluster_29
SRR24376585	2023	Swine	cluster_29
SRR24466366	2023	Swine	cluster_29
SRR24467573	2023	Swine	cluster_26
SRR24477874	2023	Human	cluster_29
SRR24599767	2023	Human	cluster_26
SRR24603864	2023	Human	cluster_19
SRR24652351	2023	Swine	cluster_29
SRR24675050	2023	Human	cluster_29
SRR24705720	2023	Swine	cluster_6
SRR24706428	2023	Swine	cluster_26
SRR24738077	2023	Swine	cluster_29
SRR24748048	2023	Human	cluster_6
SRR24748411	2023	Human	cluster_17
SRR24764850	2023	Swine	cluster_29
SRR24765567	2023	Human	cluster_29
SRR24796863	2023	Human	cluster_29
SRR24797460	2023	Swine	cluster_29
SRR24806362	2023	Human	cluster_29
SRR24828968	2023	Swine	cluster_29
SRR24860960	2023	Human	cluster_29
SRR24875971	2023	Human	cluster_29
SRR24895231	2023	Human	cluster_29
SRR24898121	2023	Human	cluster_22
SRR24940896	2023	Human	cluster_17
SRR25021106	2023	Human	cluster_29
SRR25036366	2023	Swine	cluster_29
SRR25036565	2023	Swine	cluster_29
SRR25071813	2023	Swine	cluster_29
SRR25072608	2023	Swine	cluster_29
SRR25073661	2023	Human	singleton_9
SRR25115911	2023	Human	cluster_29
SRR25134072	2023	Human	cluster_26
SRR25248948	2023	Swine	cluster_26
SRR25303910	2023	Human	cluster_29
SRR25382904	2023	Swine	cluster_29
SRR25386841	2023	Swine	cluster_29
SRR25403827	2023	Human	cluster_29
SRR25430860	2023	Swine	cluster_29
SRR25447453	2023	Swine	cluster_29
SRR25474896	2023	Human	cluster_29
SRR25503069	2023	Human	cluster_29
SRR25507259	2023	Swine	cluster_29
SRR25526233	2023	Swine	cluster_29
SRR25550024	2023	Human	cluster_29
SRR25629474	2023	Swine	cluster_26
SRR25633981	2023	Human	cluster_26
SRR25729058	2023	Human	cluster_29
SRR25741467	2023	Human	cluster_29
SRR25757281	2023	Human	cluster_29
SRR25761085	2023	Human	singleton_18
SRR25997419	2023	Swine	cluster_29
SRR25997609	2023	Swine	cluster_29
SRR26061255	2023	Human	cluster_29
SRR26070089	2023	Human	cluster_29
SRR26094677	2023	Swine	cluster_29
SRR26096119	2023	Human	cluster_17
SRR26098047	2023	Human	cluster_29
SRR26112885	2023	Human	cluster_29
SRR26131787	2023	Human	cluster_25
SRR26136642	2023	Swine	cluster_23
SRR26208960	2023	Swine	singleton_14
SRR26208961	2023	Swine	cluster_29
SRR26257725	2023	Human	cluster_29
SRR26273766	2023	Swine	cluster_25
SRR26288163	2023	Swine	cluster_29
SRR26347990	2023	Other Animal	cluster_19
SRR26351439	2023	Human	cluster_29
SRR26368716	2023	Swine	cluster_29
SRR2637879	2015	Swine	cluster_26
SRR26383254	2023	Swine	cluster_29
SRR26405765	2023	Human	singleton_10
SRR26406876	2023	Human	cluster_29
SRR26445874	2023	Swine	cluster_29
SRR26445879	2023	Swine	cluster_29
SRR26454895	2023	Bovine	cluster_29
SRR26486646	2023	Swine	cluster_29
SRR26514010	2023	Swine	cluster_29
SRR26544479	2023	Human	cluster_29
SRR26864022	2023	Swine	cluster_29
SRR26969001	2023	Human	cluster_17
SRR26971685	2023	Swine	cluster_26
SRR26995580	2023	Swine	cluster_29
SRR27042751	2023	Human	cluster_29
SRR27042760	2023	Swine	cluster_29
SRR27187896	2023	Swine	cluster_29
SRR27283911	2023	Swine	singleton_8
SRR27306074	2023	Human	cluster_20
SRR27350231	2023	Swine	cluster_29
SRR27364801	2023	Human	cluster_29
SRR27398656	2023	Swine	singleton_4
SRR27398677	2023	Bovine	cluster_29
SRR27438220	2023	Swine	cluster_25
SRR27505201	2023	Human	cluster_29
SRR27606655	2024	Human	cluster_29
SRR27680343	2024	Swine	cluster_29
SRR27681096	2023	Human	cluster_22
SRR27684854	2024	Human	cluster_20
SRR27716536	2023	Swine	cluster_26
SRR27788450	2023	Human	cluster_17
SRR27880712	2024	Human	cluster_17
SRR27946167	2024	Human	cluster_29
SRR27968347	2024	Swine	cluster_29
SRR27987403	Unknown	Turkey	cluster_26
SRR27990836	2024	Swine	cluster_29
SRR28013852	2024	Human	cluster_29
SRR28095926	2024	Human	cluster_17
SRR28215429	2024	Swine	cluster_12
SRR28217716	2024	Human	cluster_17
SRR2829311	2015	Swine	cluster_29
SRR28371274	2024	Swine	cluster_29
SRR28373925	2024	Human	cluster_29
SRR3056900	2015	Swine	cluster_18
SRR3056905	2015	Swine	cluster_27
SRR3148233	2015	Other	cluster_26
SRR3170065	2016	Swine	cluster_29
SRR3184072	2016	Swine	cluster_26
SRR3184076	2016	Swine	cluster_18
SRR3203834	2016	Swine	cluster_23
SRR3401866	2016	Swine	cluster_18
SRR3401869	2016	Swine	cluster_26
SRR3476381	2016	Swine	cluster_18
SRR3476431	2016	Swine	cluster_23
SRR3495109	2007	Human	singleton_21
SRR3574512	2016	Swine	cluster_23
SRR3574514	2016	Swine	cluster_23
SRR3586914	2016	Swine	cluster_28
SRR3593752	2015	Human	cluster_29
SRR3710248	2016	Swine	cluster_23
SRR3726333	2016	Swine	cluster_23
SRR3928700	2016	Swine	cluster_23
SRR3951357	2015	Human	cluster_17
SRR3953257	2016	Swine	cluster_23
SRR3953319	2016	Swine	cluster_29
SRR3995467	2016	Bovine	cluster_28
SRR3995883	2016	Swine	cluster_23
SRR3999984	2016	Human	cluster_29
SRR4005430	2016	Swine	cluster_26
SRR4039932	2016	Human	cluster_29
SRR4040111	2016	Human	cluster_23
SRR4045023	2016	Swine	cluster_25
SRR4106456	2016	Swine	cluster_18
SRR4252412	2016	Bovine	cluster_28
SRR4252413	2016	Swine	cluster_18
SRR4434229	2016	Swine	cluster_23
SRR4434276	2016	Swine	cluster_29
SRR4454571	2016	Human	cluster_23
SRR4841794	2016	Swine	cluster_23
SRR4842229	2016	Swine	cluster_28
SRR5004588	2016	Human	cluster_29
SRR5019472	2016	Swine	cluster_23
SRR5031933	2016	Swine	cluster_25
SRR5045019	2016	Turkey	cluster_18
SRR5045464	2016	Swine	cluster_18
SRR5075572	2016	Swine	cluster_18
SRR5088812	2016	Swine	cluster_29
SRR5099201	2016	Swine	cluster_24
SRR5105644	2016	Swine	cluster_23
SRR5121034	2016	Swine	cluster_29
SRR5121568	2016	Turkey	cluster_18
SRR5125697	2016	Swine	cluster_23
SRR5133941	2016	Swine	cluster_23
SRR5133943	2016	Turkey	cluster_18
SRR5159814	2016	Human	cluster_23
SRR5163875	2016	Human	cluster_23
SRR5167737	2016	Swine	cluster_25
SRR5167862	2016	Turkey	cluster_18
SRR5182325	2016	Swine	cluster_23
SRR5201033	2016	Swine	cluster_23
SRR5201040	2016	Swine	cluster_23
SRR5201071	2016	Bovine	cluster_29
SRR5203872	2016	Swine	cluster_23
SRR5229530	2017	Swine	cluster_23
SRR5235495	2016	Swine	cluster_23
SRR5238028	2016	Human	singleton_13
SRR5251088	2017	Swine	cluster_28
SRR5251187	2017	Swine	cluster_26
SRR5271455	2016	Swine	cluster_23
SRR5271461	2017	Swine	cluster_23
SRR5278113	2017	Swine	cluster_29
SRR5307882	2017	Human	cluster_29
SRR5340076	2017	Turkey	cluster_18
SRR5345612	2017	Swine	cluster_23
SRR5346270	2017	Swine	cluster_14
SRR5361560	2016	Human	cluster_1
SRR5365064	2017	Swine	cluster_21
SRR5365208	2017	Swine	cluster_23
SRR5376218	2017	Swine	cluster_23
SRR5429713	2016	Human	cluster_29
SRR5448570	2017	Swine	cluster_29
SRR5454440	2017	Swine	cluster_29
SRR5459560	2016	Human	cluster_23
SRR5470968	2017	Swine	cluster_23
SRR5479719	2017	Swine	cluster_23
SRR5486052	2017	Swine	cluster_26
SRR5514398	2017	Swine	cluster_26
SRR5576021	2017	Swine	cluster_29
SRR5576040	2017	Turkey	cluster_18
SRR5589523	2017	Swine	cluster_26
SRR5655476	2017	Human	cluster_23
SRR5655484	2017	Human	cluster_29
SRR5693802	2017	Swine	cluster_26
SRR5714417	2017	Human	cluster_1
SRR5756389	2017	Human	singleton_26
SRR5762159	2017	Swine	cluster_25
SRR5762176	2017	Swine	cluster_21
SRR5787164	2017	Human	cluster_1
SRR5804854	2017	Turkey	cluster_18
SRR5804889	2017	Swine	cluster_23
SRR5808650	2017	Turkey	cluster_18
SRR5816139	2017	Swine	cluster_21
SRR5825469	2017	Swine	cluster_23
SRR5865209	2017	Human	cluster_23
SRR5888683	2017	Human	cluster_29
SRR5901565	2017	Swine	cluster_26
SRR5901625	2017	Swine	cluster_23
SRR5902697	2017	Swine	cluster_18
SRR5902700	2017	Swine	cluster_23
SRR5930216	2017	Chicken	cluster_23
SRR5935708	2017	Human	cluster_23
SRR5938164	2017	Human	cluster_26
SRR5945533	2017	Human	cluster_26
SRR5951452	2017	Human	cluster_23
SRR5980407	2017	Swine	cluster_29
SRR5980408	2017	Turkey	cluster_18
SRR5985799	2017	Swine	cluster_18
SRR6027916	2017	Swine	cluster_23
SRR6029137	2017	Swine	cluster_23
SRR6042816	2017	Swine	cluster_29
SRR6107241	2017	Human	cluster_23
SRR6107896	2017	Human	cluster_23
SRR6129462	2016	Human	cluster_29
SRR6131646	2017	Swine	cluster_26
SRR6187220	2017	Swine	cluster_23
SRR6187459	2017	Swine	cluster_21
SRR6197788	2017	Swine	cluster_28
SRR6207079	2017	Turkey	cluster_18
SRR6217943	2017	Human	cluster_17
SRR6232098	2017	Swine	cluster_23
SRR6238419	2016	Swine	cluster_28
SRR6238433	2017	Swine	cluster_23
SRR6253569	2017	Swine	cluster_28
SRR6292455	2017	Swine	cluster_26
SRR6294688	2017	Swine	cluster_23
SRR6317335	2017	Human	cluster_22
SRR6321422	2017	Human	cluster_22
SRR6321485	2017	Human	cluster_17
SRR6335207	2017	Swine	cluster_23
SRR6336358	2017	Swine	cluster_23
SRR6337561	2017	Swine	cluster_23
SRR6345361	2017	Swine	cluster_26
SRR6345600	2017	Human	singleton_11
SRR6373824	2017	Swine	cluster_23
SRR6380506	2017	Swine	cluster_23
SRR6426908	2017	Swine	cluster_15
SRR6433319	2017	Chicken	singleton_1
SRR6434029	2017	Human	cluster_22
SRR6434240	2017	Human	cluster_29
SRR6447526	2017	Swine	cluster_29
SRR6451384	2017	Swine	cluster_18
SRR6459224	2017	Swine	cluster_23
SRR6681087	2018	Swine	cluster_26
SRR6743281	2018	Swine	cluster_29
SRR6799051	2018	Human	cluster_21
SRR6818828	2018	Swine	cluster_29
SRR6820768	2018	Human	cluster_26
SRR6848330	2018	Swine	cluster_23
SRR6895887	2017	Human	cluster_7
SRR6916718	2018	Swine	cluster_23
SRR6920186	2018	Swine	cluster_28
SRR6933131	2018	Swine	cluster_29
SRR6967958	2018	Human	cluster_29
SRR6976855	2018	Swine	cluster_12
SRR6984418	2018	Human	cluster_29
SRR6984429	2016	Human	cluster_29
SRR7007622	2018	Chicken	cluster_27
SRR7011016	2018	Human	cluster_4
SRR7049837	2018	Human	cluster_4
SRR7058972	2018	Swine	cluster_27
SRR7093241	2018	Human	singleton_3
SRR7119883	2018	Swine	cluster_23
SRR7138668	2018	Swine	cluster_14
SRR7138675	2018	Swine	cluster_21
SRR7140613	2018	Swine	cluster_26
SRR7171561	2018	Swine	cluster_23
SRR7171570	2018	Swine	cluster_26
SRR7178560	2018	Swine	cluster_23
SRR7228877	2018	Swine	cluster_23
SRR7246304	2018	Human	cluster_29
SRR7253159	2018	Human	singleton_19
SRR7267897	2018	Swine	cluster_23
SRR7280129	2018	Human	cluster_4
SRR7348362	2018	Human	cluster_4
SRR7348664	2018	Swine	cluster_23
SRR7358427	2018	Swine	cluster_29
SRR7439041	2018	Swine	cluster_23
SRR7462251	2018	Swine	cluster_26
SRR7495359	2018	Swine	cluster_29
SRR7495363	2018	Swine	cluster_29
SRR7514468	2018	Human	singleton_7
SRR7514696	2018	Human	cluster_7
SRR7516162	2018	Swine	cluster_23
SRR7528375	2018	Swine	cluster_23
SRR7528395	2018	Swine	cluster_23
SRR7529414	2018	Swine	cluster_23
SRR7532732	2018	Human	cluster_29
SRR7550760	2018	Swine	cluster_15
SRR7601519	2018	Human	cluster_26
SRR7615167	2018	Swine	cluster_30
SRR7624139	2018	Swine	cluster_29
SRR7657571	2018	Swine	cluster_29
SRR7657595	2018	Bovine	cluster_29
SRR7664556	2018	Human	cluster_29
SRR7721640	2018	Swine	cluster_29
SRR7739591	2018	Human	cluster_8
SRR7750760	2018	Human	cluster_29
SRR7838544	2018	Swine	cluster_29
SRR7840909	2018	Swine	cluster_26
SRR7854019	2018	Human	cluster_29
SRR7876229	2018	Swine	cluster_26
SRR7881979	2018	Human	cluster_23
SRR7882068	2018	Human	cluster_14
SRR7946312	2018	Swine	cluster_23
SRR7965085	2018	Human	cluster_18
SRR8081131	2018	Swine	cluster_26
SRR8093168	2018	Human	cluster_26
SRR8093178	2018	Human	cluster_26
SRR8110904	2018	Swine	cluster_29
SRR8137063	2018	Swine	cluster_23
SRR8157166	2018	Human	cluster_22
SRR8175970	2018	Human	cluster_29
SRR8185421	2018	Human	singleton_12
SRR8198225	2018	Human	cluster_26
SRR8198268	2018	Human	cluster_29
SRR8206100	2018	Swine	cluster_26
SRR8208286	2018	Swine	cluster_23
SRR8233992	2018	Turkey	cluster_18
SRR8234058	2018	Swine	cluster_29
SRR8252803	2018	Swine	cluster_23
SRR8268184	2018	Human	cluster_29
SRR8302693	2018	Human	cluster_29
SRR8310805	2018	Swine	cluster_23
SRR8381711	2018	Swine	cluster_23
SRR8381978	2018	Swine	cluster_23
SRR8389325	2018	Human	singleton_25
SRR8389985	2018	Turkey	cluster_18
SRR8489741	2018	Swine	cluster_23
SRR8495274	2019	Turkey	cluster_18
SRR8502662	2019	Swine	cluster_26
SRR8529189	2019	Swine	cluster_29
SRR8530335	2018	Human	cluster_29
SRR8534259	2019	Human	cluster_25
SRR8551914	2018	Human	cluster_5
SRR8575539	2019	Human	singleton_16
SRR8592613	2019	Turkey	cluster_18
SRR8593437	2019	Swine	cluster_23
SRR8598906	2019	Human	singleton_22
SRR8609042	2019	Swine	cluster_29
SRR8609072	2019	Swine	cluster_29
SRR8643953	2019	Human	cluster_5
SRR8650137	2019	Swine	cluster_23
SRR8699544	2019	Swine	cluster_23
SRR8699548	2019	Swine	cluster_23
SRR8707582	2019	Swine	cluster_18
SRR8707623	2019	Swine	cluster_29
SRR8731141	2019	Human	cluster_5
SRR8733388	2019	Human	cluster_5
SRR8733934	2019	Human	cluster_10
SRR8753381	2019	Swine	cluster_26
SRR8757287	2019	Human	cluster_8
SRR8783688	2019	Swine	cluster_29
SRR8794287	2019	Human	cluster_29
SRR8794525	2019	Swine	cluster_29
SRR8795534	2019	Swine	cluster_23
SRR8839704	2019	Swine	cluster_26
SRR8839707	2019	Swine	cluster_29
SRR8839833	2019	Swine	cluster_29
SRR8865133	2019	Swine	cluster_29
SRR8866385	2019	Human	cluster_17
SRR8878196	2019	Human	cluster_29
SRR8878457	2019	Human	cluster_10
SRR8898806	2019	Swine	cluster_23
SRR8899018	2019	Swine	cluster_23
SRR8923360	2019	Swine	cluster_29
SRR8930540	2019	Human	cluster_5
SRR8950308	2019	Swine	cluster_23
SRR9000458	2019	Swine	cluster_29
SRR9000497	2019	Swine	cluster_29
SRR9047351	2019	Swine	cluster_26
SRR9048674	2019	Swine	cluster_23
SRR9050639	2019	Swine	cluster_29
SRR9050646	2019	Turkey	cluster_18
SRR9102948	2019	Human	NA
SRR9105581	2019	Swine	cluster_23
SRR9127651	2019	Swine	cluster_23
SRR9134247	2019	Swine	cluster_29
SRR9158257	2019	Human	cluster_10
SRR9158272	2019	Human	cluster_10
SRR9166941	2019	Human	cluster_5
SRR9184497	2019	Human	cluster_10
SRR9188558	2019	Swine	cluster_12
SRR9201222	2019	Human	cluster_29
SRR9207114	2019	Swine	cluster_29
SRR9212390	2019	Swine	cluster_26
SRR9212663	2019	Swine	cluster_26
SRR9289332	2019	Swine	cluster_26
SRR9289402	2019	Swine	cluster_26
SRR9321949	2019	Human	cluster_23
SRR9603448	2019	Swine	cluster_23
SRR9619852	2019	Human	cluster_29
SRR9643012	2019	Swine	cluster_26
SRR9653873	2019	Human	cluster_10
SRR9693199	2019	Human	cluster_10
SRR9698079	2019	Human	cluster_29
SRR9699560	2019	Human	cluster_29
SRR9699600	2019	Swine	cluster_23
SRR9715840	2019	Swine	cluster_23
SRR9717188	2019	Swine	cluster_29
SRR9733864	2019	Human	cluster_10
SRR9735383	2019	Human	cluster_5
SRR9832202	2019	Other	cluster_5
SRR9866308	2019	Unspecified Animal	cluster_10
SRR9866317	2019	Unspecified Animal	cluster_5
SRR9866322	2019	Unspecified Animal	cluster_10
SRR9874556	2019	Swine	cluster_26
SRR9902592	2019	Human	cluster_29
SRR9903248	2019	Human	cluster_28
SRR9903356	2019	Human	cluster_25
SRR9910978	2019	Swine	cluster_25
SRR9917366	2019	Bovine	cluster_29
SRR9943007	2019	Swine	cluster_23
SRR9943016	2019	Swine	cluster_23
SRR9953214	2019	Human	cluster_17
SRR9971671	2019	Swine	cluster_5
SRR9971677	2019	Swine	cluster_10
SRR9971678	2019	Swine	cluster_8
SRR9971686	2019	Swine	cluster_5
SRR9971889	2019	Swine	cluster_5
SRR9971890	2019	Swine	cluster_10
SRR9971893	2019	Swine	cluster_10
SRR9971931	2019	Swine	cluster_5
SRR9971932	2019	Swine	cluster_10
SRR9971934	2019	Swine	cluster_8
SRR9971935	2019	Swine	cluster_10
SRR9971936	2019	Swine	cluster_10
