ID	Year	Source	MST-28
SRR10003635	2019	Human	cluster_8
SRR10005232	2019	Bovine	cluster_68
SRR10008465	2019	Bovine	cluster_68
SRR10010956	2019	Human	cluster_66
SRR10012235	Unknown	Unspecified Animal	cluster_49
SRR10015908	2019	Human	cluster_81
SRR10031116	2019	Human	cluster_60
SRR10035297	2019	Human	cluster_29
SRR10036104	2019	Human	cluster_86
SRR10037185	2019	Bovine	cluster_97
SRR10038005	2019	Chicken	singleton_61
SRR10059362	2019	Human	cluster_46
SRR10095890	2019	Human	cluster_26
SRR10129540	2019	Bovine	cluster_79
SRR10136185	2019	Human	cluster_52
SRR10152519	2019	Human	cluster_57
SRR10156091	2019	Bovine	cluster_59
SRR10156098	2019	Bovine	cluster_59
SRR10164099	2019	Bovine	cluster_68
SRR10172204	2019	Human	cluster_74
SRR10179667	2019	Human	cluster_46
SRR10187034	2019	Bovine	cluster_59
SRR10187036	2019	Bovine	singleton_38
SRR10190406	2019	Human	cluster_97
SRR10190629	2019	Human	cluster_41
SRR10210132	2019	Bovine	cluster_59
SRR10226370	2019	Human	cluster_56
SRR10229990	2019	Bovine	cluster_59
SRR10230008	2019	Chicken	cluster_91
SRR10231946	2019	Human	cluster_56
SRR10244380	2019	Human	cluster_97
SRR10244780	Unknown	Human	cluster_97
SRR10250662	2019	Human	cluster_40
SRR10257915	2017	Human	singleton_77
SRR10274241	2019	Human	cluster_41
SRR10276327	2019	Human	cluster_97
SRR10290655	2019	Human	cluster_56
SRR10302348	2019	Human	singleton_81
SRR10334743	2019	Human	cluster_66
SRR10340270	2019	Human	cluster_52
SRR10341108	2019	Bovine	cluster_59
SRR10343237	2019	Bovine	cluster_68
SRR10364871	2019	Human	singleton_136
SRR10366067	2019	Human	cluster_49
SRR10375930	2019	Human	cluster_8
SRR10377311	2019	Human	singleton_125
SRR10389070	2019	Human	cluster_26
SRR10396886	2019	Human	cluster_101
SRR10405341	2019	Human	cluster_97
SRR10419438	2019	Human	cluster_97
SRR10429178	2019	Human	cluster_97
SRR10436180	2019	Human	singleton_141
SRR10465582	2019	Bovine	cluster_68
SRR10465617	2019	Bovine	cluster_55
SRR10467378	2019	Swine	cluster_80
SRR10493574	2019	Bovine	cluster_59
SRR10506971	2019	Human	cluster_26
SRR10507229	2019	Human	cluster_68
SRR10512403	2019	Human	cluster_36
SRR10527200	2019	Human	cluster_97
SRR10532443	2019	Bovine	cluster_79
SRR10543668	2019	Human	cluster_64
SRR10546639	2019	Chicken	cluster_91
SRR10571588	2019	Human	cluster_68
SRR10574374	2019	Bovine	cluster_59
SRR10604615	2019	Human	cluster_86
SRR10611442	2019	Bovine	cluster_68
SRR10615233	2019	Swine	cluster_97
SRR10615943	2019	Human	cluster_97
SRR10617740	2019	Human	cluster_59
SRR10619878	2019	Human	cluster_97
SRR10689412	2019	Other	cluster_32
SRR10708481	2019	Swine	cluster_50
SRR10728968	2019	Bovine	cluster_97
SRR10759686	2019	Human	cluster_97
SRR10763460	2019	Human	cluster_101
SRR10775265	2019	Bovine	cluster_68
SRR10806418	2019	Human	cluster_93
SRR10820787	2019	Human	cluster_68
SRR10843543	2019	Human	cluster_27
SRR10852366	2019	Human	cluster_68
SRR10875991	2020	Human	cluster_97
SRR10875998	2020	Human	cluster_97
SRR10879497	2019	Bovine	cluster_101
SRR10886875	2019	Human	cluster_97
SRR10897577	2019	Human	cluster_60
SRR10905434	2019	Swine	cluster_41
SRR10912335	2019	Human	cluster_97
SRR10920915	2019	Bovine	cluster_97
SRR10985388	2019	Human	cluster_101
SRR11014769	2020	Human	singleton_35
SRR11015474	2020	Bovine	cluster_97
SRR11026782	2017	Human	cluster_37
SRR11035111	2020	Chicken	cluster_97
SRR11119323	2020	Swine	singleton_55
SRR11171941	2020	Human	singleton_149
SRR11178195	2020	Human	cluster_97
SRR11214352	2020	Swine	cluster_97
SRR11232275	2020	Bovine	cluster_69
SRR11245232	2020	Human	cluster_101
SRR11278081	2020	Swine	cluster_47
SRR11281243	2019	Human	cluster_91
SRR11290959	2020	Chicken	cluster_97
SRR11311144	2020	Human	cluster_27
SRR11321540	2020	Human	singleton_147
SRR11347193	2020	Chicken	cluster_66
SRR11351682	2020	Bovine	cluster_97
SRR11394589	2019	Human	cluster_97
SRR11434852	2020	Human	cluster_99
SRR11461799	2020	Human	cluster_52
SRR11510981	2020	Chicken	cluster_80
SRR11553920	2020	Other Animal	cluster_35
SRR11596122	2020	Human	cluster_46
SRR11606998	2020	Human	cluster_97
SRR11615681	2020	Human	cluster_97
SRR11625279	2020	Human	cluster_97
SRR11654256	2020	Bovine	cluster_28
SRR11680466	2020	Human	cluster_71
SRR11741242	2020	Human	singleton_102
SRR11761893	2020	Human	cluster_19
SRR11768277	2020	Human	cluster_97
SRR11798768	2020	Human	cluster_97
SRR11831561	2020	Human	cluster_97
SRR11851004	2020	Human	cluster_97
SRR11851740	2020	Human	cluster_101
SRR11892965	2020	Bovine	cluster_69
SRR11902151	2020	Human	cluster_47
SRR11919050	2020	Human	cluster_97
SRR11935573	2020	Human	cluster_97
SRR11937634	2020	Human	cluster_97
SRR11991332	2020	Bovine	cluster_81
SRR12014739	2020	Human	cluster_68
SRR12023430	2020	Human	singleton_162
SRR12024990	2020	Human	singleton_104
SRR12037162	2020	Human	cluster_97
SRR12054294	2020	Human	singleton_5
SRR12061416	2020	Human	cluster_97
SRR12071720	2020	Bovine	cluster_81
SRR12075354	2020	Human	cluster_33
SRR12091634	2020	Swine	singleton_28
SRR12092136	2020	Human	cluster_97
SRR12110218	2020	Swine	cluster_97
SRR12194031	2020	Bovine	cluster_59
SRR12211145	2020	Human	cluster_21
SRR12211345	2020	Human	cluster_97
SRR12213089	2020	Human	cluster_71
SRR12216017	2020	Human	cluster_97
SRR12216940	2020	Human	cluster_71
SRR12277918	2020	Human	cluster_97
SRR12282267	2020	Human	cluster_71
SRR12282571	2020	Human	cluster_97
SRR12283146	2020	Human	cluster_59
SRR12335199	2020	Human	cluster_75
SRR12336259	2020	Human	cluster_93
SRR12337983	2020	Human	cluster_101
SRR12339331	2020	Human	singleton_90
SRR12341283	2020	Human	cluster_97
SRR12346761	2020	Human	cluster_97
SRR12362202	2020	Human	cluster_97
SRR12395040	2020	Other Animal	cluster_91
SRR12403594	2020	Bovine	cluster_79
SRR12413886	2020	Human	cluster_97
SRR12422567	2020	Human	cluster_97
SRR12422675	2020	Human	cluster_91
SRR12422699	2020	Human	cluster_97
SRR12423796	2020	Human	cluster_71
SRR12440251	2020	Human	cluster_97
SRR12455696	2020	Bovine	cluster_79
SRR12462783	2020	Human	cluster_97
SRR12462801	2020	Human	cluster_97
SRR12471026	2020	Human	cluster_50
SRR12475369	2020	Human	cluster_97
SRR12511023	2020	Swine	cluster_97
SRR12511481	2020	Human	cluster_97
SRR12516056	2019	Other	cluster_24
SRR12516064	2019	Other	cluster_24
SRR12540208	2020	Human	cluster_80
SRR12564543	2020	Human	cluster_71
SRR12592461	2020	Human	cluster_41
SRR12595427	2020	Swine	cluster_97
SRR12604300	2020	Human	cluster_71
SRR12606896	2020	Human	cluster_97
SRR12606920	2020	Human	cluster_36
SRR12608326	2020	Human	cluster_97
SRR12618335	2020	Human	cluster_91
SRR12625465	2020	Swine	cluster_97
SRR12635684	2020	Human	cluster_97
SRR12642653	2020	Human	cluster_97
SRR12643053	2020	Human	cluster_97
SRR12643135	2020	Human	cluster_97
SRR12646296	2020	Bovine	cluster_33
SRR12649008	2020	Chicken	cluster_91
SRR12693490	2020	Human	cluster_97
SRR12695139	2020	Human	cluster_97
SRR12708940	2020	Bovine	cluster_97
SRR12708964	2020	Bovine	cluster_97
SRR12708987	2020	Chicken	cluster_63
SRR12711677	2020	Human	cluster_91
SRR12727898	2020	Human	cluster_71
SRR12729704	2020	Human	cluster_75
SRR12743083	2020	Human	cluster_97
SRR12749789	2020	Human	cluster_97
SRR12763040	2020	Human	cluster_97
SRR12776662	2020	Human	cluster_97
SRR12779904	2020	Human	cluster_71
SRR12786716	2020	Human	cluster_19
SRR12786763	2020	Human	cluster_97
SRR12793629	2020	Human	cluster_19
SRR12795479	2020	Human	cluster_97
SRR12795627	2020	Human	cluster_97
SRR12799271	2020	Swine	cluster_36
SRR12799276	2020	Bovine	cluster_59
SRR12801298	2020	Human	cluster_19
SRR12804203	2020	Human	cluster_97
SRR12804213	2020	Human	cluster_97
SRR12804219	2020	Human	cluster_97
SRR12820408	2020	Human	cluster_71
SRR12823482	2020	Human	cluster_18
SRR12823486	2020	Human	cluster_18
SRR12824322	2020	Human	cluster_54
SRR12827150	2020	Human	cluster_97
SRR12827179	2020	Human	cluster_91
SRR12827216	2020	Human	cluster_41
SRR12850807	2020	Human	cluster_81
SRR12852599	2020	Human	cluster_97
SRR12857121	2020	Human	cluster_73
SRR12877496	Unknown	Unspecified Animal	cluster_60
SRR12879577	2020	Human	cluster_54
SRR12883027	2020	Human	cluster_87
SRR12883936	2020	Human	cluster_97
SRR12884616	2020	Bovine	cluster_59
SRR12884618	2020	Human	singleton_71
SRR12884670	2020	Human	cluster_63
SRR12903520	2020	Human	cluster_97
SRR12905914	2020	Human	cluster_86
SRR12907892	2020	Human	cluster_80
SRR12914779	2020	Human	cluster_97
SRR12921173	2020	Human	cluster_57
SRR12935212	2020	Human	cluster_97
SRR12937859	2020	Bovine	cluster_93
SRR12949667	2020	Bovine	cluster_80
SRR12949781	2020	Bovine	cluster_59
SRR12971458	2020	Bovine	cluster_59
SRR12979371	2020	Human	cluster_97
SRR12991891	2020	Swine	cluster_91
SRR12999405	2020	Human	cluster_91
SRR13004996	2020	Bovine	singleton_177
SRR13010363	2020	Human	cluster_97
SRR13010629	2020	Human	cluster_97
SRR13019179	2020	Human	cluster_40
SRR13021260	2020	Human	cluster_59
SRR13059257	2020	Bovine	cluster_68
SRR13067348	2020	Human	cluster_80
SRR13067354	2020	Human	cluster_76
SRR13072628	2020	Human	cluster_91
SRR13094208	2020	Bovine	cluster_55
SRR13107632	2020	Swine	cluster_68
SRR13112140	2020	Swine	cluster_50
SRR13132110	2020	Swine	cluster_97
SRR13160420	2020	Human	cluster_19
SRR13161275	2020	Human	cluster_2
SRR13166792	2020	Swine	cluster_60
SRR13176930	2018	Human	cluster_71
SRR13198529	2020	Human	cluster_41
SRR13206951	2020	Human	cluster_97
SRR13207708	2020	Human	cluster_80
SRR13207888	2020	Chicken	cluster_63
SRR13234007	2020	Human	cluster_59
SRR13234026	2020	Chicken	singleton_16
SRR13237204	2020	Human	cluster_74
SRR13244858	2020	Chicken	cluster_63
SRR13245231	2020	Swine	cluster_68
SRR13246795	2020	Bovine	singleton_7
SRR13251543	2020	Human	cluster_101
SRR13274306	2020	Human	cluster_50
SRR13282109	2020	Human	cluster_54
SRR13282218	2020	Human	cluster_97
SRR13282524	2020	Human	cluster_34
SRR13282665	2020	Human	cluster_97
SRR13292752	2020	Human	cluster_97
SRR13306498	2020	Human	cluster_71
SRR13321655	2020	Swine	cluster_97
SRR13338122	2020	Bovine	cluster_78
SRR13338124	2020	Bovine	cluster_78
SRR13338125	2020	Bovine	cluster_78
SRR13377904	2020	Human	cluster_32
SRR13380554	2020	Chicken	cluster_60
SRR13381189	2020	Human	cluster_52
SRR13388862	2020	Human	cluster_25
SRR13389385	2020	Human	singleton_86
SRR13430768	2020	Human	cluster_64
SRR13433423	2020	Human	cluster_27
SRR13520702	2021	Human	cluster_97
SRR13530466	2020	Chicken	singleton_101
SRR13531768	2021	Human	cluster_73
SRR13593768	2021	Bovine	cluster_81
SRR13593776	2021	Chicken	cluster_63
SRR13622005	2021	Human	cluster_97
SRR13635067	2020	Human	cluster_25
SRR13642051	2021	Human	singleton_91
SRR13643471	2020	Swine	cluster_97
SRR13703612	2021	Human	cluster_101
SRR13703616	2021	Human	cluster_71
SRR13708465	2019	Human	cluster_97
SRR13713061	2021	Human	cluster_91
SRR13724991	2021	Human	cluster_31
SRR13729667	2021	Human	cluster_86
SRR13734542	2021	Human	cluster_97
SRR13737213	2021	Human	cluster_52
SRR13764433	2021	Chicken	cluster_71
SRR13811261	2021	Chicken	cluster_97
SRR13858925	2021	Bovine	singleton_46
SRR13884120	2021	Human	cluster_91
SRR13922457	2019	Human	cluster_86
SRR13938721	2021	Human	cluster_101
SRR13998253	2021	Swine	cluster_31
SRR14045211	2021	Human	cluster_27
SRR14064555	2021	Human	cluster_97
SRR14067688	2021	Human	cluster_80
SRR14067694	2021	Human	cluster_19
SRR14067697	2021	Human	cluster_80
SRR14069638	2021	Human	singleton_122
SRR14073857	2021	Swine	cluster_48
SRR14097291	2021	Human	cluster_97
SRR14108878	2021	Human	cluster_59
SRR14127665	2021	Human	cluster_97
SRR14142510	2021	Human	cluster_80
SRR14143484	2021	Human	singleton_26
SRR14238904	2021	Human	cluster_19
SRR14250205	2021	Human	singleton_85
SRR14263042	2021	Swine	cluster_97
SRR14272665	2021	Human	cluster_101
SRR14272667	2021	Human	cluster_101
SRR14272668	2021	Human	cluster_97
SRR14272669	2021	Human	cluster_101
SRR14272670	2021	Human	cluster_101
SRR14274928	2021	Human	cluster_50
SRR14284445	2021	Human	singleton_22
SRR14286341	2021	Human	cluster_52
SRR14286353	2021	Human	cluster_52
SRR14294904	2021	Human	singleton_183
SRR14306371	2021	Swine	singleton_10
SRR14333437	2021	Human	cluster_52
SRR14360436	2021	Human	cluster_19
SRR14372011	2021	Human	cluster_52
SRR14408205	2021	Human	cluster_52
SRR14432693	2021	Human	cluster_97
SRR14439818	2021	Human	cluster_97
SRR14460253	2021	Human	cluster_98
SRR14464586	2021	Human	cluster_101
SRR14464590	2021	Human	cluster_101
SRR14464591	2021	Human	cluster_101
SRR14480233	2021	Human	cluster_19
SRR14484364	2021	Human	cluster_91
SRR14510993	2021	Human	cluster_25
SRR14518551	2021	Human	cluster_97
SRR14567166	2021	Human	cluster_19
SRR14568448	2021	Human	cluster_19
SRR14574985	2021	Human	cluster_101
SRR14666842	2021	Human	cluster_93
SRR14679342	2021	Human	cluster_19
SRR14691939	2021	Human	cluster_91
SRR14692114	2021	Human	cluster_19
SRR14703526	2021	Human	cluster_73
SRR14703532	2021	Human	cluster_25
SRR14703772	2021	Human	cluster_19
SRR14706000	2021	Human	cluster_52
SRR14712789	2021	Human	cluster_71
SRR14712801	2021	Human	cluster_19
SRR14718817	2021	Human	cluster_25
SRR14719085	2021	Bovine	cluster_59
SRR14719584	2021	Human	cluster_32
SRR14723106	2021	Bovine	cluster_91
SRR14724718	2021	Human	cluster_98
SRR14736787	2021	Human	cluster_19
SRR14739060	2021	Swine	cluster_68
SRR14751833	2021	Human	cluster_50
SRR14752243	2021	Human	cluster_97
SRR14768105	2021	Human	cluster_19
SRR14792652	2021	Human	singleton_99
SRR14807115	2021	Swine	cluster_91
SRR14807450	2021	Human	cluster_19
SRR14808884	2021	Human	cluster_19
SRR14824506	2021	Human	cluster_60
SRR14830585	2021	Swine	singleton_47
SRR14831794	2021	Human	cluster_19
SRR14833696	2021	Human	singleton_88
SRR14846829	2021	Human	cluster_19
SRR14872225	2021	Human	cluster_19
SRR14872318	2021	Unspecified Animal	cluster_19
SRR14874876	2021	Human	singleton_117
SRR14878291	2021	Human	cluster_91
SRR14879672	2021	Human	cluster_19
SRR14879675	2021	Human	cluster_97
SRR14882786	2021	Bovine	cluster_59
SRR14908282	2021	Human	cluster_25
SRR14919069	2021	Human	cluster_71
SRR14996296	2021	Human	cluster_97
SRR14996383	2021	Human	cluster_97
SRR15006557	2021	Human	cluster_19
SRR15008233	2021	Human	cluster_19
SRR15038758	2021	Human	cluster_97
SRR15048725	2021	Human	singleton_143
SRR15050615	2021	Human	cluster_19
SRR15050628	2021	Human	cluster_97
SRR15053891	2021	Bovine	singleton_185
SRR15054613	2021	Human	cluster_19
SRR15055299	2021	Human	cluster_97
SRR15058481	2021	Human	cluster_19
SRR15075482	2021	Human	cluster_19
SRR15075487	2021	Human	cluster_19
SRR15075489	2021	Human	cluster_19
SRR15076115	2021	Human	cluster_19
SRR15093397	2021	Human	cluster_41
SRR15101751	2021	Unspecified Animal	cluster_79
SRR15107952	2021	Human	cluster_81
SRR15108084	2021	Human	cluster_19
SRR15108104	2021	Human	cluster_19
SRR15115269	2021	Human	cluster_97
SRR15116023	2021	Human	cluster_56
SRR15128532	2021	Human	cluster_52
SRR15136862	2021	Human	cluster_13
SRR15142457	2021	Human	cluster_13
SRR15164985	2021	Human	singleton_42
SRR15178036	2021	Human	cluster_91
SRR15178483	2021	Bovine	cluster_79
SRR15197847	2021	Human	cluster_71
SRR15199296	2021	Human	cluster_97
SRR15217864	2021	Human	singleton_190
SRR15228774	2021	Human	singleton_65
SRR15248571	2021	Bovine	cluster_93
SRR15248943	2021	Human	cluster_19
SRR15249709	2021	Human	cluster_73
SRR15249732	2021	Human	cluster_93
SRR15251432	2021	Human	cluster_59
SRR15257822	2021	Human	singleton_116
SRR15293502	2021	Human	cluster_91
SRR15293551	2021	Human	cluster_13
SRR15305808	2021	Human	cluster_71
SRR15306529	2021	Human	cluster_19
SRR15309324	2021	Human	cluster_91
SRR15328287	2021	Human	cluster_97
SRR15328290	2021	Human	cluster_19
SRR15329095	2021	Human	cluster_71
SRR15340796	2021	Human	cluster_32
SRR15361686	2021	Human	cluster_97
SRR15374677	2021	Human	cluster_19
SRR15403529	2021	Human	cluster_97
SRR15441481	2021	Human	cluster_27
SRR15444054	2021	Human	cluster_98
SRR15446840	2021	Human	cluster_97
SRR15447033	2021	Human	cluster_97
SRR15465817	2021	Swine	cluster_41
SRR15482737	2021	Human	cluster_91
SRR15494509	2021	Swine	cluster_97
SRR15496479	2021	Swine	cluster_48
SRR15499619	2021	Human	cluster_97
SRR15526860	2021	Human	cluster_19
SRR15567178	2021	Human	singleton_41
SRR15571169	2021	Human	cluster_71
SRR15607828	2021	Human	cluster_97
SRR15633894	2021	Human	cluster_81
SRR15669855	2021	Human	cluster_27
SRR15671263	2021	Human	cluster_40
SRR15673007	2021	Bovine	cluster_97
SRR15678755	2021	Human	cluster_97
SRR15687851	2021	Chicken	cluster_76
SRR15691270	2021	Human	cluster_97
SRR15691273	2021	Human	cluster_101
SRR15693565	2021	Human	cluster_19
SRR15714222	2021	Human	cluster_97
SRR15782977	2021	Chicken	cluster_60
SRR15783420	2021	Human	cluster_97
SRR15813347	2021	Human	cluster_91
SRR15841303	2021	Human	cluster_32
SRR15845764	2021	Human	cluster_97
SRR15845917	2021	Human	cluster_97
SRR15879419	2021	Human	cluster_67
SRR15898459	2021	Human	cluster_91
SRR15907673	2021	Human	cluster_91
SRR15926861	2021	Human	cluster_97
SRR15943334	2021	Bovine	cluster_68
SRR15971082	2021	Human	cluster_97
SRR15986678	2021	Chicken	cluster_91
SRR15988300	2021	Human	cluster_101
SRR15988459	2021	Human	cluster_54
SRR15992796	2021	Human	singleton_165
SRR16007008	2021	Human	cluster_60
SRR16027385	2021	Human	cluster_97
SRR16038381	2021	Bovine	cluster_68
SRR16038384	2021	Bovine	cluster_68
SRR16038386	2021	Bovine	cluster_68
SRR16038387	2021	Bovine	cluster_68
SRR16038388	2021	Bovine	cluster_68
SRR16038559	2021	Swine	cluster_97
SRR16048324	2021	Human	cluster_97
SRR16092833	2021	Human	cluster_32
SRR16092835	2021	Human	cluster_32
SRR16100262	2021	Human	cluster_19
SRR16115055	2021	Human	cluster_41
SRR16115463	2021	Human	cluster_19
SRR16115468	2021	Human	cluster_97
SRR16148273	2021	Human	cluster_19
SRR16194886	2021	Human	cluster_97
SRR16212363	2021	Human	cluster_19
SRR16214843	2021	Swine	cluster_41
SRR16291033	2021	Human	cluster_19
SRR16292375	2021	Human	cluster_13
SRR16303298	2021	Human	cluster_13
SRR16312933	2021	Human	cluster_41
SRR16315923	2021	Human	cluster_91
SRR16491130	2021	Human	singleton_108
SRR16491308	2021	Human	cluster_97
SRR16501688	2021	Bovine	singleton_178
SRR16518344	2021	Human	cluster_19
SRR16555023	2021	Human	cluster_35
SRR16574410	2021	Human	cluster_91
SRR16579203	2021	Human	cluster_91
SRR16587773	2021	Human	cluster_68
SRR16599300	2021	Human	cluster_97
SRR16603362	2021	Swine	cluster_41
SRR16761395	2021	Human	cluster_91
SRR16765593	2021	Swine	cluster_91
SRR16798028	2021	Human	cluster_60
SRR16827985	2021	Human	cluster_28
SRR16889669	2021	Human	cluster_101
SRR16893038	2021	Human	cluster_19
SRR16894209	2021	Human	cluster_32
SRR16904276	2021	Bovine	singleton_40
SRR16929398	2021	Human	cluster_101
SRR16931878	2021	Human	cluster_91
SRR16958667	2021	Human	cluster_101
SRR16958671	2021	Human	cluster_101
SRR16976802	2021	Chicken	cluster_71
SRR17010420	2021	Human	cluster_71
SRR17028982	2021	Swine	cluster_68
SRR17066635	2021	Human	cluster_97
SRR17157257	2021	Swine	singleton_153
SRR17180734	2021	Human	cluster_91
SRR1720462	2012	Unspecified Poultry	singleton_144
SRR1720470	2012	Unspecified Poultry	cluster_97
SRR17217916	2021	Human	cluster_19
SRR17230273	2021	Human	cluster_80
SRR17287260	2021	Bovine	cluster_97
SRR17297880	2021	Human	cluster_91
SRR17301375	2021	Chicken	cluster_66
SRR17313367	2021	Bovine	cluster_97
SRR1745534	2012	Unspecified Poultry	singleton_43
SRR1745544	2012	Unspecified Poultry	cluster_91
SRR1745558	2012	Unspecified Poultry	NA
SRR1745623	2012	Unspecified Poultry	singleton_148
SRR17490239	2021	Swine	cluster_9
SRR17521335	2021	Swine	singleton_73
SRR17523717	2021	Other	cluster_68
SRR17524712	2021	Other	cluster_97
SRR17524783	2021	Other	cluster_68
SRR17529013	2019	Unspecified Animal	cluster_80
SRR17564625	2021	Chicken	cluster_63
SRR17649997	2021	Swine	singleton_27
SRR17650000	2021	Bovine	cluster_59
SRR17654608	2019	Unspecified Animal	cluster_80
SRR17656151	2021	Human	cluster_19
SRR17722948	2022	Human	cluster_59
SRR1774090	2012	Unspecified Poultry	cluster_101
SRR17791912	2021	Chicken	singleton_105
SRR17837072	2022	Unspecified Animal	cluster_41
SRR17838609	2022	Chicken	cluster_91
SRR17853863	2022	Swine	singleton_114
SRR17853880	2022	Swine	cluster_41
SRR17853884	2022	Swine	cluster_91
SRR17866707	2022	Human	cluster_59
SRR17885110	2022	Unspecified Animal	cluster_41
SRR17940336	2022	Human	cluster_71
SRR17940337	2022	Human	cluster_97
SRR17940339	2022	Human	cluster_97
SRR17967468	2022	Swine	cluster_76
SRR18013308	2022	Human	cluster_35
SRR18015843	2022	Human	singleton_24
SRR18017678	2022	Human	cluster_101
SRR18021609	2022	Chicken	cluster_76
SRR18034157	2021	Human	cluster_19
SRR18095501	2021	Unspecified Animal	cluster_97
SRR18111895	2022	Human	cluster_101
SRR18122721	2022	Human	cluster_27
SRR18230424	2022	Human	cluster_51
SRR18296373	2022	Swine	cluster_41
SRR18327130	2021	Human	cluster_13
SRR18327542	2022	Swine	cluster_101
SRR18331269	2022	Human	cluster_97
SRR18339735	2022	Human	cluster_97
SRR18505368	2022	Human	cluster_60
SRR18556195	2022	Human	cluster_81
SRR18592418	2021	Human	cluster_19
SRR18599003	2022	Swine	cluster_9
SRR18605145	2022	Human	cluster_61
SRR18716470	2022	Human	cluster_80
SRR18730455	2021	Other	singleton_120
SRR18735578	2022	Unspecified Animal	cluster_79
SRR18737866	2022	Swine	cluster_41
SRR18753550	2022	Human	cluster_68
SRR18771457	2022	Human	cluster_63
SRR18889340	2022	Human	cluster_19
SRR18897241	2021	Human	cluster_50
SRR18912058	2022	Swine	cluster_4
SRR18914206	2022	Human	singleton_163
SRR18937266	2022	Human	cluster_81
SRR18944030	2022	Bovine	cluster_97
SRR19019203	2022	Swine	cluster_4
SRR19079399	2022	Human	cluster_97
SRR19166930	2022	Other	cluster_97
SRR19198541	2022	Human	cluster_19
SRR19230065	2022	Human	cluster_19
SRR19264883	2022	Human	cluster_19
SRR19332505	2022	Human	cluster_91
SRR19332516	2022	Human	cluster_93
SRR19346986	2022	Bovine	cluster_59
SRR19357860	2022	Human	cluster_19
SRR19358574	2022	Swine	cluster_9
SRR19369100	2022	Human	cluster_59
SRR19397119	2021	Other Animal	cluster_33
SRR19403669	2022	Human	cluster_101
SRR19431744	2022	Human	cluster_91
SRR19431947	2022	Human	cluster_19
SRR19431994	2022	Human	cluster_19
SRR19488856	2022	Bovine	cluster_97
SRR19511033	2022	Human	cluster_97
SRR19511052	2022	Unspecified Animal	cluster_97
SRR19511109	2022	Human	cluster_19
SRR19512115	2022	Human	cluster_19
SRR19513038	2022	Human	cluster_86
SRR19528530	2022	Chicken	singleton_62
SRR19551558	2022	Chicken	cluster_91
SRR19552114	2022	Human	cluster_43
SRR19552227	2022	Human	cluster_97
SRR19554461	2022	Human	cluster_97
SRR19560738	2022	Human	cluster_74
SRR19603073	2022	Human	cluster_19
SRR19621701	2022	Human	cluster_19
SRR19629374	2022	Human	cluster_91
SRR19629378	2022	Human	cluster_19
SRR19635556	2022	Human	cluster_91
SRR19635700	2022	Human	cluster_38
SRR19635895	2022	Other	cluster_19
SRR19635896	2022	Other	cluster_19
SRR19635981	2022	Other	cluster_19
SRR19645218	2022	Human	cluster_19
SRR19660787	2022	Human	cluster_91
SRR19664327	2022	Bovine	cluster_94
SRR19734942	2022	Human	cluster_19
SRR19737616	2022	Human	cluster_91
SRR19754125	2022	Human	cluster_19
SRR19764007	2022	Human	cluster_80
SRR19807588	2022	Swine	cluster_41
SRR19846966	2022	Human	cluster_19
SRR19882161	2022	Human	cluster_97
SRR19908137	2022	Human	cluster_19
SRR19918404	2022	Human	cluster_68
SRR19918574	2022	Human	cluster_80
SRR19925133	2022	Human	cluster_19
SRR20079842	2022	Human	cluster_19
SRR20106046	2022	Human	cluster_19
SRR20106666	2022	Human	cluster_97
SRR20166828	2022	Human	cluster_91
SRR20285895	2022	Human	cluster_97
SRR20325460	2022	Unspecified Animal	cluster_19
SRR20424140	2022	Human	cluster_91
SRR20449420	2022	Chicken	singleton_63
SRR20648244	2022	Human	cluster_68
SRR2068068	2015	Chicken	cluster_97
SRR20698753	2022	Human	cluster_19
SRR2075049	2012	Unspecified Poultry	cluster_97
SRR20751631	2022	Human	cluster_42
SRR2078900	2012	Unspecified Poultry	cluster_97
SRR20848894	2022	Human	cluster_101
SRR20849548	2022	Swine	cluster_91
SRR20871708	2022	Human	cluster_97
SRR20959663	2022	Human	cluster_97
SRR20964819	2022	Human	cluster_101
SRR20993305	2022	Human	cluster_13
SRR21016595	2022	Human	cluster_101
SRR21024037	2022	Human	cluster_97
SRR21052162	2022	Human	cluster_68
SRR21053587	2022	Human	cluster_97
SRR21060308	2022	Human	cluster_97
SRR21131540	2022	Human	cluster_54
SRR21138527	Unknown	Unspecified Animal	cluster_19
SRR21141217	2022	Human	cluster_54
SRR21177517	2022	Human	cluster_54
SRR21203039	2022	Human	cluster_43
SRR21226719	2022	Human	cluster_91
SRR21227675	2022	Chicken	cluster_60
SRR2124289	2012	Unspecified Poultry	cluster_86
SRR2124492	2012	Unspecified Poultry	cluster_97
SRR2125864	2015	Chicken	cluster_97
SRR21276502	2022	Human	cluster_101
SRR21303817	2022	Human	cluster_54
SRR21390071	2022	Human	cluster_54
SRR21391361	2022	Human	cluster_101
SRR21413022	2022	Swine	cluster_67
SRR21440163	2022	Human	cluster_19
SRR21450563	2022	Human	cluster_97
SRR21464254	2022	Human	singleton_89
SRR2152998	2012	Unspecified Poultry	singleton_70
SRR21530410	2022	Human	cluster_19
SRR2156500	2012	Unspecified Poultry	cluster_70
SRR21589277	2022	Chicken	singleton_59
SRR21590052	2022	Chicken	cluster_63
SRR21632641	2022	Human	cluster_54
SRR21684120	2022	Swine	singleton_17
SRR21712303	2022	Human	cluster_19
SRR21729543	2022	Chicken	cluster_60
SRR2174022	2012	Unspecified Poultry	singleton_131
SRR21751199	2022	Human	singleton_109
SRR21768921	2022	Human	cluster_91
SRR21770840	2022	Swine	cluster_60
SRR21772615	2022	Chicken	cluster_60
SRR21787483	2022	Human	cluster_19
SRR21817741	2022	Human	singleton_123
SRR21820000	2022	Human	cluster_101
SRR21853777	2022	Human	cluster_91
SRR21853970	2022	Human	cluster_19
SRR21853971	2022	Human	cluster_97
SRR21854404	2022	Human	cluster_54
SRR21863582	2022	Human	cluster_97
SRR21863684	2022	Human	cluster_70
SRR2188119	2015	Swine	singleton_64
SRR21882341	2022	Human	cluster_60
SRR21933430	2022	Chicken	cluster_63
SRR21936707	2022	Human	cluster_90
SRR21937394	2022	Human	cluster_101
SRR21937924	2022	Bovine	cluster_59
SRR21937936	2022	Bovine	cluster_80
SRR21949707	2022	Human	cluster_19
SRR21952168	2022	Human	singleton_140
SRR21989232	2022	Human	cluster_101
SRR22006018	2022	Human	singleton_127
SRR22006919	2022	Chicken	cluster_91
SRR22022475	2022	Human	cluster_86
SRR22025504	2022	Human	cluster_97
SRR22034860	2022	Human	cluster_68
SRR22049150	2022	Human	cluster_19
SRR22054251	2022	Human	singleton_172
SRR22058704	2022	Chicken	cluster_15
SRR22064242	2022	Human	cluster_91
SRR22084591	2022	Human	cluster_97
SRR22086118	2022	Human	cluster_19
SRR22093168	2022	Chicken	cluster_60
SRR22149527	2022	Chicken	cluster_68
SRR22163737	2022	Bovine	cluster_68
SRR22175786	2022	Human	cluster_8
SRR22222985	2022	Human	cluster_97
SRR22245973	2022	Human	cluster_97
SRR22254446	2022	Human	cluster_101
SRR22258423	2022	Human	cluster_3
SRR22263761	2022	Human	singleton_96
SRR22273781	2022	Human	cluster_97
SRR22276139	2022	Human	cluster_54
SRR22315240	2022	Chicken	cluster_60
SRR22325449	2022	Swine	cluster_97
SRR22340577	2022	Swine	cluster_97
SRR22390016	2022	Human	cluster_14
SRR2239755	2015	Swine	cluster_97
SRR22398880	2022	Bovine	singleton_87
SRR22446104	2022	Human	cluster_19
SRR22473285	2022	Human	cluster_91
SRR22566513	2022	Bovine	singleton_107
SRR22578357	2022	Bovine	cluster_80
SRR22750354	2022	Swine	cluster_101
SRR22816639	2022	Human	cluster_97
SRR22826963	2022	Human	cluster_53
SRR22851342	2022	Human	cluster_13
SRR22890947	2022	Human	singleton_138
SRR22890955	2022	Human	cluster_91
SRR22902391	2022	Human	singleton_30
SRR22938938	2022	Human	cluster_3
SRR22956233	2022	Human	cluster_80
SRR23030767	2022	Human	cluster_50
SRR23038612	2022	Human	cluster_14
SRR23149180	2021	Swine	cluster_76
SRR23153335	2023	Human	cluster_80
SRR23183123	2022	Chicken	cluster_91
SRR23193131	2021	Swine	cluster_76
SRR23193132	2021	Swine	cluster_76
SRR23269698	2023	Human	cluster_97
SRR23291464	2023	Bovine	cluster_22
SRR23291665	2023	Swine	cluster_41
SRR23333140	2023	Chicken	singleton_18
SRR23348841	2021	Swine	cluster_76
SRR23348849	2021	Swine	cluster_76
SRR23360283	2023	Swine	cluster_86
SRR23374237	2022	Human	cluster_17
SRR23406931	2023	Human	singleton_95
SRR23447337	2023	Human	cluster_3
SRR23476355	2023	Turkey	cluster_97
SRR23638760	2023	Human	cluster_66
SRR23696605	2023	Human	cluster_83
SRR23697645	2022	Swine	cluster_41
SRR23702698	2023	Swine	cluster_41
SRR23721090	2023	Human	cluster_17
SRR23759076	2021	Swine	cluster_76
SRR23801107	2023	Swine	cluster_45
SRR23849634	2023	Chicken	cluster_83
SRR23853692	2023	Human	cluster_101
SRR23886340	2023	Human	cluster_97
SRR23906020	2023	Human	singleton_32
SRR23920017	2023	Human	singleton_171
SRR23929117	2023	Human	cluster_101
SRR23932268	2023	Human	cluster_93
SRR23980195	2023	Swine	cluster_45
SRR24046977	2023	Human	cluster_97
SRR24049571	2023	Human	cluster_97
SRR24052893	2023	Human	cluster_83
SRR24065268	2023	Swine	cluster_68
SRR24076117	2023	Human	cluster_19
SRR24099511	2023	Human	singleton_169
SRR24105560	2023	Human	cluster_72
SRR24116729	2023	Human	cluster_13
SRR24155145	2023	Human	cluster_97
SRR24178963	2023	Human	cluster_97
SRR24189261	2023	Human	cluster_97
SRR24202688	2023	Human	cluster_19
SRR2421589	2015	Chicken	singleton_110
SRR24216781	2023	Human	cluster_97
SRR24220758	2014	Chicken	singleton_14
SRR24230305	2023	Human	cluster_72
SRR24313505	2023	Human	cluster_97
SRR24313512	2023	Human	cluster_19
SRR24323002	2023	Human	cluster_97
SRR24323012	2023	Human	cluster_97
SRR24326187	2023	Human	cluster_97
SRR24332934	2023	Human	cluster_97
SRR24347656	2023	Human	cluster_72
SRR24351059	2023	Human	cluster_97
SRR24351075	2023	Human	cluster_97
SRR24377045	2023	Human	cluster_97
SRR24391969	2023	Human	singleton_9
SRR24413073	2019	Unspecified Animal	cluster_97
SRR24425918	2023	Human	cluster_80
SRR24426314	2023	Human	cluster_80
SRR24437673	2023	Human	cluster_97
SRR24449793	2023	Human	cluster_97
SRR24467408	2023	Swine	cluster_41
SRR24467465	2023	Human	cluster_19
SRR24477472	2023	Human	cluster_97
SRR24477587	2023	Human	cluster_97
SRR24480623	2023	Human	cluster_19
SRR24491588	2023	Other	cluster_68
SRR24491606	2023	Other	singleton_100
SRR24492864	2023	Human	cluster_19
SRR24507612	2023	Human	cluster_97
SRR24507615	2023	Human	cluster_19
SRR24510174	2023	Human	cluster_40
SRR24525750	2023	Human	cluster_97
SRR24526129	2023	Bovine	cluster_60
SRR24564328	Unknown	Unspecified Animal	cluster_97
SRR24564353	2023	Human	cluster_97
SRR24564845	2023	Human	cluster_19
SRR24565019	2023	Human	cluster_97
SRR24565201	2023	Bovine	singleton_94
SRR24581707	2023	Human	cluster_19
SRR24635334	2023	Human	cluster_19
SRR24637375	2023	Human	cluster_97
SRR24638741	2023	Human	cluster_19
SRR24643024	2023	Human	cluster_19
SRR24651078	2023	Human	cluster_97
SRR24657749	2023	Human	cluster_19
SRR24658165	2023	Human	cluster_97
SRR24660262	2023	Human	cluster_97
SRR24661481	2023	Human	cluster_19
SRR24686694	2023	Human	cluster_19
SRR24709504	2023	Swine	cluster_60
SRR24719319	2023	Human	cluster_19
SRR24727049	2023	Human	cluster_97
SRR24727105	2023	Other	cluster_19
SRR24727107	2023	Other	cluster_19
SRR24727108	2023	Other	cluster_19
SRR24727159	2023	Other	cluster_97
SRR24735967	2023	Human	cluster_97
SRR24736050	2023	Human	cluster_23
SRR24736459	2023	Human	cluster_97
SRR24736461	2023	Human	cluster_97
SRR24736466	2023	Human	cluster_19
SRR24740460	2023	Human	cluster_97
SRR24748237	2023	Human	cluster_19
SRR24748407	2022	Human	cluster_81
SRR24749635	2023	Human	cluster_97
SRR24760782	2023	Human	cluster_97
SRR24760950	2023	Human	singleton_37
SRR24761952	2023	Human	singleton_68
SRR24762840	2023	Human	cluster_97
SRR24764218	2023	Human	cluster_19
SRR24764924	2023	Bovine	cluster_68
SRR24773327	2023	Other	cluster_97
SRR24773328	2023	Other	cluster_19
SRR24773329	2023	Other	cluster_19
SRR24773330	2023	Other	cluster_19
SRR24773331	2023	Other	cluster_19
SRR24773332	2023	Other	cluster_97
SRR24773333	2023	Other	cluster_19
SRR24773334	2023	Other	cluster_97
SRR24773335	2023	Other	cluster_97
SRR24773336	2023	Other	cluster_97
SRR24773337	2023	Other	cluster_19
SRR24773357	2023	Other	cluster_19
SRR24773358	2023	Other	cluster_19
SRR24773359	2023	Other	cluster_19
SRR24773360	2023	Other	cluster_97
SRR24773367	2023	Other	cluster_19
SRR24773368	2023	Other	cluster_19
SRR24773369	2023	Other	cluster_19
SRR24773372	2023	Other	cluster_19
SRR24773373	2023	Other	cluster_19
SRR24773374	2023	Other	cluster_19
SRR24773381	2023	Other	cluster_19
SRR24773382	2023	Other	cluster_97
SRR24773383	2023	Other	cluster_19
SRR24773384	2023	Other	cluster_19
SRR24773404	2023	Other	cluster_97
SRR24773406	2023	Other	cluster_97
SRR24773407	2023	Other	cluster_97
SRR24773408	2023	Other	cluster_97
SRR24773409	2023	Other	cluster_97
SRR24773410	2023	Other	cluster_97
SRR24773412	2023	Other	cluster_97
SRR24773414	2023	Other	cluster_97
SRR24773415	2023	Other	cluster_97
SRR24796270	2023	Human	cluster_68
SRR24796273	2023	Human	cluster_68
SRR24796420	2023	Human	cluster_68
SRR24796715	2022	Human	cluster_53
SRR24806356	2023	Human	cluster_19
SRR24806357	2023	Human	cluster_19
SRR24807186	2023	Human	cluster_97
SRR24807189	2023	Human	cluster_19
SRR24827190	2023	Human	cluster_97
SRR24827611	2023	Human	cluster_19
SRR24827616	2023	Human	cluster_19
SRR24827679	2023	Human	cluster_80
SRR24827684	2023	Human	cluster_80
SRR24828651	2023	Human	cluster_97
SRR24828807	2023	Human	cluster_97
SRR24828822	2023	Human	singleton_84
SRR24828826	2023	Human	cluster_19
SRR24835335	2023	Human	cluster_97
SRR24842809	2023	Human	cluster_91
SRR24859887	2023	Human	cluster_97
SRR24860676	2023	Human	cluster_40
SRR24874557	2023	Human	cluster_19
SRR24874676	2023	Human	cluster_97
SRR24875735	2023	Human	cluster_97
SRR24877059	2023	Human	cluster_63
SRR24878678	2023	Human	cluster_19
SRR24894449	2023	Human	cluster_97
SRR24895488	2023	Human	cluster_97
SRR24895494	2023	Human	cluster_19
SRR24899471	2023	Human	cluster_19
SRR24899877	2023	Human	cluster_19
SRR24899939	2023	Human	cluster_97
SRR24901064	2023	Human	cluster_97
SRR24906706	2023	Human	cluster_19
SRR24907473	2023	Other	cluster_72
SRR24907474	2023	Other	cluster_72
SRR24907475	2023	Other	cluster_72
SRR24907476	2023	Other	cluster_72
SRR24907477	2023	Other	cluster_72
SRR24907478	2023	Other	cluster_72
SRR24907479	2023	Other	cluster_72
SRR24907480	2023	Other	cluster_72
SRR24907481	2023	Other	cluster_72
SRR24907482	2023	Other	cluster_72
SRR24918146	2023	Human	singleton_156
SRR24951191	2023	Human	cluster_19
SRR24968464	2023	Human	cluster_80
SRR24968933	2023	Unspecified Animal	cluster_97
SRR24970970	2023	Bovine	cluster_19
SRR24971263	2023	Human	cluster_19
SRR24973801	2023	Human	cluster_19
SRR24994418	2023	Human	cluster_97
SRR24996175	2023	Human	cluster_19
SRR25007961	2023	Human	cluster_97
SRR25007980	2023	Other	singleton_51
SRR25007985	2023	Other	singleton_128
SRR25018625	2023	Human	cluster_19
SRR25030408	2023	Human	cluster_97
SRR25036573	2023	Human	cluster_19
SRR25054977	2023	Human	cluster_19
SRR25055178	2023	Human	cluster_19
SRR25055753	Unknown	Unspecified Animal	cluster_19
SRR25067772	2023	Human	cluster_97
SRR25071331	2023	Human	cluster_97
SRR25073376	2023	Human	cluster_97
SRR25073974	2023	Human	cluster_97
SRR25074057	2023	Human	cluster_97
SRR25083140	2021	Other	cluster_19
SRR25083551	2023	Human	cluster_19
SRR25097175	2023	Chicken	cluster_97
SRR25097436	2023	Chicken	cluster_97
SRR25097437	2023	Chicken	cluster_97
SRR25097439	2023	Chicken	cluster_97
SRR25097452	2023	Chicken	cluster_97
SRR25115727	2023	Human	cluster_19
SRR25115822	2023	Human	cluster_97
SRR25115839	2023	Human	cluster_97
SRR25116170	2023	Human	singleton_158
SRR25116173	2023	Human	cluster_59
SRR25117210	2023	Human	cluster_93
SRR25117315	2023	Human	cluster_93
SRR25117602	2023	Human	singleton_145
SRR25117745	2022	Human	cluster_54
SRR25133716	2023	Human	cluster_97
SRR25146378	2023	Human	cluster_19
SRR25147173	2023	Human	cluster_19
SRR25177758	2023	Human	cluster_97
SRR25179262	2023	Human	cluster_19
SRR25182447	Unknown	Unspecified Animal	cluster_19
SRR25184337	2023	Human	cluster_97
SRR25184341	2023	Human	cluster_97
SRR25212451	2023	Human	cluster_97
SRR25235617	2023	Human	cluster_97
SRR25246065	2023	Human	cluster_97
SRR25247522	2023	Turkey	singleton_48
SRR25279951	2023	Human	singleton_58
SRR25280391	2023	Human	cluster_97
SRR25280983	2023	Human	cluster_62
SRR25281224	2023	Human	cluster_19
SRR25302580	2023	Human	cluster_97
SRR25302968	2023	Human	cluster_19
SRR25302972	2023	Human	cluster_97
SRR25304339	2023	Human	cluster_72
SRR25305050	2023	Bovine	cluster_79
SRR25305481	2023	Bovine	singleton_49
SRR25307663	2023	Human	cluster_91
SRR25320157	2023	Human	cluster_19
SRR25339352	2023	Human	cluster_93
SRR25372951	2023	Human	cluster_68
SRR25373415	2023	Human	cluster_68
SRR25383508	2023	Human	cluster_97
SRR25383543	2023	Unspecified Animal	cluster_97
SRR25385144	2023	Human	cluster_19
SRR25402125	2023	Bovine	cluster_97
SRR25402844	2023	Human	singleton_180
SRR25403104	2023	Human	cluster_23
SRR25406184	2023	Human	cluster_97
SRR25411891	2023	Human	cluster_93
SRR25412880	2023	Human	cluster_19
SRR25424726	2023	Human	cluster_97
SRR25425412	2023	Human	cluster_19
SRR25426272	2023	Human	singleton_11
SRR25431160	2023	Swine	cluster_60
SRR25438426	2023	Human	cluster_19
SRR25439684	2023	Human	cluster_19
SRR25475452	2023	Bovine	cluster_89
SRR25476257	2023	Human	cluster_97
SRR25477058	Unknown	Unspecified Animal	cluster_19
SRR25477187	2023	Human	cluster_19
SRR25502182	2023	Human	singleton_135
SRR25505042	2023	Human	cluster_97
SRR25517078	2023	Human	cluster_19
SRR25526226	2023	Human	cluster_97
SRR25551225	2023	Human	cluster_97
SRR25551848	2023	Human	cluster_97
SRR25569145	2023	Human	cluster_91
SRR25570501	2023	Human	cluster_60
SRR25570547	2023	Human	cluster_81
SRR25571043	2023	Human	cluster_97
SRR25585258	2023	Human	cluster_97
SRR25602919	2023	Human	cluster_97
SRR25629475	2023	Swine	cluster_68
SRR25642029	2023	Human	cluster_80
SRR25658972	2023	Human	cluster_83
SRR25666301	Unknown	Unspecified Animal	cluster_97
SRR25687224	2023	Human	cluster_97
SRR25687227	2023	Human	cluster_97
SRR25687234	2023	Human	cluster_97
SRR25687240	2023	Other	cluster_5
SRR25687241	2023	Other	cluster_5
SRR25689548	2023	Human	cluster_101
SRR25708925	2023	Human	cluster_97
SRR25711902	2023	Human	cluster_97
SRR25712707	2023	Human	cluster_97
SRR25728503	2023	Human	cluster_97
SRR25748464	2023	Human	cluster_19
SRR25748647	2023	Human	cluster_97
SRR25758199	2023	Human	cluster_101
SRR25763547	2023	Human	cluster_19
SRR25763675	2023	Human	cluster_97
SRR25763702	2023	Human	singleton_56
SRR25763749	2023	Human	cluster_19
SRR25763869	2023	Bovine	cluster_97
SRR25764374	2023	Human	cluster_97
SRR25764431	2023	Human	cluster_97
SRR25776275	2023	Human	cluster_83
SRR25776681	2023	Human	cluster_19
SRR25779776	2023	Human	cluster_83
SRR25802460	2023	Human	cluster_19
SRR25808378	2023	Human	singleton_132
SRR25830595	2023	Human	cluster_19
SRR25832807	2023	Human	cluster_97
SRR25840363	2023	Human	cluster_99
SRR25871364	Unknown	Unspecified Animal	cluster_97
SRR25915019	2023	Human	singleton_184
SRR25930995	2023	Human	cluster_44
SRR25941053	2023	Human	singleton_157
SRR25942404	2023	Human	cluster_97
SRR25955729	2023	Human	cluster_97
SRR26020697	2023	Human	cluster_83
SRR26024295	2023	Human	cluster_83
SRR26026957	2023	Human	cluster_73
SRR26028059	2023	Human	cluster_19
SRR26030105	2023	Human	cluster_91
SRR26032246	2023	Human	cluster_101
SRR26050440	2023	Human	cluster_71
SRR26051957	2023	Human	cluster_97
SRR26053998	2023	Human	cluster_97
SRR26060076	2023	Human	cluster_83
SRR26060472	2023	Human	cluster_97
SRR26071089	2023	Human	cluster_19
SRR26093181	2023	Human	singleton_164
SRR26094021	2023	Bovine	singleton_34
SRR26094661	2023	Human	cluster_19
SRR26096640	2023	Human	cluster_97
SRR26107329	2023	Human	singleton_155
SRR26117309	2023	Human	cluster_83
SRR26125666	2023	Other	cluster_72
SRR26125949	2023	Other	cluster_72
SRR26126105	2023	Other	cluster_72
SRR26126508	2023	Human	cluster_97
SRR26126688	2023	Other	cluster_72
SRR26147535	2023	Human	cluster_101
SRR26163030	2023	Human	cluster_73
SRR26165430	2023	Human	cluster_97
SRR26166284	2023	Human	singleton_103
SRR26181981	2023	Human	cluster_97
SRR26194973	2023	Human	cluster_97
SRR26208391	2023	Human	cluster_97
SRR26270879	2023	Human	cluster_101
SRR26287609	2023	Human	cluster_97
SRR26287615	2023	Human	cluster_83
SRR26300921	2023	Human	cluster_19
SRR26312828	2023	Bovine	cluster_79
SRR26351473	2023	Human	singleton_33
SRR26377389	2023	Human	cluster_93
SRR26378594	2023	Bovine	cluster_97
SRR26378604	2023	Bovine	cluster_97
SRR26378607	2023	Bovine	cluster_97
SRR26378608	2023	Bovine	cluster_97
SRR26378610	2023	Bovine	cluster_97
SRR26378628	2023	Bovine	cluster_97
SRR26378637	2023	Bovine	cluster_97
SRR26378638	2023	Bovine	cluster_97
SRR26378651	2023	Bovine	cluster_97
SRR26378736	2023	Human	cluster_60
SRR26379728	2023	Human	cluster_19
SRR26379752	2023	Human	cluster_97
SRR26394337	2023	Chicken	singleton_3
SRR26395282	2023	Human	cluster_19
SRR26396904	2023	Human	cluster_83
SRR26411313	2023	Human	cluster_68
SRR26422380	2023	Human	cluster_8
SRR26451599	2023	Human	cluster_101
SRR26453391	2023	Bovine	cluster_97
SRR26472743	2023	Human	cluster_97
SRR26518919	2023	Human	cluster_97
SRR26544652	2023	Human	cluster_97
SRR26583910	2023	Human	cluster_97
SRR26586225	2023	Human	singleton_159
SRR26587040	2023	Human	cluster_95
SRR26621092	2023	Human	cluster_10
SRR26643512	2023	Human	singleton_13
SRR26681277	2023	Bovine	cluster_65
SRR26723850	2023	Human	cluster_19
SRR26804550	2023	Bovine	cluster_87
SRR26805825	2023	Human	cluster_97
SRR26806593	2023	Human	cluster_97
SRR26827087	2023	Human	cluster_68
SRR26863626	2023	Human	cluster_74
SRR26864023	2023	Bovine	cluster_97
SRR26902542	2023	Human	cluster_10
SRR26920372	2023	Human	cluster_96
SRR26969693	2023	Human	cluster_83
SRR27042678	2023	Bovine	cluster_56
SRR27046331	2023	Human	singleton_8
SRR27046350	2023	Bovine	cluster_59
SRR27046611	2023	Human	cluster_97
SRR27053151	2023	Human	cluster_97
SRR27078389	2023	Human	cluster_19
SRR27088755	2023	Human	cluster_97
SRR27107145	2023	Human	singleton_112
SRR27145397	2023	Bovine	cluster_93
SRR27258204	2023	Bovine	cluster_97
SRR27263319	2023	Human	cluster_97
SRR27303653	2023	Bovine	cluster_97
SRR27319349	2023	Human	cluster_54
SRR27326870	2023	Human	cluster_71
SRR27326881	2023	Human	cluster_97
SRR27334356	2021	Other	cluster_19
SRR27364173	2023	Human	singleton_151
SRR27373290	2023	Human	cluster_19
SRR27378697	2023	Human	cluster_97
SRR27380722	2023	Human	singleton_1
SRR27398674	2023	Bovine	singleton_60
SRR27408525	2023	Human	singleton_129
SRR27422931	2023	Human	cluster_97
SRR27427996	2023	Human	cluster_19
SRR27458376	2023	Human	cluster_80
SRR27461025	2023	Human	cluster_96
SRR27471452	2023	Bovine	singleton_182
SRR27504366	2023	Chicken	cluster_60
SRR27563342	2024	Human	cluster_72
SRR27563349	2024	Human	cluster_91
SRR27589850	2023	Human	cluster_97
SRR27594213	2023	Human	cluster_54
SRR27605713	2023	Human	NA
SRR27605757	2023	Human	cluster_97
SRR27683346	2024	Bovine	cluster_93
SRR27758063	2024	Human	singleton_29
SRR27758657	2024	Human	cluster_97
SRR27758663	2024	Human	cluster_83
SRR27759076	2023	Human	cluster_97
SRR27785026	2024	Human	cluster_52
SRR27845538	2024	Human	singleton_174
SRR27872785	2022	Other	cluster_19
SRR27873432	2024	Bovine	cluster_65
SRR27906496	2024	Human	cluster_19
SRR27930355	2024	Human	cluster_19
SRR27945102	2024	Human	singleton_137
SRR27947386	2024	Human	singleton_50
SRR27958403	2024	Human	cluster_44
SRR28015221	2024	Chicken	cluster_92
SRR28016021	2024	Human	cluster_94
SRR28048125	2024	Human	singleton_15
SRR28048126	2024	Human	cluster_91
SRR28093320	2024	Turkey	cluster_41
SRR28165346	2024	Human	cluster_71
SRR28286519	2024	Human	cluster_66
SRR28335695	2024	Human	cluster_93
SRR28338096	2024	Human	cluster_68
SRR28346127	2024	Human	singleton_166
SRR28354139	2024	Human	cluster_35
SRR28371201	2024	Human	cluster_91
SRR28379070	2024	Human	cluster_100
SRR28410048	2024	Human	cluster_97
SRR28411089	2024	Human	cluster_101
SRR28416923	2024	Human	cluster_97
SRR28417209	2024	Human	cluster_97
SRR28417280	2024	Human	singleton_142
SRR2890151	2012	Unspecified Poultry	cluster_86
SRR2890153	2012	Unspecified Poultry	cluster_86
SRR2920118	2015	Bovine	singleton_181
SRR2920120	2015	Bovine	cluster_85
SRR3062684	2015	Swine	cluster_97
SRR3115432	2015	Swine	cluster_97
SRR3156224	2016	Bovine	singleton_150
SRR3185059	2015	Human	singleton_20
SRR3284587	2016	Bovine	cluster_55
SRR3323110	2015	Chicken	cluster_91
SRR3392762	2016	Unspecified Animal	cluster_101
SRR3475887	2016	Bovine	cluster_97
SRR3476439	2015	Chicken	cluster_87
SRR3499790	2016	Human	cluster_97
SRR3555189	2016	Swine	cluster_97
SRR3593676	2016	Human	cluster_19
SRR3593756	2015	Human	cluster_21
SRR3632933	2016	Human	cluster_97
SRR3667931	2016	Human	cluster_19
SRR3667934	2016	Human	cluster_19
SRR3713615	2016	Human	cluster_97
SRR3713625	2016	Human	cluster_97
SRR3996672	2016	Human	cluster_81
SRR3996674	2016	Human	cluster_81
SRR4040106	2014	Human	cluster_97
SRR4040107	2014	Human	singleton_57
SRR4040228	2016	Human	cluster_97
SRR4046911	2016	Human	cluster_97
SRR4054685	2016	Human	cluster_11
SRR4106448	2016	Swine	cluster_36
SRR4418021	2016	Bovine	singleton_154
SRR4419039	2016	Bovine	cluster_71
SRR4450009	2016	Human	cluster_74
SRR4453696	2016	Chicken	singleton_53
SRR5019458	2016	Chicken	singleton_25
SRR5019515	2016	Swine	cluster_93
SRR5023222	2016	Human	cluster_97
SRR5043210	2016	Swine	cluster_97
SRR5045370	2016	Chicken	cluster_81
SRR5056085	2016	Human	cluster_22
SRR5110549	2016	Human	cluster_97
SRR5110585	2016	Human	cluster_15
SRR5116938	2016	Human	cluster_71
SRR5132770	2016	Chicken	cluster_81
SRR5152064	2016	Human	cluster_15
SRR5163811	2016	Human	cluster_12
SRR5182328	2016	Swine	cluster_66
SRR5188742	2016	Human	cluster_101
SRR5195294	2016	Human	cluster_15
SRR5221550	2014	Human	cluster_97
SRR5235541	2017	Swine	singleton_72
SRR5249670	2014	Human	cluster_97
SRR5253514	2013	Human	cluster_97
SRR5260024	2015	Human	cluster_97
SRR5260026	2016	Human	cluster_60
SRR5260029	2015	Human	cluster_97
SRR5260031	2016	Human	cluster_97
SRR5260033	2016	Human	cluster_61
SRR5260039	2016	Human	cluster_91
SRR5260041	2016	Human	cluster_19
SRR5260042	2016	Human	cluster_93
SRR5260044	2016	Human	cluster_97
SRR5271468	2017	Chicken	cluster_87
SRR5278585	2016	Human	cluster_81
SRR5278614	2014	Human	cluster_97
SRR5278629	2014	Human	cluster_97
SRR5278642	2014	Human	singleton_167
SRR5291652	2016	Human	cluster_97
SRR5297355	2017	Chicken	cluster_86
SRR5307867	2016	Human	cluster_97
SRR5335990	2017	Human	cluster_64
SRR5335995	2017	Human	cluster_64
SRR5340077	2017	Swine	cluster_20
SRR5341793	2016	Human	singleton_54
SRR5349771	2017	Chicken	cluster_97
SRR5350711	2017	Human	cluster_97
SRR5361488	2016	Human	singleton_21
SRR5361517	2017	Human	cluster_81
SRR5364188	2017	Human	cluster_15
SRR5364250	2014	Human	cluster_86
SRR5387137	2017	Human	cluster_81
SRR5413714	2017	Human	cluster_71
SRR5440627	2016	Human	cluster_84
SRR5440643	2017	Human	singleton_173
SRR5444231	2017	Swine	cluster_97
SRR5479736	2017	Bovine	cluster_97
SRR5486413	2016	Human	cluster_97
SRR5486993	2017	Swine	cluster_76
SRR5501079	2017	Human	cluster_16
SRR5501085	2017	Human	cluster_68
SRR5508355	2016	Human	cluster_11
SRR5576610	2017	Human	cluster_71
SRR5578800	2015	Human	cluster_97
SRR5578831	2017	Human	cluster_71
SRR5579127	2017	Human	cluster_68
SRR5581835	2014	Human	cluster_74
SRR5583112	2017	Human	cluster_97
SRR5583879	2017	Human	cluster_81
SRR5584017	Unknown	Human	cluster_71
SRR5584028	2017	Human	cluster_71
SRR5584074	2017	Chicken	cluster_87
SRR5586380	2016	Human	cluster_71
SRR5590045	2017	Human	cluster_71
SRR5590229	2017	Human	cluster_71
SRR5605904	2017	Human	cluster_97
SRR5605907	2017	Human	cluster_71
SRR5605909	2017	Human	cluster_71
SRR5605922	2017	Human	cluster_71
SRR5605928	2017	Human	cluster_71
SRR5632208	2017	Human	cluster_71
SRR5632238	2017	Human	cluster_97
SRR5640208	2017	Human	cluster_71
SRR5640228	2017	Human	cluster_97
SRR5640349	2017	Human	cluster_71
SRR5640361	2017	Human	cluster_71
SRR5640377	2017	Human	cluster_71
SRR5640383	2017	Human	cluster_71
SRR5642175	2017	Human	cluster_81
SRR5642181	2017	Human	cluster_97
SRR5642184	2017	Human	cluster_71
SRR5642194	2017	Human	cluster_16
SRR5643204	2017	Bovine	cluster_58
SRR5645403	2017	Human	singleton_187
SRR5645438	2017	Human	cluster_71
SRR5647054	2017	Bovine	singleton_111
SRR5647481	2017	Human	cluster_71
SRR5659656	2017	Human	cluster_71
SRR5659695	2017	Human	cluster_81
SRR5664427	2017	Human	cluster_81
SRR5664436	2017	Human	cluster_97
SRR5664440	2017	Human	cluster_81
SRR5682790	2017	Human	cluster_71
SRR5683227	2017	Chicken	singleton_2
SRR5693824	2017	Swine	cluster_20
SRR5714141	2017	Human	cluster_71
SRR5714262	2017	Human	cluster_97
SRR5714293	2017	Human	cluster_97
SRR5714825	2017	Human	singleton_83
SRR5714851	2017	Human	cluster_71
SRR5714859	2017	Human	cluster_71
SRR5714873	2017	Human	cluster_93
SRR5742294	2017	Human	cluster_71
SRR5749981	2017	Human	cluster_11
SRR5755802	2017	Human	cluster_97
SRR5756425	2017	Human	cluster_62
SRR5761365	2017	Human	cluster_97
SRR5765271	2017	Human	cluster_62
SRR5787071	2017	Human	cluster_81
SRR5799785	2017	Human	cluster_62
SRR5808877	2017	Human	cluster_101
SRR5812112	2017	Human	cluster_71
SRR5812120	2017	Human	singleton_93
SRR5812133	2017	Human	cluster_71
SRR5812314	2017	Human	cluster_97
SRR5817312	2017	Human	cluster_101
SRR5817371	Unknown	Unspecified Animal	cluster_71
SRR5817381	2017	Human	cluster_71
SRR5819686	2017	Swine	cluster_68
SRR5819724	2017	Swine	singleton_4
SRR5820896	2017	Human	cluster_16
SRR5823614	2017	Human	cluster_97
SRR5823780	2010	Human	cluster_97
SRR5852408	2017	Chicken	cluster_71
SRR5864313	Unknown	Human	cluster_97
SRR5864323	2017	Human	cluster_97
SRR5864594	2017	Human	cluster_71
SRR5865151	Unknown	Human	cluster_71
SRR5865158	Unknown	Human	cluster_71
SRR5867383	Unknown	Human	cluster_71
SRR5870981	2017	Chicken	cluster_91
SRR5876125	2017	Human	cluster_71
SRR5876358	2017	Human	cluster_71
SRR5887855	2017	Human	cluster_71
SRR5887857	2017	Human	cluster_71
SRR5888137	2017	Human	cluster_71
SRR5888410	2017	Human	cluster_97
SRR5888416	2017	Human	singleton_115
SRR5888418	2017	Human	cluster_71
SRR5888472	2017	Human	cluster_81
SRR5888653	2017	Human	cluster_71
SRR5890467	Unknown	Human	cluster_71
SRR5890470	Unknown	Human	cluster_71
SRR5890505	2017	Human	cluster_62
SRR5890522	2017	Human	cluster_97
SRR5907265	2017	Human	cluster_71
SRR5908298	2017	Human	cluster_71
SRR5908542	2014	Human	cluster_97
SRR5909491	2017	Human	cluster_71
SRR5921226	2017	Human	cluster_71
SRR5932480	Unknown	Human	cluster_97
SRR5932681	2017	Human	cluster_16
SRR5945329	2017	Human	cluster_101
SRR5947684	2017	Human	cluster_71
SRR5955256	2017	Human	cluster_97
SRR5955310	2017	Human	cluster_101
SRR5955318	2017	Human	singleton_170
SRR5955389	2017	Chicken	cluster_71
SRR5958611	2017	Bovine	singleton_186
SRR5982383	2017	Bovine	cluster_82
SRR5988432	2017	Human	cluster_97
SRR5988796	2017	Human	cluster_97
SRR5989062	2017	Unspecified Animal	cluster_97
SRR5989072	2017	Human	cluster_97
SRR6010314	2017	Bovine	cluster_97
SRR6011719	2017	Chicken	cluster_97
SRR6014150	2017	Human	cluster_101
SRR6025942	2017	Human	cluster_21
SRR6029296	2017	Human	singleton_126
SRR6038030	2017	Human	cluster_2
SRR6038040	2017	Human	cluster_2
SRR6038047	2017	Human	cluster_77
SRR6038075	2017	Human	cluster_81
SRR6039085	2017	Human	cluster_71
SRR6039102	2017	Human	singleton_152
SRR6042791	2017	Bovine	singleton_179
SRR6050718	2017	Human	cluster_74
SRR6051259	2017	Unspecified Animal	cluster_97
SRR6051457	2017	Human	cluster_71
SRR6107964	2017	Human	cluster_97
SRR6114209	2017	Human	cluster_41
SRR6121979	2017	Swine	cluster_60
SRR6125280	2017	Chicken	cluster_97
SRR6125287	2017	Chicken	cluster_71
SRR6129379	2017	Human	cluster_97
SRR6132417	2017	Swine	cluster_93
SRR6133758	2017	Human	cluster_77
SRR6134300	2017	Human	cluster_71
SRR6158422	2017	Other	cluster_101
SRR6158424	2017	Other Animal	cluster_101
SRR6158425	2017	Unspecified Animal	cluster_101
SRR6158427	2017	Human	cluster_101
SRR6158430	2017	Human	cluster_101
SRR6159351	2017	Chicken	singleton_52
SRR6159380	2017	Chicken	cluster_97
SRR6182998	2017	Human	cluster_71
SRR6192488	2017	Human	cluster_77
SRR6197772	2017	Chicken	cluster_71
SRR6203187	2003	Bovine	cluster_97
SRR6203192	Unknown	Bovine	singleton_82
SRR6203447	2017	Human	cluster_12
SRR6203469	2017	Human	cluster_56
SRR6217780	2017	Human	cluster_97
SRR6217911	2017	Human	cluster_29
SRR6217997	2017	Bovine	cluster_78
SRR6218007	2017	Bovine	cluster_78
SRR6218010	2017	Swine	cluster_20
SRR6231688	2017	Chicken	cluster_54
SRR6234219	2017	Human	cluster_97
SRR6249741	2017	Human	cluster_97
SRR6249913	2017	Swine	cluster_97
SRR6251661	2017	Chicken	singleton_19
SRR6255139	2017	Chicken	cluster_60
SRR6283451	2017	Chicken	singleton_118
SRR6283562	2017	Human	cluster_97
SRR6289909	2017	Human	cluster_71
SRR6289943	2017	Human	cluster_101
SRR6292527	2017	Swine	singleton_39
SRR6294774	2017	Chicken	cluster_81
SRR6310298	2017	Human	cluster_12
SRR6310329	2017	Human	cluster_68
SRR6310382	2017	Human	cluster_12
SRR6313737	2017	Human	cluster_71
SRR6316166	2017	Bovine	cluster_59
SRR6321436	2017	Human	cluster_97
SRR6326940	2017	Human	cluster_71
SRR6327020	2017	Human	cluster_97
SRR6327063	2016	Human	cluster_86
SRR6330597	2017	Human	cluster_2
SRR6336393	2017	Bovine	cluster_68
SRR6345322	2017	Chicken	cluster_63
SRR6345562	2017	Human	cluster_91
SRR6353837	2017	Human	cluster_97
SRR6353925	2017	Human	cluster_15
SRR6359231	2017	Bovine	cluster_101
SRR6371566	2017	Human	cluster_97
SRR6373409	2017	Human	cluster_95
SRR6373472	2016	Human	cluster_77
SRR6375835	2017	Chicken	cluster_91
SRR6377179	2017	Chicken	cluster_41
SRR6380683	2010	Human	cluster_77
SRR6380684	2012	Human	cluster_77
SRR6380685	2011	Human	cluster_77
SRR6380686	2012	Human	cluster_77
SRR6380687	2012	Human	cluster_77
SRR6380688	2008	Human	cluster_77
SRR6380689	2011	Human	cluster_77
SRR6380690	2008	Human	cluster_77
SRR6380691	2012	Human	cluster_77
SRR6380692	2012	Human	cluster_77
SRR6380694	2010	Human	cluster_77
SRR6380695	2010	Human	cluster_77
SRR6380892	2017	Human	cluster_71
SRR6385513	2009	Human	cluster_97
SRR6385516	Unknown	Human	cluster_97
SRR6386293	2010	Human	cluster_97
SRR6386302	2009	Human	cluster_71
SRR6387338	2017	Chicken	cluster_71
SRR6396468	2017	Human	cluster_71
SRR6412817	2017	Human	singleton_176
SRR6434106	2017	Human	cluster_81
SRR6434107	2017	Human	cluster_68
SRR6434235	2017	Human	cluster_91
SRR6439865	2011	Human	cluster_97
SRR6440500	2017	Swine	cluster_97
SRR6440507	2017	Bovine	singleton_119
SRR6440512	2017	Swine	cluster_97
SRR6452140	2017	Human	cluster_76
SRR6459474	2017	Chicken	cluster_63
SRR6475531	2017	Human	cluster_56
SRR6475571	2017	Human	cluster_97
SRR6475573	2017	Human	cluster_2
SRR6481157	2017	Human	cluster_77
SRR6481170	2017	Human	cluster_97
SRR6485176	2017	Human	cluster_2
SRR6485338	2017	Human	cluster_97
SRR6515225	2017	Human	cluster_97
SRR6639042	2018	Chicken	cluster_97
SRR6651191	2018	Human	cluster_100
SRR6663609	2017	Human	singleton_113
SRR6672413	2018	Bovine	cluster_97
SRR6681170	2017	Human	cluster_60
SRR6703594	2018	Bovine	cluster_97
SRR6703634	2017	Human	cluster_12
SRR6703819	2017	Human	cluster_12
SRR6715660	2017	Human	cluster_101
SRR6715759	2016	Human	cluster_71
SRR6715779	2018	Human	cluster_35
SRR6740054	2018	Turkey	cluster_8
SRR6743275	2018	Chicken	cluster_97
SRR6750630	2017	Human	cluster_4
SRR6760496	2018	Human	cluster_60
SRR6764226	2018	Swine	cluster_20
SRR6765279	2018	Swine	cluster_97
SRR6793644	2018	Swine	cluster_97
SRR6809210	2018	Human	cluster_11
SRR6813647	2018	Human	cluster_6
SRR6815980	2018	Bovine	cluster_59
SRR6818844	2018	Bovine	cluster_79
SRR6819371	2018	Chicken	cluster_47
SRR6819386	2018	Chicken	cluster_66
SRR6820776	2018	Human	cluster_77
SRR6820782	2018	Human	cluster_97
SRR6870494	2017	Human	cluster_97
SRR6870511	2017	Human	cluster_6
SRR6876279	2018	Bovine	cluster_59
SRR6879559	2018	Human	cluster_97
SRR6879588	2018	Human	cluster_81
SRR6880137	2018	Human	singleton_79
SRR6881331	2017	Human	singleton_6
SRR6885444	2017	Human	cluster_81
SRR6890652	2018	Swine	cluster_97
SRR6902851	2017	Human	cluster_29
SRR6904885	2018	Swine	cluster_86
SRR6904896	2018	Chicken	cluster_21
SRR6904900	2018	Chicken	cluster_21
SRR6930051	2018	Chicken	cluster_64
SRR6967753	2018	Human	cluster_101
SRR7001563	2018	Human	cluster_6
SRR7027933	2018	Human	cluster_68
SRR7028054	2018	Human	cluster_97
SRR7028110	2018	Human	cluster_40
SRR7049756	2018	Human	cluster_1
SRR7051520	2018	Bovine	cluster_97
SRR7062891	2017	Human	cluster_76
SRR7063175	2018	Bovine	cluster_59
SRR7063454	2018	Human	cluster_27
SRR7068358	2018	Human	cluster_27
SRR7081838	2009	Human	cluster_71
SRR7081889	2018	Human	singleton_78
SRR7081924	2018	Human	cluster_77
SRR7081929	2018	Human	cluster_77
SRR7084530	2018	Turkey	cluster_8
SRR7105174	2018	Human	cluster_1
SRR7119012	2018	Human	cluster_61
SRR7119020	2018	Human	cluster_40
SRR7130932	2018	Bovine	singleton_188
SRR7138711	2018	Swine	singleton_98
SRR7140228	2018	Human	cluster_27
SRR7140265	2018	Human	cluster_27
SRR7140393	2018	Human	cluster_27
SRR7140427	2018	Human	cluster_27
SRR7153390	Unknown	Unspecified Animal	cluster_27
SRR7153394	2018	Human	cluster_27
SRR7155916	2018	Human	cluster_27
SRR7162842	2018	Human	cluster_1
SRR7167936	2018	Chicken	cluster_71
SRR7170112	2018	Human	cluster_27
SRR7170347	2018	Human	cluster_27
SRR7170422	2018	Human	cluster_27
SRR7170611	2018	Human	cluster_27
SRR7171560	2018	Swine	cluster_82
SRR7178757	2018	Human	cluster_27
SRR7178779	2018	Human	cluster_27
SRR7179419	2018	Human	cluster_81
SRR7179424	2018	Human	cluster_27
SRR7179443	2018	Human	cluster_27
SRR7179451	2018	Human	cluster_27
SRR7182351	2018	Human	singleton_75
SRR7182367	2018	Human	cluster_97
SRR7182383	2018	Human	cluster_27
SRR7182396	2018	Human	cluster_71
SRR7189209	2018	Human	cluster_27
SRR7189221	2018	Human	cluster_27
SRR7189236	2018	Human	cluster_27
SRR7193910	2018	Human	cluster_27
SRR7204043	2018	Human	cluster_27
SRR7218519	Unknown	Unspecified Animal	cluster_27
SRR7218529	2018	Human	cluster_27
SRR7218875	2018	Human	cluster_27
SRR7219145	2018	Human	cluster_27
SRR7228880	2018	Swine	cluster_97
SRR7235830	2018	Human	cluster_68
SRR7235855	2018	Human	cluster_59
SRR7235959	2018	Human	cluster_27
SRR7245594	2018	Human	singleton_175
SRR7245844	2018	Human	cluster_27
SRR7245961	2018	Human	cluster_77
SRR7246310	2018	Human	cluster_27
SRR7253176	2018	Human	cluster_27
SRR7253190	2018	Human	cluster_27
SRR7267898	2018	Bovine	cluster_59
SRR7269209	2018	Human	cluster_86
SRR7269391	2018	Human	cluster_27
SRR7269458	2018	Human	cluster_27
SRR7280145	2018	Human	cluster_1
SRR7280280	2018	Human	cluster_27
SRR7280288	2018	Human	cluster_27
SRR7280290	2018	Human	cluster_27
SRR7280315	2018	Human	cluster_27
SRR7294496	2018	Human	cluster_27
SRR7300231	2018	Human	cluster_101
SRR7300234	2018	Human	cluster_92
SRR7300265	2018	Human	cluster_27
SRR7300276	2018	Human	cluster_27
SRR7300284	2018	Human	cluster_1
SRR7346558	2018	Human	cluster_97
SRR7346963	2018	Human	cluster_71
SRR7347010	2018	Human	cluster_27
SRR7347019	2018	Human	cluster_27
SRR7348099	2018	Human	cluster_37
SRR7348248	2018	Human	cluster_93
SRR7348289	2018	Human	cluster_27
SRR7348342	2018	Human	cluster_27
SRR7348355	2018	Human	cluster_27
SRR7348655	2018	Bovine	cluster_59
SRR7353058	2018	Human	cluster_27
SRR7353065	2018	Human	cluster_27
SRR7413750	2018	Human	cluster_27
SRR7413926	2018	Human	cluster_27
SRR7414487	2018	Human	cluster_27
SRR7414532	2018	Human	cluster_27
SRR7414538	2018	Human	cluster_27
SRR7414547	2018	Human	cluster_27
SRR7414548	2018	Human	cluster_27
SRR7419938	2018	Human	cluster_27
SRR7419946	2018	Human	cluster_27
SRR7429441	2018	Human	cluster_27
SRR7429469	2018	Human	cluster_27
SRR7442043	2018	Human	singleton_130
SRR7442070	2018	Human	cluster_77
SRR7442074	2018	Human	cluster_77
SRR7442075	2018	Human	cluster_77
SRR7442080	2018	Human	cluster_77
SRR7442093	2018	Human	cluster_27
SRR7442121	2018	Human	cluster_27
SRR7442134	2018	Human	cluster_71
SRR7442165	2018	Human	cluster_27
SRR7442290	2018	Human	cluster_27
SRR7442293	2018	Human	cluster_27
SRR7447092	2018	Human	cluster_30
SRR7447128	2018	Human	cluster_27
SRR7456621	2018	Human	cluster_27
SRR7456623	Unknown	Human	cluster_37
SRR7465634	2018	Chicken	cluster_71
SRR7466487	2018	Human	cluster_27
SRR7468707	2018	Human	cluster_27
SRR7468708	2018	Human	cluster_27
SRR7473095	2018	Human	cluster_27
SRR7473119	2018	Human	cluster_27
SRR7473143	2018	Human	cluster_27
SRR7473177	2018	Other	cluster_27
SRR7473178	2018	Other	cluster_27
SRR7477827	2018	Human	cluster_7
SRR7504636	2018	Human	cluster_7
SRR7504736	2018	Human	cluster_71
SRR7514434	2018	Human	cluster_97
SRR7514467	2018	Human	cluster_27
SRR7515365	2018	Human	cluster_71
SRR7515376	2018	Human	cluster_97
SRR7518666	2018	Human	cluster_27
SRR7521474	2018	Chicken	cluster_30
SRR7524814	2018	Human	cluster_71
SRR7528256	2018	Swine	cluster_97
SRR7528258	2018	Bovine	cluster_59
SRR7532628	2018	Human	cluster_27
SRR7532685	2018	Human	cluster_27
SRR7532715	2018	Human	cluster_50
SRR7532716	2018	Human	cluster_50
SRR7532798	2018	Human	cluster_27
SRR7551538	2018	Human	cluster_27
SRR7551738	2018	Human	cluster_27
SRR7601634	2018	Human	cluster_97
SRR7608253	2018	Human	cluster_27
SRR7610642	2018	Human	cluster_27
SRR7620440	2018	Human	cluster_50
SRR7620474	2018	Human	cluster_27
SRR7633258	2018	Human	cluster_27
SRR7633340	2018	Human	cluster_27
SRR7634063	2018	Human	cluster_27
SRR7634066	2018	Human	cluster_27
SRR7641812	2018	Human	singleton_139
SRR7641829	2018	Human	cluster_49
SRR7642031	2018	Human	cluster_27
SRR7648353	2018	Human	cluster_50
SRR7657545	2018	Chicken	cluster_60
SRR7661196	2018	Human	cluster_50
SRR7661274	Unknown	Human	cluster_27
SRR7664387	2018	Human	cluster_27
SRR7664396	2018	Human	cluster_27
SRR7664400	2018	Human	cluster_27
SRR7664679	2018	Human	cluster_27
SRR7668101	2018	Human	cluster_59
SRR7688551	2018	Human	cluster_71
SRR7691771	2018	Human	cluster_97
SRR7693489	2018	Bovine	cluster_97
SRR7693491	2018	Bovine	cluster_97
SRR7693509	2018	Bovine	cluster_79
SRR7693511	2018	Chicken	cluster_91
SRR7697266	2018	Human	cluster_27
SRR7703000	2018	Human	singleton_133
SRR7703037	2018	Human	cluster_81
SRR7703118	2018	Human	cluster_27
SRR7706423	2018	Human	cluster_27
SRR7706427	2018	Human	cluster_27
SRR7707886	2018	Bovine	cluster_97
SRR7719532	2018	Human	cluster_27
SRR7721727	2018	Chicken	cluster_86
SRR7724208	2018	Bovine	cluster_97
SRR7724228	2018	Bovine	cluster_58
SRR7724375	2018	Bovine	cluster_97
SRR7724382	2018	Bovine	cluster_97
SRR7724386	2018	Bovine	cluster_97
SRR7728042	2018	Human	cluster_27
SRR7739622	2018	Human	cluster_68
SRR7746957	2018	Human	cluster_27
SRR7750665	2018	Human	cluster_71
SRR7750735	2018	Human	cluster_27
SRR7750759	2018	Human	cluster_97
SRR7750844	2018	Human	cluster_27
SRR7754573	2018	Bovine	cluster_59
SRR7767359	2018	Human	singleton_12
SRR7767401	2018	Human	cluster_27
SRR7767536	2018	Bovine	cluster_97
SRR7771728	2018	Chicken	cluster_91
SRR7773990	2018	Human	cluster_19
SRR7782624	2018	Swine	cluster_8
SRR7789433	2018	Bovine	cluster_97
SRR7789471	2018	Other Animal	cluster_97
SRR7789880	2018	Other Animal	cluster_97
SRR7795504	2018	Chicken	cluster_62
SRR7803832	Unknown	Unspecified Animal	cluster_68
SRR7811527	2018	Human	singleton_92
SRR7818397	2018	Human	cluster_97
SRR7840910	2018	Other Animal	cluster_97
SRR7853954	2018	Human	cluster_27
SRR7853988	2018	Human	cluster_27
SRR7854014	2018	Human	cluster_27
SRR7854016	2018	Human	cluster_27
SRR7874595	2018	Human	cluster_97
SRR7879662	2018	Bovine	cluster_89
SRR7881943	2018	Human	cluster_71
SRR7882077	2018	Human	cluster_42
SRR7882079	2018	Human	cluster_27
SRR7882115	2018	Human	cluster_86
SRR7882185	2018	Human	cluster_27
SRR7882231	2018	Human	cluster_81
SRR7888705	2018	Human	cluster_81
SRR7888869	2018	Human	cluster_27
SRR7896152	2018	Bovine	cluster_68
SRR7896459	2018	Bovine	cluster_59
SRR7898994	2018	Human	cluster_97
SRR7899003	2018	Human	cluster_27
SRR7899006	Unknown	Unspecified Animal	cluster_27
SRR7906072	2018	Human	cluster_27
SRR7906508	2018	Human	cluster_27
SRR7906588	2018	Human	cluster_97
SRR7906602	2018	Human	cluster_27
SRR7906742	2018	Human	cluster_27
SRR7909932	2018	Human	singleton_80
SRR7939530	2018	Human	cluster_19
SRR7939577	2018	Human	cluster_71
SRR7941315	2018	Swine	cluster_51
SRR7949871	2018	Swine	singleton_161
SRR7958686	2018	Human	cluster_27
SRR7958692	2018	Human	cluster_27
SRR7958761	2018	Human	cluster_71
SRR7958771	2018	Human	cluster_101
SRR7958842	2018	Human	cluster_27
SRR7958859	2018	Human	cluster_27
SRR7963868	2018	Human	cluster_52
SRR7963986	2018	Human	cluster_27
SRR8030876	2018	Chicken	cluster_86
SRR8037276	2018	Bovine	cluster_86
SRR8053933	2018	Human	cluster_86
SRR8054220	2018	Human	cluster_40
SRR8054305	2018	Human	cluster_27
SRR8054473	2018	Human	cluster_97
SRR8066638	2018	Turkey	cluster_88
SRR8081019	2018	Bovine	cluster_68
SRR8083581	2018	Human	cluster_11
SRR8083684	2018	Human	cluster_40
SRR8102310	2018	Other	singleton_45
SRR8113607	2018	Human	cluster_27
SRR8121336	2018	Human	cluster_52
SRR8129148	2018	Human	cluster_27
SRR8131583	2018	Bovine	cluster_68
SRR8133354	2018	Human	cluster_27
SRR8134471	2018	Human	cluster_27
SRR8136928	2018	Bovine	cluster_59
SRR8145109	2018	Human	cluster_27
SRR8170229	2018	Human	cluster_27
SRR8170278	2018	Human	cluster_80
SRR8170283	2018	Human	cluster_15
SRR8170426	2018	Human	cluster_71
SRR8170827	2018	Human	cluster_71
SRR8172881	2018	Bovine	cluster_97
SRR8193001	2018	Human	cluster_91
SRR8198236	2018	Human	cluster_97
SRR8207771	2018	Human	cluster_27
SRR8207775	2018	Human	cluster_27
SRR8236498	2018	Bovine	singleton_121
SRR8239196	2018	Human	cluster_71
SRR8244502	2018	Human	cluster_71
SRR8263108	2018	Human	cluster_101
SRR8263255	2018	Human	cluster_74
SRR8263713	2018	Bovine	cluster_59
SRR8266121	2018	Human	cluster_52
SRR8267722	2018	Human	cluster_15
SRR8280722	2018	Human	cluster_97
SRR8294498	2018	Human	cluster_101
SRR8294666	2018	Human	cluster_27
SRR8298522	2018	Human	cluster_27
SRR8298639	2018	Human	singleton_168
SRR8299251	2018	Human	cluster_27
SRR8299348	2018	Human	singleton_74
SRR8303144	2018	Human	cluster_97
SRR8303375	2018	Human	singleton_31
SRR8305697	2018	Human	cluster_81
SRR8313086	2018	Chicken	cluster_97
SRR8321725	2018	Swine	cluster_60
SRR8348433	2018	Human	cluster_97
SRR8364493	Unknown	Human	cluster_52
SRR8364666	2018	Human	cluster_59
SRR8364849	2018	Swine	cluster_97
SRR8365016	2018	Bovine	cluster_59
SRR8365018	2018	Bovine	cluster_59
SRR8365020	2018	Bovine	cluster_59
SRR8365021	2018	Bovine	cluster_59
SRR8370034	2018	Human	cluster_41
SRR8378718	2018	Bovine	cluster_85
SRR8381570	2018	Bovine	cluster_59
SRR8383978	2018	Human	cluster_27
SRR8384841	2018	Human	cluster_27
SRR8395205	2018	Bovine	cluster_86
SRR8401279	2018	Human	cluster_71
SRR8403995	2018	Chicken	cluster_66
SRR8403997	2018	Chicken	cluster_34
SRR8404118	2018	Chicken	cluster_60
SRR8418758	2018	Human	cluster_52
SRR8418834	2018	Human	cluster_38
SRR8422098	2018	Bovine	cluster_59
SRR8430270	2018	Bovine	cluster_97
SRR8434953	2018	Human	cluster_37
SRR8443513	2018	Human	cluster_71
SRR8464737	2018	Chicken	cluster_66
SRR8464745	2018	Bovine	cluster_59
SRR8469324	2018	Human	cluster_101
SRR8477336	2018	Human	cluster_50
SRR8511160	2019	Human	cluster_38
SRR8545588	2019	Human	cluster_97
SRR8550973	2018	Bovine	cluster_59
SRR8582616	2019	Bovine	cluster_68
SRR8593399	2019	Chicken	cluster_91
SRR8597216	2013	Human	cluster_97
SRR8618825	2019	Human	cluster_57
SRR8641240	2018	Human	singleton_146
SRR8644115	2019	Human	cluster_98
SRR8645721	2019	Human	cluster_97
SRR8650118	2019	Bovine	cluster_59
SRR8699550	2019	Swine	cluster_60
SRR8707434	2019	Bovine	cluster_59
SRR8707983	2018	Human	cluster_27
SRR8723183	2019	Bovine	cluster_97
SRR8731145	Unknown	Human	cluster_97
SRR8731587	2019	Bovine	cluster_59
SRR8734012	2019	Human	cluster_77
SRR8734279	2019	Human	cluster_27
SRR8741935	2019	Human	cluster_101
SRR8745372	2019	Bovine	cluster_59
SRR8751397	2019	Chicken	cluster_63
SRR8754584	2019	Swine	cluster_86
SRR8756653	2018	Human	cluster_59
SRR8784024	2019	Bovine	cluster_91
SRR8786756	2019	Human	cluster_27
SRR8786771	2019	Human	singleton_23
SRR8793131	2019	Human	cluster_27
SRR8800652	2018	Human	cluster_21
SRR8839838	2019	Chicken	cluster_60
SRR8865074	2019	Bovine	cluster_59
SRR8866437	2019	Human	cluster_97
SRR8866664	2019	Human	singleton_36
SRR8878204	2019	Human	cluster_97
SRR8878437	2019	Human	cluster_39
SRR8888275	2019	Human	cluster_40
SRR8926574	2019	Bovine	cluster_59
SRR8926657	2019	Human	cluster_101
SRR8926780	2019	Human	cluster_46
SRR8932756	Unknown	Unspecified Animal	singleton_76
SRR8957015	2019	Chicken	cluster_63
SRR8979013	2019	Human	cluster_64
SRR8991877	2019	Human	cluster_46
SRR8997262	2019	Human	cluster_101
SRR9007197	2019	Human	cluster_46
SRR9007348	2019	Human	singleton_66
SRR9017295	2019	Human	cluster_98
SRR9018330	2018	Human	cluster_71
SRR9059018	2019	Human	cluster_2
SRR9060754	2019	Human	cluster_97
SRR9077701	2019	Human	cluster_52
SRR9105612	2019	Turkey	cluster_8
SRR9106296	2019	Human	singleton_97
SRR9127630	2019	Bovine	cluster_59
SRR9132467	2019	Human	cluster_71
SRR9132595	2019	Human	singleton_106
SRR9137353	2019	Human	cluster_97
SRR9139696	2019	Human	cluster_60
SRR9155750	2019	Human	singleton_134
SRR9158284	2019	Human	cluster_71
SRR9163849	2019	Human	cluster_40
SRR9166889	2019	Human	cluster_97
SRR9166975	2019	Human	cluster_46
SRR9201974	2019	Other Animal	cluster_90
SRR9278656	2019	Unknown	cluster_46
SRR9297260	2019	Swine	cluster_56
SRR9312600	2019	Human	singleton_189
SRR9321931	2019	Human	singleton_160
SRR9323335	2019	Human	cluster_49
SRR9323763	2019	Human	cluster_39
SRR9323794	2019	Human	cluster_101
SRR9331977	2019	Human	cluster_101
SRR9335358	2019	Human	cluster_46
SRR9335369	2019	Human	cluster_46
SRR9335429	2019	Human	cluster_84
SRR9597207	Unknown	Human	singleton_69
SRR9599896	2019	Human	cluster_71
SRR9602991	2019	Bovine	cluster_97
SRR9603363	2019	Human	cluster_71
SRR9611005	2014	Human	singleton_44
SRR9611922	2019	Turkey	cluster_50
SRR9613193	2019	Human	cluster_46
SRR9648229	2019	Bovine	cluster_54
SRR9661606	2014	Human	cluster_97
SRR9699843	2019	Human	cluster_101
SRR9710823	2019	Human	cluster_71
SRR9715846	2019	Bovine	cluster_79
SRR9733858	2019	Human	cluster_97
SRR9734957	2019	Human	cluster_59
SRR9735200	Unknown	Unspecified Animal	cluster_27
SRR9829510	2019	Bovine	cluster_59
SRR9829531	2019	Bovine	cluster_97
SRR9843319	2019	Human	cluster_97
SRR9845443	2019	Bovine	cluster_91
SRR9866304	2019	Human	cluster_77
SRR9886676	2019	Human	singleton_67
SRR9894896	2019	Bovine	cluster_59
SRR9901918	2019	Human	cluster_97
SRR9903251	2019	Human	singleton_124
SRR9943147	2019	Bovine	cluster_101
SRR9965022	Unknown	Unspecified Animal	cluster_27
RS3095	2019	Turkey	cluster_97
RS3105	2020	Turkey	cluster_50
RS3114	2021	Turkey	cluster_88
RS3191	2017	Turkey	cluster_97
