ID	Year	Source	MST-14	MST-47	MST-53	MST-62	MST-77	MST-101	MST-112
SRR10018310	2019	Human	singleton_144	cluster_11	cluster_9	cluster_7	cluster_5	cluster_5	cluster_5
SRR10095598	2019	Human	singleton_11	cluster_9	cluster_8	cluster_5	cluster_4	cluster_3	cluster_3
SRR10164142	2019	Human	singleton_13	cluster_10	cluster_14	cluster_12	cluster_11	cluster_5	cluster_5
SRR10165157	2019	Bovine	cluster_46	cluster_16	cluster_14	cluster_12	cluster_11	cluster_5	cluster_5
SRR10186927	2019	Bovine	singleton_72	cluster_16	cluster_14	cluster_12	cluster_11	cluster_5	cluster_5
SRR10218583	2019	Bovine	cluster_46	cluster_16	cluster_14	cluster_12	cluster_11	cluster_5	cluster_5
SRR10222560	2019	Bovine	singleton_172	cluster_16	cluster_14	cluster_12	cluster_11	cluster_5	cluster_5
SRR10222562	2019	Swine	cluster_23	cluster_16	cluster_14	cluster_12	cluster_11	cluster_5	cluster_5
SRR10222564	2019	Bovine	cluster_46	cluster_16	cluster_14	cluster_12	cluster_11	cluster_5	cluster_5
SRR10222601	2019	Bovine	cluster_46	cluster_16	cluster_14	cluster_12	cluster_11	cluster_5	cluster_5
SRR10222645	2019	Bovine	cluster_46	cluster_16	cluster_14	cluster_12	cluster_11	cluster_5	cluster_5
SRR10222649	2019	Bovine	cluster_46	cluster_16	cluster_14	cluster_12	cluster_11	cluster_5	cluster_5
SRR10246243	2019	Human	cluster_39	cluster_13	cluster_11	cluster_9	cluster_7	cluster_5	cluster_5
SRR10247815	2019	Bovine	singleton_61	cluster_16	cluster_14	cluster_12	cluster_11	cluster_5	cluster_5
SRR10276211	2019	Human	cluster_54	cluster_20	cluster_17	cluster_15	cluster_11	cluster_5	cluster_5
SRR10294126	2019	Human	cluster_54	cluster_20	cluster_17	cluster_15	cluster_11	cluster_5	cluster_5
SRR10309968	2019	Swine	cluster_7	cluster_2	cluster_2	cluster_2	cluster_1	cluster_1	cluster_1
SRR10309969	2019	Swine	cluster_7	cluster_2	cluster_2	cluster_2	cluster_1	cluster_1	cluster_1
SRR10309974	2019	Swine	cluster_7	cluster_2	cluster_2	cluster_2	cluster_1	cluster_1	cluster_1
SRR10309995	2019	Swine	cluster_7	cluster_2	cluster_2	cluster_2	cluster_1	cluster_1	cluster_1
SRR10321179	2018	Human	cluster_54	cluster_20	cluster_17	cluster_15	cluster_11	cluster_5	cluster_5
SRR10326025	2019	Human	cluster_46	cluster_16	cluster_14	cluster_12	cluster_11	cluster_5	cluster_5
SRR10341206	2019	Bovine	cluster_13	cluster_7	cluster_6	cluster_11	cluster_11	cluster_5	cluster_5
SRR10341302	2019	Bovine	cluster_13	cluster_7	cluster_6	cluster_11	cluster_11	cluster_5	cluster_5
SRR10349501	2019	Bovine	cluster_46	cluster_16	cluster_14	cluster_12	cluster_11	cluster_5	cluster_5
SRR10360551	2019	Bovine	singleton_149	cluster_7	cluster_6	cluster_11	cluster_11	cluster_5	cluster_5
SRR10375755	2019	Bovine	singleton_86	cluster_16	cluster_14	cluster_12	cluster_11	cluster_5	cluster_5
SRR10375945	2019	Human	cluster_1	cluster_1	cluster_1	cluster_1	cluster_11	cluster_5	cluster_5
SRR10405349	2019	Human	singleton_196	cluster_20	cluster_17	cluster_15	cluster_11	cluster_5	cluster_5
SRR10691600	2019	Bovine	singleton_66	cluster_16	cluster_14	cluster_12	cluster_11	cluster_5	cluster_5
SRR10734217	2019	Bovine	singleton_69	cluster_16	cluster_14	cluster_12	cluster_11	cluster_5	cluster_5
SRR10734256	2019	Bovine	cluster_38	cluster_16	cluster_14	cluster_12	cluster_11	cluster_5	cluster_5
SRR10738944	2019	Human	cluster_39	cluster_13	cluster_11	cluster_9	cluster_7	cluster_5	cluster_5
SRR10810406	2019	Turkey	cluster_37	cluster_11	cluster_9	cluster_7	cluster_5	cluster_5	cluster_5
SRR10842919	2019	Swine	cluster_6	cluster_7	cluster_6	cluster_11	cluster_11	cluster_5	cluster_5
SRR10871461	2019	Human	singleton_193	cluster_20	cluster_17	cluster_15	cluster_11	cluster_5	cluster_5
SRR10871466	2019	Human	singleton_18	cluster_5	cluster_5	cluster_12	cluster_11	cluster_5	cluster_5
SRR10873185	2019	Bovine	cluster_38	cluster_16	cluster_14	cluster_12	cluster_11	cluster_5	cluster_5
SRR10873186	2019	Bovine	singleton_152	cluster_13	cluster_11	cluster_9	cluster_7	cluster_5	cluster_5
SRR10900538	2019	Human	cluster_1	cluster_1	cluster_1	cluster_1	cluster_11	cluster_5	cluster_5
SRR10953158	2019	Human	singleton_34	cluster_10	cluster_14	cluster_12	cluster_11	cluster_5	cluster_5
SRR11015383	2020	Bovine	singleton_165	cluster_15	cluster_13	cluster_11	cluster_11	cluster_5	cluster_5
SRR11032790	2019	Swine	cluster_7	cluster_2	cluster_2	cluster_2	cluster_1	cluster_1	cluster_1
SRR11032794	2019	Swine	cluster_7	cluster_2	cluster_2	cluster_2	cluster_1	cluster_1	cluster_1
SRR11032803	2019	Swine	singleton_9	cluster_2	cluster_2	cluster_2	cluster_1	cluster_1	cluster_1
SRR11089949	2020	Human	singleton_37	cluster_16	cluster_14	cluster_12	cluster_11	cluster_5	cluster_5
SRR11143711	2020	Human	cluster_11	cluster_3	cluster_3	cluster_12	cluster_11	cluster_5	cluster_5
SRR11189105	2020	Bovine	singleton_109	cluster_10	cluster_14	cluster_12	cluster_11	cluster_5	cluster_5
SRR11196700	2019	Bovine	singleton_163	cluster_16	cluster_14	cluster_12	cluster_11	cluster_5	cluster_5
SRR11214809	2020	Bovine	cluster_35	cluster_16	cluster_14	cluster_12	cluster_11	cluster_5	cluster_5
SRR11311791	2020	Swine	cluster_30	cluster_16	cluster_14	cluster_12	cluster_11	cluster_5	cluster_5
SRR11347199	2020	Bovine	cluster_38	cluster_16	cluster_14	cluster_12	cluster_11	cluster_5	cluster_5
SRR11453045	2020	Bovine	singleton_123	cluster_16	cluster_14	cluster_12	cluster_11	cluster_5	cluster_5
SRR11455845	2020	Human	singleton_137	cluster_16	cluster_14	cluster_12	cluster_11	cluster_5	cluster_5
SRR11937751	2020	Bovine	singleton_1	cluster_3	cluster_3	cluster_12	cluster_11	cluster_5	cluster_5
SRR11950175	2020	Bovine	singleton_126	cluster_16	cluster_14	cluster_12	cluster_11	cluster_5	cluster_5
SRR11973788	2020	Human	cluster_37	cluster_11	cluster_9	cluster_7	cluster_5	cluster_5	cluster_5
SRR11991277	2020	Bovine	singleton_55	cluster_16	cluster_14	cluster_12	cluster_11	cluster_5	cluster_5
SRR12026728	2020	Human	singleton_192	cluster_20	cluster_17	cluster_15	cluster_11	cluster_5	cluster_5
SRR12073509	2020	Bovine	cluster_38	cluster_16	cluster_14	cluster_12	cluster_11	cluster_5	cluster_5
SRR12188948	2020	Bovine	cluster_4	cluster_7	cluster_6	cluster_11	cluster_11	cluster_5	cluster_5
SRR12192720	2020	Human	singleton_21	cluster_3	cluster_3	cluster_12	cluster_11	cluster_5	cluster_5
SRR12272961	2020	Sheep/Goat	singleton_93	cluster_16	cluster_14	cluster_12	cluster_11	cluster_5	cluster_5
SRR12283143	2020	Human	singleton_115	cluster_20	cluster_17	cluster_15	cluster_11	cluster_5	cluster_5
SRR12362681	2020	Bovine	singleton_75	cluster_16	cluster_14	cluster_12	cluster_11	cluster_5	cluster_5
SRR12362685	2020	Bovine	cluster_46	cluster_16	cluster_14	cluster_12	cluster_11	cluster_5	cluster_5
SRR12362740	2020	Bovine	singleton_146	singleton_10	singleton_8	singleton_5	singleton_2	singleton_1	cluster_5
SRR12395474	2020	Bovine	cluster_38	cluster_16	cluster_14	cluster_12	cluster_11	cluster_5	cluster_5
SRR12424649	2020	Bovine	cluster_30	cluster_16	cluster_14	cluster_12	cluster_11	cluster_5	cluster_5
SRR12424654	2020	Bovine	singleton_211	cluster_20	cluster_17	cluster_15	cluster_11	cluster_5	cluster_5
SRR12455702	2020	Bovine	cluster_60	cluster_20	cluster_17	cluster_15	cluster_11	cluster_5	cluster_5
SRR12472331	2020	Swine	cluster_4	cluster_7	cluster_6	cluster_11	cluster_11	cluster_5	cluster_5
SRR12486805	2020	Bovine	cluster_18	cluster_16	cluster_14	cluster_12	cluster_11	cluster_5	cluster_5
SRR12487665	2020	Bovine	cluster_38	cluster_16	cluster_14	cluster_12	cluster_11	cluster_5	cluster_5
SRR12513969	2020	Human	singleton_41	cluster_16	cluster_14	cluster_12	cluster_11	cluster_5	cluster_5
SRR12551008	2020	Bovine	singleton_100	cluster_16	cluster_14	cluster_12	cluster_11	cluster_5	cluster_5
SRR12594931	2020	Bovine	singleton_171	cluster_16	cluster_14	cluster_12	cluster_11	cluster_5	cluster_5
SRR12602020	2020	Bovine	cluster_18	cluster_16	cluster_14	cluster_12	cluster_11	cluster_5	cluster_5
SRR12699719	2020	Bovine	cluster_2	cluster_3	cluster_3	cluster_12	cluster_11	cluster_5	cluster_5
SRR12699721	2020	Bovine	cluster_2	cluster_3	cluster_3	cluster_12	cluster_11	cluster_5	cluster_5
SRR12717969	2020	Bovine	cluster_6	cluster_7	cluster_6	cluster_11	cluster_11	cluster_5	cluster_5
SRR12749478	2020	Bovine	singleton_122	cluster_16	cluster_14	cluster_12	cluster_11	cluster_5	cluster_5
SRR12766658	2020	Human	singleton_200	cluster_20	cluster_17	cluster_15	cluster_11	cluster_5	cluster_5
SRR12817660	2020	Bovine	singleton_183	cluster_18	cluster_15	cluster_13	cluster_9	cluster_5	cluster_5
SRR12845061	2020	Human	singleton_201	cluster_20	cluster_17	cluster_15	cluster_11	cluster_5	cluster_5
SRR12850745	2020	Human	cluster_39	cluster_13	cluster_11	cluster_9	cluster_7	cluster_5	cluster_5
SRR12926465	2020	Bovine	singleton_119	cluster_8	cluster_7	cluster_4	cluster_3	cluster_2	cluster_2
SRR12971359	2020	Bovine	singleton_132	cluster_16	cluster_14	cluster_12	cluster_11	cluster_5	cluster_5
SRR12971459	2020	Bovine	singleton_22	cluster_3	cluster_3	cluster_12	cluster_11	cluster_5	cluster_5
SRR12971492	2020	Sheep/Goat	singleton_95	cluster_16	cluster_14	cluster_12	cluster_11	cluster_5	cluster_5
SRR13017830	2020	Turkey	cluster_37	cluster_11	cluster_9	cluster_7	cluster_5	cluster_5	cluster_5
SRR13201158	2020	Human	cluster_4	cluster_7	cluster_6	cluster_11	cluster_11	cluster_5	cluster_5
SRR13271347	2020	Swine	singleton_31	cluster_7	cluster_6	cluster_11	cluster_11	cluster_5	cluster_5
SRR13296977	2020	Human	cluster_57	cluster_20	cluster_17	cluster_15	cluster_11	cluster_5	cluster_5
SRR13338225	2020	Bovine	cluster_16	cluster_6	cluster_14	cluster_12	cluster_11	cluster_5	cluster_5
SRR13498991	2021	Swine	cluster_8	cluster_17	cluster_14	cluster_12	cluster_11	cluster_5	cluster_5
SRR13500286	2020	Swine	cluster_8	cluster_17	cluster_14	cluster_12	cluster_11	cluster_5	cluster_5
SRR13508692	2020	Swine	singleton_180	cluster_7	cluster_6	cluster_11	cluster_11	cluster_5	cluster_5
SRR13510906	2019	Human	singleton_207	cluster_20	cluster_17	cluster_15	cluster_11	cluster_5	cluster_5
SRR13573528	2021	Bovine	singleton_32	cluster_17	cluster_14	cluster_12	cluster_11	cluster_5	cluster_5
SRR13593706	2020	Bovine	singleton_111	cluster_16	cluster_14	cluster_12	cluster_11	cluster_5	cluster_5
SRR13593767	2021	Swine	cluster_8	cluster_17	cluster_14	cluster_12	cluster_11	cluster_5	cluster_5
SRR13606126	2021	Human	singleton_154	cluster_13	cluster_11	cluster_9	cluster_7	cluster_5	cluster_5
SRR13635069	2021	Human	cluster_57	cluster_20	cluster_17	cluster_15	cluster_11	cluster_5	cluster_5
SRR13641933	2021	Bovine	singleton_104	cluster_16	cluster_14	cluster_12	cluster_11	cluster_5	cluster_5
SRR13690581	2021	Bovine	cluster_33	cluster_16	cluster_14	cluster_12	cluster_11	cluster_5	cluster_5
SRR13717514	2021	Swine	cluster_23	cluster_16	cluster_14	cluster_12	cluster_11	cluster_5	cluster_5
SRR13733416	2021	Bovine	cluster_24	cluster_16	cluster_14	cluster_12	cluster_11	cluster_5	cluster_5
SRR13753098	2021	Human	cluster_11	cluster_3	cluster_3	cluster_12	cluster_11	cluster_5	cluster_5
SRR13784827	2021	Turkey	cluster_37	cluster_11	cluster_9	cluster_7	cluster_5	cluster_5	cluster_5
SRR13867541	2021	Swine	cluster_4	cluster_7	cluster_6	cluster_11	cluster_11	cluster_5	cluster_5
SRR14207910	2021	Turkey	singleton_143	cluster_11	cluster_9	cluster_7	cluster_5	cluster_5	cluster_5
SRR14263296	2021	Bovine	cluster_34	cluster_16	cluster_14	cluster_12	cluster_11	cluster_5	cluster_5
SRR14263297	2021	Bovine	cluster_34	cluster_16	cluster_14	cluster_12	cluster_11	cluster_5	cluster_5
SRR14306315	2021	Bovine	cluster_49	cluster_16	cluster_14	cluster_12	cluster_11	cluster_5	cluster_5
SRR14323426	2021	Swine	singleton_179	cluster_7	cluster_6	cluster_11	cluster_11	cluster_5	cluster_5
SRR14327628	2021	Human	singleton_139	singleton_8	singleton_6	cluster_6	cluster_11	cluster_5	cluster_5
SRR14351994	2020	Human	singleton_5	cluster_7	cluster_6	cluster_11	cluster_11	cluster_5	cluster_5
SRR14419438	2021	Human	singleton_91	cluster_16	cluster_14	cluster_12	cluster_11	cluster_5	cluster_5
SRR14481127	2021	Bovine	singleton_96	cluster_16	cluster_14	cluster_12	cluster_11	cluster_5	cluster_5
SRR14547571	2021	Human	singleton_26	cluster_10	cluster_14	cluster_12	cluster_11	cluster_5	cluster_5
SRR14631925	2021	Human	singleton_33	cluster_17	cluster_14	cluster_12	cluster_11	cluster_5	cluster_5
SRR14820297	2021	Human	singleton_153	cluster_13	cluster_11	cluster_9	cluster_7	cluster_5	cluster_5
SRR14872126	2021	Human	cluster_15	cluster_5	cluster_5	cluster_12	cluster_11	cluster_5	cluster_5
SRR14873694	2021	Human	singleton_208	cluster_19	cluster_16	cluster_14	cluster_10	cluster_4	cluster_4
SRR14994008	2021	Human	cluster_5	cluster_7	cluster_6	cluster_11	cluster_11	cluster_5	cluster_5
SRR15090142	2021	Swine	cluster_4	cluster_7	cluster_6	cluster_11	cluster_11	cluster_5	cluster_5
SRR15137885	2021	Bovine	cluster_46	cluster_16	cluster_14	cluster_12	cluster_11	cluster_5	cluster_5
SRR15142460	2021	Human	cluster_52	cluster_20	cluster_17	cluster_15	cluster_11	cluster_5	cluster_5
SRR15185773	2021	Bovine	singleton_176	cluster_16	cluster_14	cluster_12	cluster_11	cluster_5	cluster_5
SRR15202734	2021	Human	cluster_52	cluster_20	cluster_17	cluster_15	cluster_11	cluster_5	cluster_5
SRR15249249	2021	Bovine	singleton_174	cluster_16	cluster_14	cluster_12	cluster_11	cluster_5	cluster_5
SRR15300629	2021	Human	cluster_15	cluster_5	cluster_5	cluster_12	cluster_11	cluster_5	cluster_5
SRR15343376	2021	Human	cluster_39	cluster_13	cluster_11	cluster_9	cluster_7	cluster_5	cluster_5
SRR15355281	2021	Human	cluster_50	cluster_20	cluster_17	cluster_15	cluster_11	cluster_5	cluster_5
SRR15673013	2021	Bovine	singleton_89	cluster_16	cluster_14	cluster_12	cluster_11	cluster_5	cluster_5
SRR15681036	2021	Bovine	singleton_178	cluster_14	cluster_12	cluster_10	cluster_8	cluster_5	cluster_5
SRR15879377	2021	Human	cluster_39	cluster_13	cluster_11	cluster_9	cluster_7	cluster_5	cluster_5
SRR15904669	2021	Bovine	cluster_38	cluster_16	cluster_14	cluster_12	cluster_11	cluster_5	cluster_5
SRR15942485	2021	Human	cluster_10	cluster_3	cluster_3	cluster_12	cluster_11	cluster_5	cluster_5
SRR15987195	2021	Human	cluster_10	cluster_3	cluster_3	cluster_12	cluster_11	cluster_5	cluster_5
SRR16097027	2021	Human	cluster_12	cluster_10	cluster_14	cluster_12	cluster_11	cluster_5	cluster_5
SRR16099331	2021	Bovine	cluster_36	cluster_16	cluster_14	cluster_12	cluster_11	cluster_5	cluster_5
SRR16173675	2021	Bovine	cluster_49	cluster_16	cluster_14	cluster_12	cluster_11	cluster_5	cluster_5
SRR16186762	2021	Human	cluster_5	cluster_7	cluster_6	cluster_11	cluster_11	cluster_5	cluster_5
SRR16248293	2021	Bovine	singleton_133	cluster_16	cluster_14	cluster_12	cluster_11	cluster_5	cluster_5
SRR16291039	2021	Human	cluster_11	cluster_3	cluster_3	cluster_12	cluster_11	cluster_5	cluster_5
SRR16304119	2021	Human	cluster_39	cluster_13	cluster_11	cluster_9	cluster_7	cluster_5	cluster_5
SRR16316961	2021	Bovine	cluster_46	cluster_16	cluster_14	cluster_12	cluster_11	cluster_5	cluster_5
SRR16442287	2021	Human	singleton_60	cluster_16	cluster_14	cluster_12	cluster_11	cluster_5	cluster_5
SRR16632205	2021	Bovine	cluster_38	cluster_16	cluster_14	cluster_12	cluster_11	cluster_5	cluster_5
SRR16677026	2021	Human	singleton_112	cluster_16	cluster_14	cluster_12	cluster_11	cluster_5	cluster_5
SRR16680953	2021	Bovine	singleton_175	cluster_16	cluster_14	cluster_12	cluster_11	cluster_5	cluster_5
SRR16765600	2021	Bovine	singleton_170	cluster_16	cluster_14	cluster_12	cluster_11	cluster_5	cluster_5
SRR16952446	2021	Human	cluster_52	cluster_20	cluster_17	cluster_15	cluster_11	cluster_5	cluster_5
SRR17007604	2021	Human	cluster_11	cluster_3	cluster_3	cluster_12	cluster_11	cluster_5	cluster_5
SRR17023785	2021	Bovine	cluster_4	cluster_7	cluster_6	cluster_11	cluster_11	cluster_5	cluster_5
SRR17144042	2021	Human	cluster_4	cluster_7	cluster_6	cluster_11	cluster_11	cluster_5	cluster_5
SRR17157372	2021	Bovine	cluster_46	cluster_16	cluster_14	cluster_12	cluster_11	cluster_5	cluster_5
SRR17157896	2021	Bovine	cluster_46	cluster_16	cluster_14	cluster_12	cluster_11	cluster_5	cluster_5
SRR17218246	2021	Swine	singleton_63	cluster_16	cluster_14	cluster_12	cluster_11	cluster_5	cluster_5
SRR17297877	2021	Human	cluster_38	cluster_16	cluster_14	cluster_12	cluster_11	cluster_5	cluster_5
SRR17377324	2021	Human	singleton_35	cluster_10	cluster_14	cluster_12	cluster_11	cluster_5	cluster_5
SRR17398093	2021	Human	cluster_38	cluster_16	cluster_14	cluster_12	cluster_11	cluster_5	cluster_5
SRR17431928	2021	Human	cluster_56	cluster_20	cluster_17	cluster_15	cluster_11	cluster_5	cluster_5
SRR17772862	2022	Human	cluster_39	cluster_13	cluster_11	cluster_9	cluster_7	cluster_5	cluster_5
SRR17916260	2021	Bovine	cluster_16	cluster_6	cluster_14	cluster_12	cluster_11	cluster_5	cluster_5
SRR18019593	2022	Human	singleton_156	cluster_13	cluster_11	cluster_9	cluster_7	cluster_5	cluster_5
SRR18063226	2022	Human	cluster_39	cluster_13	cluster_11	cluster_9	cluster_7	cluster_5	cluster_5
SRR18220452	2022	Swine	singleton_142	cluster_11	cluster_9	cluster_7	cluster_5	cluster_5	cluster_5
SRR18327099	2021	Human	cluster_56	cluster_20	cluster_17	cluster_15	cluster_11	cluster_5	cluster_5
SRR18741131	2022	Bovine	cluster_36	cluster_16	cluster_14	cluster_12	cluster_11	cluster_5	cluster_5
SRR18769570	2022	Bovine	cluster_36	cluster_16	cluster_14	cluster_12	cluster_11	cluster_5	cluster_5
SRR18795914	2022	Human	singleton_74	cluster_16	cluster_14	cluster_12	cluster_11	cluster_5	cluster_5
SRR18909269	2022	Bovine	singleton_134	cluster_16	cluster_14	cluster_12	cluster_11	cluster_5	cluster_5
SRR18915699	2022	Bovine	singleton_83	cluster_16	cluster_14	cluster_12	cluster_11	cluster_5	cluster_5
SRR19039111	2022	Human	cluster_4	cluster_7	cluster_6	cluster_11	cluster_11	cluster_5	cluster_5
SRR19154602	2022	Human	cluster_9	cluster_3	cluster_3	cluster_12	cluster_11	cluster_5	cluster_5
SRR19241170	2022	Human	cluster_9	cluster_3	cluster_3	cluster_12	cluster_11	cluster_5	cluster_5
SRR19358573	2022	Sheep/Goat	singleton_30	cluster_4	cluster_4	cluster_3	cluster_2	cluster_5	cluster_5
SRR19512923	2022	Human	singleton_202	cluster_20	cluster_17	cluster_15	cluster_11	cluster_5	cluster_5
SRR19545385	2022	Human	singleton_12	singleton_2	cluster_14	cluster_12	cluster_11	cluster_5	cluster_5
SRR19635748	2022	Human	singleton_17	cluster_10	cluster_14	cluster_12	cluster_11	cluster_5	cluster_5
SRR20020268	2022	Human	cluster_58	cluster_20	cluster_17	cluster_15	cluster_11	cluster_5	cluster_5
SRR20308955	2022	Bovine	singleton_70	cluster_16	cluster_14	cluster_12	cluster_11	cluster_5	cluster_5
SRR20428494	2022	Swine	cluster_11	cluster_3	cluster_3	cluster_12	cluster_11	cluster_5	cluster_5
SRR20964387	2022	Swine	singleton_127	cluster_16	cluster_14	cluster_12	cluster_11	cluster_5	cluster_5
SRR20964388	2022	Bovine	singleton_84	cluster_16	cluster_14	cluster_12	cluster_11	cluster_5	cluster_5
SRR21025690	2022	Bovine	cluster_43	cluster_16	cluster_14	cluster_12	cluster_11	cluster_5	cluster_5
SRR21025691	2022	Bovine	cluster_43	cluster_16	cluster_14	cluster_12	cluster_11	cluster_5	cluster_5
SRR21025693	2022	Bovine	cluster_43	cluster_16	cluster_14	cluster_12	cluster_11	cluster_5	cluster_5
SRR21025695	2022	Bovine	cluster_43	cluster_16	cluster_14	cluster_12	cluster_11	cluster_5	cluster_5
SRR21025696	2022	Bovine	cluster_43	cluster_16	cluster_14	cluster_12	cluster_11	cluster_5	cluster_5
SRR21025697	2022	Bovine	cluster_43	cluster_16	cluster_14	cluster_12	cluster_11	cluster_5	cluster_5
SRR21025698	2022	Bovine	cluster_43	cluster_16	cluster_14	cluster_12	cluster_11	cluster_5	cluster_5
SRR21025703	2022	Bovine	cluster_43	cluster_16	cluster_14	cluster_12	cluster_11	cluster_5	cluster_5
SRR21025704	2022	Bovine	cluster_43	cluster_16	cluster_14	cluster_12	cluster_11	cluster_5	cluster_5
SRR21025705	2022	Bovine	cluster_43	cluster_16	cluster_14	cluster_12	cluster_11	cluster_5	cluster_5
SRR21025708	2022	Bovine	cluster_43	cluster_16	cluster_14	cluster_12	cluster_11	cluster_5	cluster_5
SRR21068985	2022	Bovine	cluster_48	cluster_16	cluster_14	cluster_12	cluster_11	cluster_5	cluster_5
SRR21068992	2022	Bovine	cluster_48	cluster_16	cluster_14	cluster_12	cluster_11	cluster_5	cluster_5
SRR21083381	2022	Bovine	cluster_43	cluster_16	cluster_14	cluster_12	cluster_11	cluster_5	cluster_5
SRR21083406	2022	Bovine	cluster_43	cluster_16	cluster_14	cluster_12	cluster_11	cluster_5	cluster_5
SRR21083426	2022	Bovine	cluster_43	cluster_16	cluster_14	cluster_12	cluster_11	cluster_5	cluster_5
SRR21138350	2022	Bovine	cluster_42	cluster_16	cluster_14	cluster_12	cluster_11	cluster_5	cluster_5
SRR21186321	2022	Human	singleton_10	cluster_2	cluster_2	cluster_2	cluster_1	cluster_1	cluster_1
SRR21190445	2022	Bovine	cluster_4	cluster_7	cluster_6	cluster_11	cluster_11	cluster_5	cluster_5
SRR21303681	2022	Bovine	cluster_46	cluster_16	cluster_14	cluster_12	cluster_11	cluster_5	cluster_5
SRR21533461	2022	Bovine	singleton_88	cluster_16	cluster_14	cluster_12	cluster_11	cluster_5	cluster_5
SRR21546250	2022	Human	cluster_58	cluster_20	cluster_17	cluster_15	cluster_11	cluster_5	cluster_5
SRR21562647	2022	Bovine	cluster_31	cluster_16	cluster_14	cluster_12	cluster_11	cluster_5	cluster_5
SRR21629864	2022	Human	singleton_67	cluster_16	cluster_14	cluster_12	cluster_11	cluster_5	cluster_5
SRR21763238	2022	Bovine	singleton_82	cluster_16	cluster_14	cluster_12	cluster_11	cluster_5	cluster_5
SRR21817667	2022	Bovine	singleton_162	cluster_16	cluster_14	cluster_12	cluster_11	cluster_5	cluster_5
SRR21862441	2022	Human	singleton_159	cluster_13	cluster_11	cluster_9	cluster_7	cluster_5	cluster_5
SRR21937396	2022	Human	cluster_58	cluster_20	cluster_17	cluster_15	cluster_11	cluster_5	cluster_5
SRR21975926	2022	Human	singleton_194	cluster_20	cluster_17	cluster_15	cluster_11	cluster_5	cluster_5
SRR21979337	2022	Bovine	cluster_28	cluster_16	cluster_14	cluster_12	cluster_11	cluster_5	cluster_5
SRR22051287	2022	Human	singleton_150	cluster_13	cluster_11	cluster_9	cluster_7	cluster_5	cluster_5
SRR22077935	2022	Human	cluster_4	cluster_7	cluster_6	cluster_11	cluster_11	cluster_5	cluster_5
SRR22102783	2022	Swine	singleton_141	cluster_11	cluster_9	cluster_7	cluster_5	cluster_5	cluster_5
SRR22274125	2022	Bovine	cluster_46	cluster_16	cluster_14	cluster_12	cluster_11	cluster_5	cluster_5
SRR22274144	2022	Bovine	singleton_168	cluster_16	cluster_14	cluster_12	cluster_11	cluster_5	cluster_5
SRR22302938	2022	Bovine	cluster_4	cluster_7	cluster_6	cluster_11	cluster_11	cluster_5	cluster_5
SRR2239753	2015	Bovine	singleton_106	cluster_16	cluster_14	cluster_12	cluster_11	cluster_5	cluster_5
SRR22398814	2022	Bovine	singleton_188	cluster_20	cluster_17	cluster_15	cluster_11	cluster_5	cluster_5
SRR2239956	2015	Bovine	singleton_147	cluster_14	cluster_12	cluster_10	cluster_8	cluster_5	cluster_5
SRR22535910	2022	Bovine	cluster_42	cluster_16	cluster_14	cluster_12	cluster_11	cluster_5	cluster_5
SRR22708487	2022	Human	cluster_39	cluster_13	cluster_11	cluster_9	cluster_7	cluster_5	cluster_5
SRR22708499	2022	Human	singleton_189	cluster_20	cluster_17	cluster_15	cluster_11	cluster_5	cluster_5
SRR22829084	2022	Human	cluster_3	cluster_3	cluster_3	cluster_12	cluster_11	cluster_5	cluster_5
SRR22840999	2022	Human	singleton_49	cluster_16	cluster_14	cluster_12	cluster_11	cluster_5	cluster_5
SRR22850652	2022	Bovine	cluster_11	cluster_3	cluster_3	cluster_12	cluster_11	cluster_5	cluster_5
SRR22880875	2022	Human	cluster_38	cluster_16	cluster_14	cluster_12	cluster_11	cluster_5	cluster_5
SRR22955387	2022	Swine	singleton_14	cluster_17	cluster_14	cluster_12	cluster_11	cluster_5	cluster_5
SRR23010768	2022	Bovine	singleton_164	cluster_16	cluster_14	cluster_12	cluster_11	cluster_5	cluster_5
SRR23062219	2022	Bovine	cluster_11	cluster_3	cluster_3	cluster_12	cluster_11	cluster_5	cluster_5
SRR23112545	2022	Human	singleton_38	cluster_16	cluster_14	cluster_12	cluster_11	cluster_5	cluster_5
SRR23194381	2022	Human	cluster_26	cluster_16	cluster_14	cluster_12	cluster_11	cluster_5	cluster_5
SRR23237632	2023	Human	singleton_19	cluster_5	cluster_5	cluster_12	cluster_11	cluster_5	cluster_5
SRR23476215	2023	Swine	singleton_79	cluster_16	cluster_14	cluster_12	cluster_11	cluster_5	cluster_5
SRR23477462	2023	Human	singleton_203	cluster_20	cluster_17	cluster_15	cluster_11	cluster_5	cluster_5
SRR23494909	2022	Human	singleton_166	cluster_15	cluster_13	cluster_11	cluster_11	cluster_5	cluster_5
SRR23510671	2023	Human	singleton_140	singleton_9	singleton_7	singleton_4	cluster_11	cluster_5	cluster_5
SRR23513879	2023	Human	cluster_6	cluster_7	cluster_6	cluster_11	cluster_11	cluster_5	cluster_5
SRR23686615	2023	Swine	cluster_11	cluster_3	cluster_3	cluster_12	cluster_11	cluster_5	cluster_5
SRR23702705	2023	Bovine	singleton_78	cluster_16	cluster_14	cluster_12	cluster_11	cluster_5	cluster_5
SRR23720802	2023	Human	singleton_206	cluster_20	cluster_17	cluster_15	cluster_11	cluster_5	cluster_5
SRR23878026	2023	Human	cluster_46	cluster_16	cluster_14	cluster_12	cluster_11	cluster_5	cluster_5
SRR24316146	2023	Human	singleton_197	cluster_20	cluster_17	cluster_15	cluster_11	cluster_5	cluster_5
SRR24694973	2023	Human	singleton_205	cluster_20	cluster_17	cluster_15	cluster_11	cluster_5	cluster_5
SRR24829333	2023	Human	cluster_39	cluster_13	cluster_11	cluster_9	cluster_7	cluster_5	cluster_5
SRR25029700	2023	Human	cluster_26	cluster_16	cluster_14	cluster_12	cluster_11	cluster_5	cluster_5
SRR25116080	2023	Human	cluster_46	cluster_16	cluster_14	cluster_12	cluster_11	cluster_5	cluster_5
SRR25118280	2023	Human	singleton_191	cluster_20	cluster_17	cluster_15	cluster_11	cluster_5	cluster_5
SRR25175899	2023	Bovine	singleton_158	cluster_14	cluster_12	cluster_10	cluster_8	cluster_5	cluster_5
SRR25304694	2023	Swine	cluster_19	cluster_16	cluster_14	cluster_12	cluster_11	cluster_5	cluster_5
SRR25441025	2023	Human	cluster_52	cluster_20	cluster_17	cluster_15	cluster_11	cluster_5	cluster_5
SRR25493371	2023	Human	singleton_138	singleton_7	singleton_5	cluster_6	cluster_11	cluster_5	cluster_5
SRR25507261	2023	Bovine	singleton_76	cluster_16	cluster_14	cluster_12	cluster_11	cluster_5	cluster_5
SRR25601473	2023	Bovine	cluster_43	cluster_16	cluster_14	cluster_12	cluster_11	cluster_5	cluster_5
SRR25684998	2023	Human	singleton_151	cluster_16	cluster_14	cluster_12	cluster_11	cluster_5	cluster_5
SRR26089738	2023	Human	singleton_85	cluster_16	cluster_14	cluster_12	cluster_11	cluster_5	cluster_5
SRR26133806	2023	Human	cluster_39	cluster_13	cluster_11	cluster_9	cluster_7	cluster_5	cluster_5
SRR26175940	2023	Human	singleton_105	cluster_16	cluster_14	cluster_12	cluster_11	cluster_5	cluster_5
SRR26265215	2023	Bovine	singleton_113	cluster_16	cluster_14	cluster_12	cluster_11	cluster_5	cluster_5
SRR26288170	2023	Bovine	singleton_27	cluster_3	cluster_3	cluster_12	cluster_11	cluster_5	cluster_5
SRR26312807	2023	Bovine	singleton_114	cluster_16	cluster_14	cluster_12	cluster_11	cluster_5	cluster_5
SRR26368712	2023	Bovine	singleton_2	cluster_3	cluster_3	cluster_12	cluster_11	cluster_5	cluster_5
SRR26512630	2023	Human	singleton_6	singleton_1	singleton_1	cluster_10	cluster_8	cluster_5	cluster_5
SRR26584126	2023	Bovine	cluster_4	cluster_7	cluster_6	cluster_11	cluster_11	cluster_5	cluster_5
SRR26639505	2023	Human	cluster_12	cluster_10	cluster_14	cluster_12	cluster_11	cluster_5	cluster_5
SRR26639707	Unknown	Unspecified Animal	cluster_40	cluster_13	cluster_11	cluster_9	cluster_7	cluster_5	cluster_5
SRR26639709	2023	Human	cluster_40	cluster_13	cluster_11	cluster_9	cluster_7	cluster_5	cluster_5
SRR26804502	2023	Human	singleton_7	cluster_14	cluster_12	cluster_10	cluster_8	cluster_5	cluster_5
SRR26989693	2023	Human	singleton_157	cluster_13	cluster_11	cluster_9	cluster_7	cluster_5	cluster_5
SRR27042775	2023	Human	cluster_3	cluster_3	cluster_3	cluster_12	cluster_11	cluster_5	cluster_5
SRR27283889	2023	Human	cluster_19	cluster_16	cluster_14	cluster_12	cluster_11	cluster_5	cluster_5
SRR27305747	2023	Human	cluster_55	cluster_20	cluster_17	cluster_15	cluster_11	cluster_5	cluster_5
SRR27311814	2023	Bovine	singleton_44	cluster_7	cluster_6	cluster_11	cluster_11	cluster_5	cluster_5
SRR27351873	2023	Human	cluster_51	cluster_20	cluster_17	cluster_15	cluster_11	cluster_5	cluster_5
SRR27398407	2023	Human	singleton_190	cluster_20	cluster_17	cluster_15	cluster_11	cluster_5	cluster_5
SRR27398457	2023	Human	cluster_51	cluster_20	cluster_17	cluster_15	cluster_11	cluster_5	cluster_5
SRR27408370	2023	Human	cluster_55	cluster_20	cluster_17	cluster_15	cluster_11	cluster_5	cluster_5
SRR27701130	2023	Human	singleton_155	cluster_13	cluster_11	cluster_9	cluster_7	cluster_5	cluster_5
SRR27919072	2024	Chicken	singleton_92	cluster_16	cluster_14	cluster_12	cluster_11	cluster_5	cluster_5
SRR28053611	2024	Bovine	singleton_43	cluster_7	cluster_6	cluster_11	cluster_11	cluster_5	cluster_5
SRR28146513	2024	Human	singleton_68	cluster_16	cluster_14	cluster_12	cluster_11	cluster_5	cluster_5
SRR28165582	2024	Bovine	singleton_94	cluster_16	cluster_14	cluster_12	cluster_11	cluster_5	cluster_5
SRR28274835	2023	Unspecified Animal	singleton_131	cluster_16	cluster_14	cluster_12	cluster_11	cluster_5	cluster_5
SRR28292746	2024	Human	singleton_46	singleton_4	singleton_2	singleton_1	cluster_11	cluster_5	cluster_5
SRR28373950	2024	Bovine	singleton_173	cluster_16	cluster_14	cluster_12	cluster_11	cluster_5	cluster_5
SRR28439506	2024	Human	singleton_28	cluster_3	cluster_3	cluster_12	cluster_11	cluster_5	cluster_5
SRR2959731	2015	Bovine	singleton_8	cluster_20	cluster_17	cluster_15	cluster_11	cluster_5	cluster_5
SRR3062690	2015	Bovine	singleton_148	cluster_12	cluster_10	cluster_8	cluster_6	cluster_5	cluster_5
SRR3170064	2016	Swine	cluster_11	cluster_3	cluster_3	cluster_12	cluster_11	cluster_5	cluster_5
SRR3170073	2016	Bovine	singleton_48	cluster_16	cluster_14	cluster_12	cluster_11	cluster_5	cluster_5
SRR3180052	2015	Bovine	singleton_64	cluster_16	cluster_14	cluster_12	cluster_11	cluster_5	cluster_5
SRR3184118	2016	Bovine	singleton_108	cluster_16	cluster_14	cluster_12	cluster_11	cluster_5	cluster_5
SRR3199688	2016	Bovine	cluster_35	cluster_16	cluster_14	cluster_12	cluster_11	cluster_5	cluster_5
SRR3322979	2016	Bovine	cluster_35	cluster_16	cluster_14	cluster_12	cluster_11	cluster_5	cluster_5
SRR3402077	2016	Swine	cluster_11	cluster_3	cluster_3	cluster_12	cluster_11	cluster_5	cluster_5
SRR3475846	2016	Bovine	singleton_136	cluster_16	cluster_14	cluster_12	cluster_11	cluster_5	cluster_5
SRR3618588	2016	Swine	cluster_11	cluster_3	cluster_3	cluster_12	cluster_11	cluster_5	cluster_5
SRR3933686	2011	Human	singleton_118	singleton_5	singleton_3	singleton_2	singleton_1	cluster_3	cluster_3
SRR3953264	2016	Swine	cluster_38	cluster_16	cluster_14	cluster_12	cluster_11	cluster_5	cluster_5
SRR3981186	2016	Bovine	singleton_3	cluster_7	cluster_6	cluster_11	cluster_11	cluster_5	cluster_5
SRR3995881	2016	Bovine	cluster_24	cluster_16	cluster_14	cluster_12	cluster_11	cluster_5	cluster_5
SRR4005282	2016	Bovine	singleton_20	cluster_16	cluster_14	cluster_12	cluster_11	cluster_5	cluster_5
SRR4018345	2016	Swine	cluster_37	cluster_11	cluster_9	cluster_7	cluster_5	cluster_5	cluster_5
SRR4065744	2016	Bovine	cluster_27	cluster_16	cluster_14	cluster_12	cluster_11	cluster_5	cluster_5
SRR4066083	2016	Swine	singleton_99	cluster_16	cluster_14	cluster_12	cluster_11	cluster_5	cluster_5
SRR4106372	2016	Bovine	cluster_35	cluster_16	cluster_14	cluster_12	cluster_11	cluster_5	cluster_5
SRR4252425	2016	Bovine	cluster_27	cluster_16	cluster_14	cluster_12	cluster_11	cluster_5	cluster_5
SRR4281397	2016	Swine	cluster_21	cluster_16	cluster_14	cluster_12	cluster_11	cluster_5	cluster_5
SRR4281421	2016	Bovine	singleton_53	cluster_16	cluster_14	cluster_12	cluster_11	cluster_5	cluster_5
SRR4288731	2016	Bovine	cluster_4	cluster_7	cluster_6	cluster_11	cluster_11	cluster_5	cluster_5
SRR4434214	2016	Other	singleton_90	cluster_16	cluster_14	cluster_12	cluster_11	cluster_5	cluster_5
SRR5044923	2016	Swine	cluster_17	cluster_16	cluster_14	cluster_12	cluster_11	cluster_5	cluster_5
SRR5091848	2016	Bovine	singleton_56	cluster_16	cluster_14	cluster_12	cluster_11	cluster_5	cluster_5
SRR5091853	2016	Bovine	singleton_185	cluster_18	cluster_15	cluster_13	cluster_9	cluster_5	cluster_5
SRR5121570	2016	Bovine	cluster_46	cluster_16	cluster_14	cluster_12	cluster_11	cluster_5	cluster_5
SRR5182324	2016	Swine	singleton_36	singleton_3	cluster_14	cluster_12	cluster_11	cluster_5	cluster_5
SRR5203867	2016	Bovine	cluster_35	cluster_16	cluster_14	cluster_12	cluster_11	cluster_5	cluster_5
SRR5235500	2017	Swine	cluster_25	cluster_16	cluster_14	cluster_12	cluster_11	cluster_5	cluster_5
SRR5297320	2017	Swine	cluster_21	cluster_16	cluster_14	cluster_12	cluster_11	cluster_5	cluster_5
SRR5376280	2017	Bovine	singleton_45	cluster_15	cluster_13	cluster_11	cluster_11	cluster_5	cluster_5
SRR5387051	2016	Human	cluster_46	cluster_16	cluster_14	cluster_12	cluster_11	cluster_5	cluster_5
SRR5436969	2017	Human	cluster_29	cluster_16	cluster_14	cluster_12	cluster_11	cluster_5	cluster_5
SRR5470969	2017	Swine	cluster_25	cluster_16	cluster_14	cluster_12	cluster_11	cluster_5	cluster_5
SRR5605766	2017	Human	singleton_101	cluster_16	cluster_14	cluster_12	cluster_11	cluster_5	cluster_5
SRR5605825	2017	Human	singleton_40	cluster_16	cluster_14	cluster_12	cluster_11	cluster_5	cluster_5
SRR5620405	2017	Bovine	cluster_33	cluster_16	cluster_14	cluster_12	cluster_11	cluster_5	cluster_5
SRR5761431	2017	Human	singleton_182	cluster_8	cluster_7	cluster_4	cluster_3	cluster_2	cluster_2
SRR5762330	2017	Bovine	singleton_71	cluster_16	cluster_14	cluster_12	cluster_11	cluster_5	cluster_5
SRR5764624	2017	Bovine	singleton_39	cluster_16	cluster_14	cluster_12	cluster_11	cluster_5	cluster_5
SRR5816115	2017	Bovine	cluster_29	cluster_16	cluster_14	cluster_12	cluster_11	cluster_5	cluster_5
SRR5819671	2017	Swine	singleton_15	cluster_17	cluster_14	cluster_12	cluster_11	cluster_5	cluster_5
SRR5820319	2017	Human	cluster_41	cluster_16	cluster_14	cluster_12	cluster_11	cluster_5	cluster_5
SRR5955198	2017	Swine	cluster_23	cluster_16	cluster_14	cluster_12	cluster_11	cluster_5	cluster_5
SRR5982096	2017	Bovine	singleton_98	cluster_16	cluster_14	cluster_12	cluster_11	cluster_5	cluster_5
SRR6008842	2017	Swine	singleton_65	cluster_16	cluster_14	cluster_12	cluster_11	cluster_5	cluster_5
SRR6203378	2017	Human	cluster_17	cluster_16	cluster_14	cluster_12	cluster_11	cluster_5	cluster_5
SRR6261931	2017	Bovine	cluster_60	cluster_20	cluster_17	cluster_15	cluster_11	cluster_5	cluster_5
SRR6265835	2017	Bovine	singleton_62	cluster_16	cluster_14	cluster_12	cluster_11	cluster_5	cluster_5
SRR6294686	2017	Bovine	cluster_46	cluster_16	cluster_14	cluster_12	cluster_11	cluster_5	cluster_5
SRR6317370	2017	Human	singleton_177	cluster_16	cluster_14	cluster_12	cluster_11	cluster_5	cluster_5
SRR6336355	2017	Bovine	cluster_46	cluster_16	cluster_14	cluster_12	cluster_11	cluster_5	cluster_5
SRR6336372	2017	Bovine	cluster_46	cluster_16	cluster_14	cluster_12	cluster_11	cluster_5	cluster_5
SRR6373420	2017	Bovine	cluster_46	cluster_16	cluster_14	cluster_12	cluster_11	cluster_5	cluster_5
SRR6380667	2017	Human	cluster_53	cluster_20	cluster_17	cluster_15	cluster_11	cluster_5	cluster_5
SRR6446759	2017	Human	singleton_52	cluster_16	cluster_14	cluster_12	cluster_11	cluster_5	cluster_5
SRR6495225	2017	Bovine	cluster_14	cluster_7	cluster_6	cluster_11	cluster_11	cluster_5	cluster_5
SRR6495275	2017	Swine	cluster_23	cluster_16	cluster_14	cluster_12	cluster_11	cluster_5	cluster_5
SRR6672407	2018	Bovine	singleton_58	cluster_16	cluster_14	cluster_12	cluster_11	cluster_5	cluster_5
SRR6765275	2018	Bovine	cluster_33	cluster_16	cluster_14	cluster_12	cluster_11	cluster_5	cluster_5
SRR6876264	2018	Bovine	cluster_33	cluster_16	cluster_14	cluster_12	cluster_11	cluster_5	cluster_5
SRR6880015	2018	Human	cluster_11	cluster_3	cluster_3	cluster_12	cluster_11	cluster_5	cluster_5
SRR6926976	2018	Human	cluster_41	cluster_16	cluster_14	cluster_12	cluster_11	cluster_5	cluster_5
SRR7027916	2017	Human	singleton_161	cluster_20	cluster_17	cluster_15	cluster_11	cluster_5	cluster_5
SRR7089223	2015	Human	singleton_117	cluster_9	cluster_8	cluster_5	cluster_4	cluster_3	cluster_3
SRR7118980	2018	Human	singleton_16	cluster_17	cluster_14	cluster_12	cluster_11	cluster_5	cluster_5
SRR7138666	2018	Bovine	cluster_33	cluster_16	cluster_14	cluster_12	cluster_11	cluster_5	cluster_5
SRR7146915	2018	Turkey	cluster_37	cluster_11	cluster_9	cluster_7	cluster_5	cluster_5	cluster_5
SRR7171551	2018	Turkey	cluster_37	cluster_11	cluster_9	cluster_7	cluster_5	cluster_5	cluster_5
SRR7173258	2018	Swine	singleton_73	cluster_16	cluster_14	cluster_12	cluster_11	cluster_5	cluster_5
SRR7221518	2018	Bovine	singleton_186	singleton_11	singleton_9	singleton_6	singleton_3	cluster_5	cluster_5
SRR7245589	2018	Human	cluster_53	cluster_20	cluster_17	cluster_15	cluster_11	cluster_5	cluster_5
SRR7348659	2018	Bovine	singleton_51	cluster_16	cluster_14	cluster_12	cluster_11	cluster_5	cluster_5
SRR7379961	2018	Bovine	singleton_103	cluster_16	cluster_14	cluster_12	cluster_11	cluster_5	cluster_5
SRR7419555	2018	Bovine	cluster_22	cluster_16	cluster_14	cluster_12	cluster_11	cluster_5	cluster_5
SRR7439033	2018	Bovine	singleton_210	cluster_20	cluster_17	cluster_15	cluster_11	cluster_5	cluster_5
SRR7439091	2018	Swine	singleton_4	cluster_7	cluster_6	cluster_11	cluster_11	cluster_5	cluster_5
SRR7447082	2018	Bovine	cluster_37	cluster_11	cluster_9	cluster_7	cluster_5	cluster_5	cluster_5
SRR7465641	2018	Bovine	cluster_45	cluster_16	cluster_14	cluster_12	cluster_11	cluster_5	cluster_5
SRR7471694	2018	Bovine	singleton_102	cluster_16	cluster_14	cluster_12	cluster_11	cluster_5	cluster_5
SRR7471700	2018	Bovine	singleton_181	cluster_7	cluster_6	cluster_11	cluster_11	cluster_5	cluster_5
SRR7532781	2018	Human	cluster_20	cluster_16	cluster_14	cluster_12	cluster_11	cluster_5	cluster_5
SRR7532782	2018	Human	cluster_20	cluster_16	cluster_14	cluster_12	cluster_11	cluster_5	cluster_5
SRR7657580	2018	Bovine	singleton_169	cluster_16	cluster_14	cluster_12	cluster_11	cluster_5	cluster_5
SRR7664652	2018	Bovine	singleton_187	cluster_12	cluster_10	cluster_8	cluster_6	cluster_5	cluster_5
SRR7695779	2018	Bovine	singleton_77	cluster_16	cluster_14	cluster_12	cluster_11	cluster_5	cluster_5
SRR7707892	2018	Bovine	cluster_44	cluster_16	cluster_14	cluster_12	cluster_11	cluster_5	cluster_5
SRR7724217	2018	Bovine	cluster_47	cluster_16	cluster_14	cluster_12	cluster_11	cluster_5	cluster_5
SRR7724219	2018	Bovine	cluster_47	cluster_16	cluster_14	cluster_12	cluster_11	cluster_5	cluster_5
SRR7724388	2018	Bovine	cluster_44	cluster_16	cluster_14	cluster_12	cluster_11	cluster_5	cluster_5
SRR7754620	2018	Bovine	singleton_81	cluster_16	cluster_14	cluster_12	cluster_11	cluster_5	cluster_5
SRR7767533	2018	Bovine	singleton_209	cluster_20	cluster_17	cluster_15	cluster_11	cluster_5	cluster_5
SRR7769823	2018	Human	singleton_145	cluster_18	cluster_15	cluster_13	cluster_9	cluster_5	cluster_5
SRR7784872	2018	Bovine	singleton_107	cluster_16	cluster_14	cluster_12	cluster_11	cluster_5	cluster_5
SRR7795536	2018	Bovine	singleton_97	cluster_16	cluster_14	cluster_12	cluster_11	cluster_5	cluster_5
SRR7882191	2018	Human	singleton_116	cluster_20	cluster_17	cluster_15	cluster_11	cluster_5	cluster_5
SRR7883768	2018	Bovine	cluster_32	cluster_16	cluster_14	cluster_12	cluster_11	cluster_5	cluster_5
SRR7896190	2018	Bovine	cluster_32	cluster_16	cluster_14	cluster_12	cluster_11	cluster_5	cluster_5
SRR7965863	2018	Bovine	singleton_24	cluster_3	cluster_3	cluster_12	cluster_11	cluster_5	cluster_5
SRR8037279	2018	Bovine	singleton_160	cluster_20	cluster_17	cluster_15	cluster_11	cluster_5	cluster_5
SRR8069510	2018	Human	singleton_129	cluster_17	cluster_14	cluster_12	cluster_11	cluster_5	cluster_5
SRR8136972	2018	Bovine	cluster_11	cluster_3	cluster_3	cluster_12	cluster_11	cluster_5	cluster_5
SRR8170340	2018	Bovine	singleton_87	cluster_16	cluster_14	cluster_12	cluster_11	cluster_5	cluster_5
SRR8175971	2018	Human	singleton_167	cluster_15	cluster_13	cluster_11	cluster_11	cluster_5	cluster_5
SRR8181065	2018	Bovine	singleton_184	cluster_18	cluster_15	cluster_13	cluster_9	cluster_5	cluster_5
SRR8181709	2018	Bovine	cluster_37	cluster_11	cluster_9	cluster_7	cluster_5	cluster_5	cluster_5
SRR8264669	2018	Bovine	cluster_22	cluster_16	cluster_14	cluster_12	cluster_11	cluster_5	cluster_5
SRR8275018	2018	Bovine	cluster_28	cluster_16	cluster_14	cluster_12	cluster_11	cluster_5	cluster_5
SRR8305686	2018	Human	singleton_199	cluster_20	cluster_17	cluster_15	cluster_11	cluster_5	cluster_5
SRR8313025	2018	Swine	cluster_14	cluster_7	cluster_6	cluster_11	cluster_11	cluster_5	cluster_5
SRR8354977	2018	Human	cluster_46	cluster_16	cluster_14	cluster_12	cluster_11	cluster_5	cluster_5
SRR8378719	2018	Bovine	cluster_35	cluster_16	cluster_14	cluster_12	cluster_11	cluster_5	cluster_5
SRR8381527	2018	Bovine	cluster_38	cluster_16	cluster_14	cluster_12	cluster_11	cluster_5	cluster_5
SRR8418701	2018	Human	cluster_38	cluster_16	cluster_14	cluster_12	cluster_11	cluster_5	cluster_5
SRR8439949	2018	Human	cluster_50	cluster_20	cluster_17	cluster_15	cluster_11	cluster_5	cluster_5
SRR8530194	2018	Human	singleton_195	cluster_20	cluster_17	cluster_15	cluster_11	cluster_5	cluster_5
SRR8534032	2019	Human	singleton_135	cluster_16	cluster_14	cluster_12	cluster_11	cluster_5	cluster_5
SRR8548851	2019	Bovine	cluster_33	cluster_16	cluster_14	cluster_12	cluster_11	cluster_5	cluster_5
SRR8570603	2019	Human	singleton_120	cluster_9	cluster_8	cluster_5	cluster_4	cluster_3	cluster_3
SRR8575660	2019	Human	singleton_121	cluster_9	cluster_8	cluster_5	cluster_4	cluster_3	cluster_3
SRR8593401	2019	Bovine	singleton_57	cluster_16	cluster_14	cluster_12	cluster_11	cluster_5	cluster_5
SRR8599223	2019	Bovine	singleton_80	cluster_16	cluster_14	cluster_12	cluster_11	cluster_5	cluster_5
SRR8609058	2019	Swine	cluster_4	cluster_7	cluster_6	cluster_11	cluster_11	cluster_5	cluster_5
SRR8609096	2019	Bovine	cluster_11	cluster_3	cluster_3	cluster_12	cluster_11	cluster_5	cluster_5
SRR8731599	2019	Bovine	singleton_59	cluster_16	cluster_14	cluster_12	cluster_11	cluster_5	cluster_5
SRR8781635	2019	Human	singleton_47	cluster_16	cluster_14	cluster_12	cluster_11	cluster_5	cluster_5
SRR8795537	2019	Bovine	cluster_31	cluster_16	cluster_14	cluster_12	cluster_11	cluster_5	cluster_5
SRR8865077	2019	Bovine	cluster_33	cluster_16	cluster_14	cluster_12	cluster_11	cluster_5	cluster_5
SRR8888366	2018	Human	cluster_46	cluster_16	cluster_14	cluster_12	cluster_11	cluster_5	cluster_5
SRR8915534	2019	Swine	cluster_4	cluster_7	cluster_6	cluster_11	cluster_11	cluster_5	cluster_5
SRR8979071	2019	Human	singleton_42	cluster_16	cluster_14	cluster_12	cluster_11	cluster_5	cluster_5
SRR8979725	2019	Swine	cluster_4	cluster_7	cluster_6	cluster_11	cluster_11	cluster_5	cluster_5
SRR8980719	2019	Bovine	singleton_125	cluster_16	cluster_14	cluster_12	cluster_11	cluster_5	cluster_5
SRR9054045	2019	Human	singleton_23	cluster_3	cluster_3	cluster_12	cluster_11	cluster_5	cluster_5
SRR9091259	2019	Human	singleton_110	cluster_16	cluster_14	cluster_12	cluster_11	cluster_5	cluster_5
SRR9105592	2019	Bovine	cluster_23	cluster_16	cluster_14	cluster_12	cluster_11	cluster_5	cluster_5
SRR9172129	2018	Bovine	cluster_45	cluster_16	cluster_14	cluster_12	cluster_11	cluster_5	cluster_5
SRR9201988	2019	Bovine	singleton_124	cluster_16	cluster_14	cluster_12	cluster_11	cluster_5	cluster_5
SRR9211409	2019	Bovine	singleton_25	cluster_3	cluster_3	cluster_12	cluster_11	cluster_5	cluster_5
SRR9311925	2019	Human	singleton_130	singleton_6	singleton_4	singleton_3	cluster_11	cluster_5	cluster_5
SRR9329129	2019	Human	singleton_204	cluster_20	cluster_17	cluster_15	cluster_11	cluster_5	cluster_5
SRR9602997	2019	Bovine	cluster_33	cluster_16	cluster_14	cluster_12	cluster_11	cluster_5	cluster_5
SRR9674363	2019	Chicken	cluster_11	cluster_3	cluster_3	cluster_12	cluster_11	cluster_5	cluster_5
SRR9847671	2019	Human	cluster_59	cluster_19	cluster_16	cluster_14	cluster_10	cluster_4	cluster_4
SRR9855597	2019	Swine	singleton_50	cluster_16	cluster_14	cluster_12	cluster_11	cluster_5	cluster_5
SRR9870861	2019	Human	cluster_59	cluster_19	cluster_16	cluster_14	cluster_10	cluster_4	cluster_4
SRR9875348	2019	Bovine	cluster_27	cluster_16	cluster_14	cluster_12	cluster_11	cluster_5	cluster_5
SRR9895537	2019	Bovine	singleton_54	cluster_16	cluster_14	cluster_12	cluster_11	cluster_5	cluster_5
SRR9910999	2019	Bovine	cluster_46	cluster_16	cluster_14	cluster_12	cluster_11	cluster_5	cluster_5
SRR9952730	2019	Human	singleton_128	cluster_17	cluster_14	cluster_12	cluster_11	cluster_5	cluster_5
SRR9966416	2019	Human	cluster_4	cluster_7	cluster_6	cluster_11	cluster_11	cluster_5	cluster_5
SRR9968496	2019	Human	singleton_198	cluster_20	cluster_17	cluster_15	cluster_11	cluster_5	cluster_5
SRR9973982	2019	Human	singleton_29	cluster_4	cluster_4	cluster_3	cluster_2	cluster_5	cluster_5
