ID	Year	Source	MST-22
SRR10010427	2019	Human	cluster_27
SRR10012381	Unknown	Unspecified Animal	cluster_27
SRR10013587	2019	Human	cluster_27
SRR10023901	2019	Human	cluster_27
SRR10029989	2019	Human	cluster_27
SRR10037901	2019	Human	cluster_27
SRR10045195	2019	Turkey	cluster_27
SRR10050059	2019	Human	cluster_27
SRR10062487	2019	Turkey	cluster_27
SRR10065885	2019	Human	cluster_10
SRR10067866	2019	Swine	cluster_18
SRR10071635	2019	Turkey	cluster_27
SRR10082185	2019	Human	cluster_17
SRR10093370	2019	Human	cluster_27
SRR10096559	2019	Human	cluster_27
SRR10100576	2019	Turkey	cluster_27
SRR10113074	2019	Human	cluster_27
SRR10113603	2019	Turkey	cluster_27
SRR10129682	2019	Human	cluster_27
SRR10133177	2019	Human	cluster_27
SRR10136222	2019	Human	cluster_24
SRR10137411	2019	Human	cluster_27
SRR10152447	2019	Human	cluster_27
SRR10156083	2019	Swine	cluster_18
SRR10162648	2019	Other Animal	cluster_27
SRR10162651	2019	Turkey	cluster_27
SRR10163950	2019	Human	cluster_18
SRR10164090	2019	Swine	cluster_20
SRR10174207	2019	Human	singleton_3
SRR10176053	2019	Human	cluster_27
SRR10186928	2019	Swine	cluster_18
SRR10186946	2019	Swine	cluster_20
SRR10187031	2019	Turkey	cluster_27
SRR10189769	2019	Human	cluster_20
SRR10190451	2019	Human	cluster_27
SRR10197208	2019	Turkey	cluster_27
SRR10203758	2019	Turkey	cluster_27
SRR10206159	2019	Human	cluster_27
SRR10210186	2019	Turkey	cluster_27
SRR10211384	2019	Human	cluster_10
SRR10222427	2019	Turkey	cluster_27
SRR10224613	2019	Human	cluster_24
SRR10230005	2019	Turkey	cluster_27
SRR10230160	2019	Human	cluster_18
SRR10230164	2019	Human	cluster_27
SRR10233375	2019	Human	singleton_7
SRR10237527	2019	Turkey	cluster_27
SRR10237528	2019	Turkey	cluster_27
SRR10237635	2019	Turkey	cluster_27
SRR10237641	2019	Turkey	cluster_27
SRR10246931	2019	Human	cluster_27
SRR10249855	2019	Human	cluster_27
SRR10250677	2019	Human	cluster_18
SRR10254392	2019	Human	cluster_27
SRR10254724	2019	Human	cluster_27
SRR10258291	2019	Human	singleton_86
SRR10267370	2019	Human	singleton_36
SRR10269684	2019	Swine	cluster_18
SRR10277292	2019	Turkey	cluster_27
SRR10279844	2019	Human	cluster_27
SRR10286369	2019	Human	cluster_27
SRR10286859	2019	Other Animal	cluster_15
SRR10286860	2019	Human	cluster_15
SRR10286868	2019	Human	cluster_15
SRR10286869	2019	Human	cluster_15
SRR10286870	2019	Human	cluster_15
SRR10286871	2019	Human	cluster_15
SRR10286873	2019	Human	cluster_15
SRR10286874	2019	Human	cluster_15
SRR10286923	2019	Human	cluster_15
SRR10286936	2019	Human	cluster_15
SRR10286974	2019	Human	cluster_15
SRR10287021	2019	Human	cluster_15
SRR10287709	2019	Human	cluster_27
SRR10289886	2019	Human	cluster_15
SRR10289887	2019	Human	cluster_15
SRR10289888	2019	Human	cluster_15
SRR10289889	2019	Human	cluster_15
SRR10289890	2019	Human	cluster_15
SRR10289891	2019	Other Animal	cluster_15
SRR10289893	2019	Human	cluster_15
SRR10289957	2019	Human	cluster_15
SRR10289958	2019	Human	cluster_15
SRR10292529	2019	Human	cluster_27
SRR10303370	2019	Turkey	cluster_27
SRR10325536	2019	Human	cluster_27
SRR10325541	2019	Human	cluster_27
SRR10342199	2019	Human	cluster_27
SRR10343015	2019	Turkey	cluster_27
SRR10345173	2019	Human	cluster_27
SRR10348240	2019	Human	cluster_27
SRR10348773	2019	Human	cluster_18
SRR10359846	2019	Human	cluster_28
SRR10363873	2019	Turkey	cluster_27
SRR10384616	2019	Bovine	cluster_6
SRR10392249	2019	Human	cluster_27
SRR10392731	2019	Human	cluster_27
SRR10393065	2019	Human	cluster_27
SRR10393099	2019	Human	cluster_27
SRR10400235	2019	Turkey	cluster_27
SRR10444417	2019	Human	cluster_27
SRR10446500	2019	Turkey	cluster_27
SRR10467370	2019	Turkey	cluster_27
SRR10480670	2019	Turkey	cluster_27
SRR10480715	2019	Turkey	cluster_27
SRR10480716	2019	Bovine	cluster_18
SRR10483374	2019	Human	cluster_27
SRR10490615	2019	Human	cluster_28
SRR10493573	2019	Turkey	cluster_27
SRR10500297	2019	Human	cluster_27
SRR10512401	2019	Human	cluster_27
SRR10532646	2019	Human	singleton_65
SRR10532661	2019	Human	cluster_7
SRR10543697	2019	Human	cluster_7
SRR10570562	2019	Human	cluster_27
SRR10571642	2019	Turkey	cluster_27
SRR10574795	2019	Turkey	cluster_27
SRR10574880	2019	Swine	cluster_18
SRR10582750	2019	Turkey	cluster_27
SRR10585482	Unknown	Unspecified Animal	cluster_27
SRR10590800	2019	Human	cluster_27
SRR10608184	2019	Human	cluster_15
SRR10612003	2019	Swine	cluster_18
SRR10612291	2019	Turkey	cluster_27
SRR10615239	2019	Turkey	cluster_27
SRR10619582	2019	Human	cluster_27
SRR10664370	2017	Human	cluster_27
SRR10669554	2019	Swine	cluster_18
SRR10669569	2019	Turkey	cluster_27
SRR10674040	2019	Human	cluster_28
SRR10674851	2019	Turkey	cluster_27
SRR10678252	2019	Human	cluster_27
SRR10689436	2019	Human	cluster_27
SRR10689795	2019	Bovine	cluster_19
SRR10691601	2019	Turkey	cluster_27
SRR10696312	2019	Human	cluster_24
SRR10696716	2019	Human	cluster_27
SRR10696830	2019	Human	cluster_27
SRR10699482	2019	Human	cluster_27
SRR10699485	2019	Human	cluster_27
SRR10708116	2019	Human	cluster_28
SRR10713830	2019	Human	cluster_15
SRR10722116	2019	Human	cluster_27
SRR10723154	2019	Human	cluster_27
SRR10723188	2019	Human	cluster_27
SRR10728957	2019	Human	cluster_27
SRR10740625	2019	Turkey	cluster_27
SRR10744250	2019	Human	cluster_27
SRR10746188	2019	Human	cluster_27
SRR10747893	2019	Human	cluster_27
SRR10748658	2019	Human	singleton_47
SRR10749980	2019	Human	cluster_27
SRR10751479	2019	Turkey	cluster_27
SRR10763008	2019	Human	cluster_27
SRR10763297	2019	Human	cluster_27
SRR10764083	2019	Human	cluster_27
SRR10767240	2019	Human	cluster_27
SRR10769054	2019	Human	cluster_27
SRR10770684	2019	Human	cluster_28
SRR10770700	2019	Human	cluster_24
SRR10770705	2019	Human	cluster_27
SRR10771124	2019	Human	cluster_27
SRR10804983	2019	Human	cluster_27
SRR10806304	2019	Human	cluster_27
SRR10810404	2019	Turkey	cluster_27
SRR10810414	2019	Swine	cluster_18
SRR10814978	2019	Human	cluster_27
SRR10815157	2019	Human	singleton_30
SRR10815584	2019	Turkey	cluster_27
SRR10820695	2019	Human	cluster_27
SRR10820696	2019	Human	cluster_27
SRR10835618	2016	Human	cluster_27
SRR10835696	2019	Human	cluster_27
SRR10853284	2019	Turkey	cluster_27
SRR10871456	2019	Human	cluster_27
SRR10873176	2019	Swine	cluster_18
SRR10873179	2019	Swine	cluster_18
SRR10875918	2019	Human	cluster_27
SRR10879469	2019	Human	cluster_27
SRR10879537	2019	Swine	cluster_18
SRR10885595	2019	Turkey	cluster_27
SRR10900535	2019	Human	singleton_54
SRR10904833	2019	Human	cluster_27
SRR10904915	2020	Human	cluster_27
SRR10905428	2019	Swine	cluster_18
SRR10953156	2019	Human	cluster_27
SRR10954126	2019	Human	cluster_15
SRR10956882	2020	Turkey	cluster_27
SRR10960992	2020	Human	cluster_27
SRR10972191	2020	Human	cluster_27
SRR10972608	2020	Human	cluster_27
SRR10988621	2019	Human	cluster_27
SRR11006105	2020	Human	cluster_27
SRR11008927	2020	Turkey	cluster_27
SRR11013642	2020	Human	cluster_28
SRR11014242	2020	Human	cluster_27
SRR11015381	2020	Turkey	cluster_27
SRR11027320	2020	Human	cluster_27
SRR11029284	2020	Human	cluster_27
SRR11033290	2020	Human	cluster_27
SRR11041267	2019	Human	cluster_27
SRR11067553	2020	Human	cluster_27
SRR11074355	2019	Human	cluster_27
SRR11096328	2020	Swine	cluster_18
SRR11100783	2020	Human	singleton_72
SRR11102089	2020	Turkey	cluster_27
SRR11105457	2020	Human	singleton_15
SRR11113066	Unknown	Unspecified Animal	cluster_27
SRR11171949	2020	Human	cluster_27
SRR11173353	2020	Human	cluster_27
SRR11178156	2020	Human	cluster_28
SRR11185463	2020	Human	cluster_27
SRR11193427	2020	Human	cluster_27
SRR11214806	2020	Chicken	cluster_27
SRR11215323	2020	Human	cluster_27
SRR11221362	2020	Human	cluster_27
SRR11232201	2019	Human	cluster_27
SRR11248433	2020	Swine	cluster_18
SRR11272837	2020	Human	cluster_27
SRR11278035	2020	Swine	cluster_18
SRR11286368	2019	Human	cluster_27
SRR11301298	2020	Turkey	cluster_27
SRR11311137	2020	Human	cluster_27
SRR11351568	2020	Human	cluster_27
SRR11351653	2020	Turkey	cluster_27
SRR11404629	2020	Human	cluster_18
SRR11404828	2020	Human	cluster_27
SRR11435267	2020	Turkey	cluster_27
SRR11448897	2020	Human	cluster_27
SRR11449306	2020	Human	cluster_18
SRR11452562	2020	Swine	cluster_18
SRR11461783	2020	Human	cluster_24
SRR11463102	2020	Human	cluster_27
SRR11544391	2020	Turkey	cluster_27
SRR11544478	2020	Turkey	cluster_27
SRR11574676	2020	Swine	cluster_18
SRR11591148	2020	Human	cluster_27
SRR11600557	2020	Swine	cluster_18
SRR11654198	2020	Swine	cluster_18
SRR11711198	2020	Human	cluster_27
SRR11728380	2019	Turkey	cluster_27
SRR11772815	2020	Turkey	cluster_27
SRR11794553	2020	Human	cluster_28
SRR11802385	2020	Bovine	cluster_19
SRR11819200	2015	Human	cluster_27
SRR11819201	2015	Human	cluster_27
SRR11819211	Unknown	Human	cluster_27
SRR11832982	2020	Swine	cluster_20
SRR11833453	2020	Swine	cluster_18
SRR11851007	2020	Human	cluster_27
SRR11879340	2020	Turkey	cluster_27
SRR11892951	2020	Bovine	cluster_20
SRR11903218	2020	Human	cluster_27
SRR11923184	2020	Human	singleton_11
SRR11937784	2020	Swine	cluster_18
SRR11966554	2020	Swine	cluster_18
SRR11973728	2019	Human	cluster_27
SRR12017991	2020	Human	cluster_27
SRR12045472	2020	Human	cluster_27
SRR12047180	2020	Turkey	cluster_27
SRR12047260	2020	Turkey	cluster_27
SRR12053948	2020	Turkey	cluster_27
SRR12054996	2020	Human	cluster_27
SRR12067723	2020	Human	cluster_27
SRR12118200	2020	Human	cluster_27
SRR12136516	2020	Swine	cluster_18
SRR12150138	2020	Human	cluster_27
SRR12172990	2020	Human	cluster_27
SRR12174170	2020	Human	cluster_4
SRR12199212	2020	Human	cluster_27
SRR12199223	2020	Human	cluster_27
SRR12212552	2020	Turkey	cluster_27
SRR12213098	2020	Human	cluster_27
SRR12229399	2020	Turkey	cluster_27
SRR12266364	2020	Turkey	cluster_27
SRR12298174	2020	Human	cluster_27
SRR12362239	2020	Human	cluster_27
SRR12362660	2020	Turkey	cluster_27
SRR12377527	2020	Human	cluster_27
SRR12386289	2020	Human	cluster_27
SRR12387515	2020	Human	cluster_27
SRR12396057	2020	Human	cluster_18
SRR12403575	2020	Bovine	cluster_24
SRR12407695	2020	Human	cluster_28
SRR12407731	2020	Human	cluster_4
SRR12412616	2020	Human	cluster_27
SRR12424653	2020	Turkey	cluster_27
SRR12424658	2020	Bovine	singleton_58
SRR12427835	2020	Human	cluster_27
SRR12430000	2020	Human	cluster_27
SRR12435803	2020	Human	cluster_24
SRR12487279	2020	Bovine	cluster_19
SRR12493990	2020	Human	cluster_27
SRR12513539	2020	Human	cluster_27
SRR12513544	2020	Human	cluster_27
SRR12540063	2020	Human	cluster_28
SRR12541348	2020	Human	cluster_15
SRR12551026	2020	Turkey	cluster_27
SRR12551045	2020	Turkey	cluster_27
SRR12563905	2020	Human	cluster_27
SRR12564879	2020	Human	cluster_27
SRR12581802	2020	Human	cluster_27
SRR12624325	2020	Turkey	cluster_27
SRR12633960	2020	Human	cluster_27
SRR12638313	2020	Human	cluster_27
SRR12643059	2020	Human	cluster_28
SRR12646515	2020	Swine	cluster_18
SRR12654114	2020	Human	cluster_24
SRR12660976	2020	Swine	cluster_18
SRR12664233	2020	Human	cluster_27
SRR12664242	2020	Human	cluster_27
SRR12689550	2020	Human	cluster_15
SRR12698328	2019	Turkey	cluster_27
SRR12734207	2020	Turkey	cluster_27
SRR12743376	2020	Human	cluster_27
SRR12768296	2020	Swine	cluster_20
SRR12786713	2020	Human	cluster_28
SRR12786894	2020	Human	cluster_28
SRR12793692	2018	Human	cluster_27
SRR12811731	2020	Bovine	cluster_18
SRR12827390	2020	Human	cluster_27
SRR12827461	2020	Human	cluster_27
SRR12884283	2020	Sheep/Goat	cluster_18
SRR12887498	2020	Turkey	cluster_27
SRR12893373	2020	Human	cluster_27
SRR12926464	2020	Turkey	cluster_27
SRR12931166	2020	Human	cluster_27
SRR12931205	2020	Human	cluster_24
SRR12931213	2020	Human	cluster_27
SRR12937871	2020	Human	cluster_27
SRR12938558	2020	Turkey	cluster_27
SRR12955165	2020	Sheep/Goat	cluster_18
SRR12982550	2020	Turkey	cluster_27
SRR12991881	2020	Bovine	cluster_18
SRR12994987	2020	Human	cluster_22
SRR12995525	2020	Human	cluster_28
SRR13017815	2020	Swine	cluster_27
SRR13017829	2020	Sheep/Goat	cluster_18
SRR13066623	2020	Human	cluster_28
SRR13067355	2020	Human	cluster_27
SRR13094254	2020	Chicken	cluster_27
SRR13111132	2020	Turkey	cluster_27
SRR13111137	2020	Turkey	cluster_27
SRR13193896	2020	Bovine	singleton_42
SRR13194168	2020	Human	cluster_27
SRR13200145	2020	Bovine	cluster_26
SRR13218620	2020	Swine	cluster_18
SRR13218768	2020	Swine	cluster_20
SRR13218826	2020	Turkey	cluster_27
SRR13247811	2020	Turkey	cluster_27
SRR13247862	2020	Bovine	cluster_18
SRR13271341	2020	Turkey	cluster_27
SRR13278481	2020	Human	cluster_27
SRR13281255	2020	Human	cluster_24
SRR13281469	2020	Human	cluster_24
SRR13288037	2020	Human	cluster_28
SRR13295451	2020	Human	cluster_24
SRR13295731	2020	Human	cluster_28
SRR13302170	2020	Human	cluster_27
SRR13316894	2020	Human	cluster_27
SRR13318842	2020	Human	cluster_27
SRR13349949	2020	Turkey	cluster_27
SRR13376112	2020	Human	cluster_27
SRR13376208	2020	Human	cluster_27
SRR13388813	2020	Human	cluster_27
SRR13405902	2020	Swine	cluster_18
SRR13417641	2020	Human	cluster_18
SRR13429659	2020	Human	singleton_35
SRR13435616	2020	Human	cluster_27
SRR13485902	2020	Human	cluster_27
SRR13485986	2019	Human	cluster_27
SRR13485990	2019	Human	cluster_27
SRR13489755	2020	Human	cluster_28
SRR13489803	2020	Human	cluster_27
SRR13490882	2020	Human	cluster_27
SRR13491567	2021	Human	cluster_18
SRR13492054	2020	Human	cluster_27
SRR13509040	2021	Human	cluster_27
SRR13509329	2021	Human	singleton_49
SRR13510878	2021	Turkey	cluster_27
SRR13519002	2020	Human	cluster_27
SRR13574925	2021	Swine	cluster_18
SRR13593709	2020	Swine	cluster_18
SRR13593713	2020	Sheep/Goat	cluster_18
SRR13624225	2020	Human	cluster_18
SRR13651741	2021	Human	cluster_27
SRR13706044	2019	Human	cluster_27
SRR13737200	2021	Human	cluster_28
SRR13737220	2021	Human	cluster_27
SRR13760697	2021	Human	cluster_27
SRR13779569	2021	Turkey	cluster_27
SRR13815366	2021	Human	cluster_27
SRR13833690	2019	Human	cluster_27
SRR13965556	2021	Human	cluster_27
SRR13965557	2021	Human	cluster_27
SRR14029661	2021	Turkey	cluster_27
SRR14053661	2021	Turkey	cluster_27
SRR14067700	2021	Human	cluster_27
SRR14084250	2021	Swine	cluster_18
SRR14097431	2021	Bovine	singleton_57
SRR14142555	2021	Human	cluster_28
SRR14146311	2021	Human	cluster_27
SRR14174647	2021	Human	cluster_27
SRR14180177	2021	Human	cluster_27
SRR14183441	2021	Human	cluster_27
SRR14252144	2021	Turkey	cluster_27
SRR14270318	2021	Human	cluster_14
SRR14276928	2021	Human	cluster_27
SRR14325789	2021	Human	cluster_27
SRR14361881	2021	Human	cluster_27
SRR14370498	2021	Turkey	cluster_27
SRR14439486	2021	Human	cluster_18
SRR14511787	2021	Swine	cluster_18
SRR14577398	2021	Human	cluster_27
SRR14588862	2021	Human	cluster_27
SRR14590673	2021	Human	cluster_24
SRR14608083	2021	Swine	cluster_18
SRR14633813	2021	Turkey	cluster_27
SRR14649839	2021	Human	cluster_27
SRR14658101	2021	Human	cluster_27
SRR14698762	2021	Turkey	cluster_27
SRR14715632	2021	Human	singleton_90
SRR14739199	2021	Turkey	cluster_27
SRR14767188	2021	Human	cluster_27
SRR14789045	2021	Human	cluster_18
SRR14792139	2021	Swine	cluster_18
SRR14863725	2021	Human	cluster_1
SRR14871792	2021	Human	cluster_21
SRR14883381	2021	Human	cluster_27
SRR14891497	2021	Human	cluster_27
SRR14895624	2021	Turkey	cluster_27
SRR14912988	2021	Swine	cluster_18
SRR14921284	2021	Turkey	cluster_27
SRR15017562	2021	Turkey	cluster_27
SRR15055955	2021	Human	cluster_27
SRR15068214	2021	Turkey	cluster_27
SRR15089718	2021	Swine	cluster_18
SRR15090151	2021	Turkey	cluster_27
SRR15107959	2021	Human	cluster_27
SRR15139301	2021	Turkey	cluster_27
SRR15168856	2021	Human	singleton_73
SRR15178076	2021	Human	cluster_27
SRR15185770	2021	Swine	cluster_18
SRR15206271	2021	Human	cluster_24
SRR15230818	2021	Human	cluster_27
SRR15246139	2021	Human	cluster_27
SRR15248553	2021	Turkey	cluster_27
SRR15248619	2021	Human	cluster_27
SRR15249118	2021	Bovine	cluster_19
SRR15249238	2021	Swine	cluster_18
SRR15258711	2021	Human	cluster_27
SRR15271118	2021	Human	cluster_1
SRR15293749	2021	Human	cluster_24
SRR15299703	2021	Human	singleton_74
SRR15305361	2021	Human	cluster_27
SRR15321321	2021	Turkey	cluster_27
SRR15334989	2021	Human	singleton_63
SRR15340518	2021	Bovine	cluster_27
SRR15357307	2021	Swine	cluster_18
SRR15374170	2021	Human	cluster_27
SRR15403498	2021	Human	cluster_27
SRR15440507	2021	Turkey	cluster_27
SRR15442021	2021	Human	cluster_27
SRR15466780	2021	Human	cluster_27
SRR15483434	2021	Turkey	cluster_27
SRR15502351	2021	Turkey	cluster_27
SRR15539236	2021	Human	cluster_24
SRR15566818	2021	Human	cluster_7
SRR15567231	2021	Human	cluster_27
SRR15600304	2021	Chicken	cluster_27
SRR15660228	2021	Swine	cluster_18
SRR15670915	2021	Human	cluster_18
SRR15671083	2021	Chicken	cluster_27
SRR15672107	2021	Human	cluster_27
SRR15676372	2021	Human	cluster_27
SRR15680774	2021	Swine	cluster_18
SRR15714163	2021	Human	cluster_27
SRR15736611	2021	Human	cluster_27
SRR15739534	2021	Human	cluster_18
SRR15832918	2021	Human	cluster_27
SRR15879344	2021	Human	cluster_18
SRR15900759	2021	Human	singleton_61
SRR15926922	2021	Human	cluster_18
SRR15992697	2021	Human	singleton_66
SRR16011291	2021	Turkey	cluster_27
SRR16080574	2021	Human	singleton_51
SRR16115475	2021	Human	cluster_27
SRR16153204	2021	Human	singleton_41
SRR16190335	2021	Human	cluster_27
SRR16194898	2021	Human	cluster_27
SRR16216624	2021	Human	cluster_27
SRR16248298	2021	Turkey	cluster_27
SRR16312197	2021	Human	cluster_27
SRR16312911	2021	Human	cluster_24
SRR16356588	2021	Human	singleton_75
SRR16481041	2021	Human	cluster_27
SRR16481919	2021	Human	singleton_60
SRR16496132	2021	Human	cluster_18
SRR16502348	2021	Turkey	cluster_27
SRR16518327	2021	Human	singleton_94
SRR16519979	2021	Human	singleton_70
SRR16522602	2021	Human	singleton_46
SRR16532236	2021	Human	cluster_24
SRR16541723	2021	Turkey	cluster_27
SRR16562840	2021	Human	cluster_27
SRR16574926	2021	Turkey	cluster_27
SRR16578563	2021	Human	cluster_27
SRR16587342	2021	Human	cluster_18
SRR16588094	2021	Turkey	cluster_27
SRR16599411	2021	Human	cluster_27
SRR16632557	2021	Human	cluster_27
SRR16678312	2021	Human	cluster_27
SRR16678326	2021	Human	cluster_27
SRR16678369	2021	Human	cluster_27
SRR16692975	2021	Human	cluster_18
SRR16912747	2021	Human	singleton_5
SRR16929267	2021	Human	cluster_24
SRR16931607	2021	Turkey	cluster_27
SRR16931709	2021	Human	cluster_27
SRR16948553	2021	Turkey	cluster_27
SRR16958630	2021	Human	cluster_27
SRR16972996	2021	Turkey	cluster_27
SRR17017402	2021	Human	singleton_88
SRR17021956	2021	Human	cluster_27
SRR17022060	2021	Human	singleton_12
SRR1703350	2014	Human	cluster_27
SRR1703352	2014	Human	cluster_27
SRR17042182	2021	Swine	cluster_18
SRR17110824	2021	Human	cluster_28
SRR17118867	2021	Turkey	cluster_27
SRR17125442	2021	Human	cluster_27
SRR1713977	Unknown	Human	cluster_27
SRR17156553	2021	Turkey	cluster_27
SRR17169284	2021	Turkey	cluster_27
SRR17170451	2021	Human	singleton_31
SRR17188763	2021	Turkey	cluster_27
SRR17218372	2021	Turkey	cluster_27
SRR17227343	2021	Human	cluster_27
SRR17238257	2021	Human	cluster_27
SRR17247977	2021	Turkey	cluster_27
SRR17276373	2021	Human	cluster_27
SRR17282704	2021	Human	cluster_18
SRR17297964	2021	Human	cluster_27
SRR17313174	2021	Turkey	cluster_27
SRR17335455	2021	Human	cluster_27
SRR17373458	2021	Human	cluster_24
SRR17373521	2021	Human	singleton_45
SRR17373584	2021	Human	cluster_28
SRR17413214	2021	Human	cluster_27
SRR17428780	2021	Human	singleton_55
SRR17446297	2021	Human	cluster_27
SRR17535729	2021	Human	cluster_22
SRR17564737	2021	Swine	cluster_18
SRR17656816	2022	Human	cluster_27
SRR17717775	2022	Human	cluster_27
SRR17721536	2021	Human	cluster_27
SRR17724593	2022	Human	cluster_27
SRR17733919	2021	Human	cluster_24
SRR17763840	2021	Human	cluster_27
SRR17784598	2022	Human	cluster_27
SRR17805857	2022	Human	cluster_27
SRR17831856	2022	Swine	cluster_18
SRR17838894	2022	Swine	cluster_18
SRR17839050	2021	Human	cluster_27
SRR1784321	2014	Human	cluster_27
SRR17857534	2022	Human	cluster_28
SRR17863649	2022	Human	singleton_44
SRR17870705	2022	Human	cluster_27
SRR18017688	2022	Chicken	cluster_27
SRR18021232	2021	Human	cluster_27
SRR1802271	2014	Human	cluster_27
SRR18095499	2021	Human	cluster_27
SRR18115968	2022	Turkey	cluster_27
SRR18218542	2022	Swine	cluster_11
SRR18270900	2022	Turkey	cluster_27
SRR18271053	Unknown	Unspecified Animal	cluster_28
SRR18271428	2022	Human	cluster_27
SRR18271733	2022	Human	cluster_18
SRR18276428	2022	Turkey	cluster_27
SRR18278370	2022	Human	cluster_27
SRR18297013	2022	Swine	cluster_11
SRR18314382	2022	Bovine	singleton_68
SRR18315848	2022	Turkey	cluster_27
SRR18337496	2022	Human	cluster_27
SRR18426054	2022	Turkey	cluster_27
SRR18575335	2022	Turkey	cluster_27
SRR18603796	2022	Human	cluster_27
SRR18643642	2022	Human	cluster_27
SRR18774181	2022	Turkey	cluster_27
SRR18788823	2022	Turkey	cluster_27
SRR18788825	2022	Turkey	cluster_27
SRR18791680	2022	Turkey	cluster_27
SRR18893754	2022	Human	cluster_27
SRR18937119	2022	Human	singleton_32
SRR18937122	2022	Human	cluster_24
SRR19143411	2022	Turkey	cluster_27
SRR19242529	2021	Human	singleton_69
SRR19264869	2022	Human	cluster_27
SRR1931164	2014	Human	cluster_27
SRR19403542	2022	Human	cluster_24
SRR19571118	2022	Human	cluster_27
SRR19576168	2022	Swine	cluster_18
SRR19594866	2022	Human	cluster_27
SRR19764005	2022	Human	cluster_27
SRR19785307	2022	Human	cluster_27
SRR19887839	2022	Human	cluster_27
SRR19913967	2022	Human	singleton_21
SRR19938021	2022	Human	singleton_29
SRR19992505	2022	Swine	cluster_18
SRR19992718	2022	Turkey	cluster_27
SRR20020626	2022	Turkey	cluster_27
SRR20224934	2022	Turkey	cluster_27
SRR20281662	2022	Human	cluster_28
SRR20281718	2022	Human	cluster_27
SRR20283195	2022	Swine	cluster_18
SRR20336632	2022	Turkey	cluster_27
SRR20657135	2022	Swine	cluster_18
SRR20728037	2022	Swine	cluster_18
SRR20964418	2022	Swine	cluster_18
SRR20993223	2022	Human	cluster_24
SRR20993463	2022	Human	cluster_27
SRR21007592	2022	Human	cluster_18
SRR21053593	2022	Human	cluster_27
SRR2107356	2014	Turkey	cluster_27
SRR2107357	2014	Bovine	cluster_27
SRR2107361	2014	Turkey	cluster_27
SRR21101744	2022	Human	cluster_27
SRR21111223	2022	Human	singleton_64
SRR21132687	2022	Human	cluster_27
SRR21193826	2022	Swine	cluster_18
SRR21193879	2022	Turkey	cluster_27
SRR21213279	2022	Human	cluster_27
SRR21224029	2022	Human	cluster_18
SRR21226530	2022	Human	singleton_89
SRR2126730	2015	Turkey	cluster_27
SRR21294721	2022	Bovine	cluster_19
SRR21303789	2022	Bovine	singleton_40
SRR2132192	2014	Turkey	cluster_27
SRR21409026	2022	Human	cluster_27
SRR21532990	2022	Human	cluster_23
SRR21533384	2022	Human	cluster_18
SRR21570725	2022	Human	cluster_18
SRR21676389	2022	Human	cluster_27
SRR21682305	2022	Turkey	cluster_27
SRR21685230	2022	Human	cluster_27
SRR21686718	2022	Human	cluster_27
SRR21729789	2022	Human	singleton_91
SRR21817240	2022	Swine	cluster_18
SRR2182863	2015	Human	cluster_27
SRR21879194	2022	Human	cluster_27
SRR21890820	2022	Human	cluster_27
SRR22002237	2022	Human	singleton_33
SRR22006578	2022	Human	cluster_27
SRR22025413	2022	Turkey	cluster_27
SRR22029650	2022	Human	cluster_27
SRR22091175	2022	Bovine	cluster_6
SRR22091177	2022	Bovine	cluster_6
SRR22105829	2022	Human	cluster_27
SRR22112775	2022	Human	cluster_24
SRR22178394	2022	Human	cluster_27
SRR22188783	2022	Human	cluster_24
SRR22197815	2022	Unspecified Animal	cluster_24
SRR2226943	2015	Turkey	cluster_27
SRR22273947	2022	Turkey	cluster_27
SRR22307109	2022	Swine	cluster_18
SRR22316150	2022	Swine	cluster_18
SRR22316388	2022	Turkey	cluster_27
SRR22355386	2022	Turkey	cluster_27
SRR22355413	2022	Turkey	cluster_27
SRR22365938	2021	Chicken	cluster_27
SRR22366380	2021	Bovine	cluster_19
SRR22398759	2022	Turkey	cluster_27
SRR22398881	2022	Turkey	cluster_27
SRR22434838	2022	Turkey	cluster_27
SRR22479895	2022	Human	cluster_27
SRR22535939	2021	Bovine	cluster_27
SRR22850488	2022	Turkey	cluster_27
SRR22851160	2022	Human	cluster_28
SRR22868467	2022	Turkey	cluster_27
SRR22880862	2022	Human	singleton_79
SRR22884926	2022	Human	singleton_85
SRR22890946	2022	Human	cluster_27
SRR22890952	2022	Human	singleton_81
SRR22892271	2022	Turkey	cluster_27
SRR22909793	2022	Human	cluster_27
SRR22967603	2022	Human	cluster_24
SRR23010764	2022	Turkey	cluster_27
SRR23034256	2022	Human	cluster_28
SRR23036716	2022	Human	cluster_27
SRR23070528	2022	Human	cluster_27
SRR23071487	2022	Turkey	cluster_27
SRR23103537	2023	Human	cluster_27
SRR23125379	2023	Swine	cluster_18
SRR23132829	2022	Human	cluster_27
SRR23136846	2022	Swine	cluster_18
SRR23171721	2023	Swine	singleton_1
SRR23226514	2022	Human	cluster_27
SRR23240849	2022	Human	cluster_24
SRR23253183	2022	Human	cluster_19
SRR23253187	2023	Human	cluster_19
SRR23271570	2023	Swine	cluster_18
SRR23291860	2023	Turkey	cluster_27
SRR23314889	2023	Human	cluster_28
SRR23341257	2023	Human	cluster_27
SRR23360569	2023	Bovine	cluster_27
SRR23375249	2023	Turkey	cluster_27
SRR23393429	2023	Turkey	cluster_27
SRR23426803	2023	Human	cluster_27
SRR23494882	2022	Human	singleton_37
SRR23512609	2023	Bovine	cluster_18
SRR23516544	2023	Chicken	cluster_27
SRR23517713	2023	Turkey	cluster_27
SRR23588880	2023	Human	cluster_27
SRR23609909	2022	Human	cluster_28
SRR23610056	2023	Human	cluster_24
SRR23610171	2023	Turkey	cluster_27
SRR23619242	2023	Turkey	cluster_27
SRR23714750	2023	Human	cluster_27
SRR23839131	2023	Human	singleton_77
SRR23854163	2023	Human	cluster_27
SRR23927130	2022	Human	cluster_28
SRR23927162	2022	Human	cluster_28
SRR23939246	2023	Human	cluster_27
SRR24015914	2023	Human	cluster_27
SRR24029391	2023	Human	singleton_59
SRR24045911	2023	Human	cluster_27
SRR24107104	2023	Human	cluster_27
SRR24119961	2023	Human	cluster_27
SRR24128247	2023	Human	cluster_27
SRR24263582	2023	Turkey	cluster_27
SRR24285323	2023	Human	cluster_27
SRR24318334	2023	Turkey	cluster_27
SRR24326149	2023	Human	cluster_27
SRR24339385	2023	Human	cluster_27
SRR24376579	2023	Turkey	cluster_27
SRR24391959	2023	Human	cluster_18
SRR24403066	2023	Human	cluster_27
SRR24426526	2023	Turkey	cluster_27
SRR24504174	2023	Human	cluster_8
SRR24510085	2023	Human	cluster_27
SRR24525881	2023	Swine	cluster_18
SRR24650852	2023	Turkey	cluster_27
SRR24651133	2023	Human	cluster_27
SRR24675049	2023	Human	cluster_27
SRR24748204	2022	Human	cluster_24
SRR24764828	2023	Swine	cluster_18
SRR24796844	2023	Turkey	cluster_27
SRR24828517	2023	Human	cluster_8
SRR24951412	2023	Human	cluster_27
SRR24977835	2023	Human	cluster_24
SRR24996173	2023	Human	cluster_27
SRR25022640	2023	Human	cluster_27
SRR25067708	2023	Human	cluster_27
SRR25099045	2023	Human	cluster_27
SRR25115634	2023	Human	cluster_27
SRR25117127	2023	Bovine	cluster_19
SRR25237731	2023	Turkey	cluster_27
SRR25268533	2023	Turkey	cluster_27
SRR25306293	2023	Turkey	cluster_27
SRR25382861	2023	Swine	cluster_18
SRR25386771	2023	Turkey	cluster_27
SRR25426503	2023	Human	cluster_23
SRR25490913	2023	Human	cluster_27
SRR25601258	2023	Human	cluster_27
SRR25634995	2023	Human	cluster_27
SRR25684997	2023	Human	cluster_2
SRR25712708	2023	Human	cluster_27
SRR25713491	2023	Turkey	cluster_27
SRR25713599	2023	Turkey	cluster_27
SRR25730338	2023	Human	cluster_2
SRR25758188	2023	Human	cluster_27
SRR25793586	2023	Swine	cluster_18
SRR25869588	2023	Human	cluster_27
SRR26007926	2023	Human	cluster_27
SRR26027015	2023	Human	cluster_27
SRR26042626	2023	Turkey	cluster_27
SRR26051511	2023	Human	cluster_27
SRR26071088	2023	Human	cluster_27
SRR26111485	2023	Human	cluster_27
SRR26135255	2023	Turkey	cluster_27
SRR26162936	2023	Turkey	cluster_27
SRR26209580	2023	Turkey	cluster_27
SRR26217568	2023	Turkey	cluster_27
SRR26379068	2023	Turkey	cluster_27
SRR26393648	2023	Human	cluster_28
SRR26444601	2023	Chicken	cluster_27
SRR26445897	2023	Turkey	cluster_27
SRR26448674	2023	Human	cluster_28
SRR26448704	2023	Human	singleton_17
SRR26473345	2023	Turkey	cluster_27
SRR26494411	2023	Human	cluster_24
SRR26628095	2023	Turkey	cluster_27
SRR26717681	2023	Human	cluster_19
SRR26718387	2023	Human	singleton_92
SRR26760251	2023	Turkey	cluster_27
SRR26767451	2023	Human	cluster_28
SRR26805790	2023	Human	cluster_27
SRR26825702	2023	Human	cluster_13
SRR26837996	2023	Human	cluster_24
SRR26838313	2023	Human	cluster_28
SRR26956281	2023	Human	cluster_13
SRR27131706	2023	Human	cluster_27
SRR27184324	2023	Human	cluster_28
SRR27184338	2023	Human	cluster_24
SRR27187047	2023	Bovine	singleton_6
SRR27200177	2023	Human	cluster_27
SRR27201661	2023	Turkey	cluster_27
SRR27209363	2023	Human	cluster_18
SRR27319047	2023	Human	singleton_71
SRR27345974	2023	Human	cluster_27
SRR27372417	2023	Human	cluster_24
SRR27380787	2023	Human	cluster_27
SRR27408362	2023	Unspecified Animal	cluster_27
SRR27473135	2023	Swine	cluster_18
SRR27492646	2023	Human	cluster_27
SRR27662585	2023	Human	cluster_27
SRR27762891	2024	Human	cluster_27
SRR27799219	2023	Human	singleton_23
SRR27833229	2024	Human	cluster_24
SRR27874192	2024	Human	cluster_27
SRR27899024	2024	Human	cluster_27
SRR27928140	2024	Human	cluster_27
SRR27957508	2024	Human	cluster_24
SRR27957543	2024	Human	cluster_27
SRR28005126	2024	Human	cluster_27
SRR28005129	2024	Human	singleton_39
SRR28015294	2024	Human	cluster_21
SRR28070544	2024	Human	cluster_27
SRR28212202	2024	Turkey	cluster_27
SRR28215352	2024	Human	cluster_27
SRR28287184	2024	Human	singleton_67
SRR28294551	2024	Human	singleton_82
SRR28373799	2024	Human	cluster_27
SRR28379587	2024	Human	singleton_38
SRR28420787	2024	Turkey	cluster_27
SRR2925319	2015	Turkey	cluster_27
SRR2959726	2015	Turkey	cluster_27
SRR2962898	2015	Swine	cluster_20
SRR2973722	2015	Turkey	cluster_27
SRR2973723	2015	Bovine	cluster_6
SRR3031873	2015	Swine	singleton_80
SRR3038514	2015	Turkey	cluster_27
SRR3098277	2015	Turkey	cluster_27
SRR3098278	2015	Swine	singleton_18
SRR3098377	2015	Swine	cluster_20
SRR3180032	2015	Turkey	cluster_27
SRR3184353	2016	Turkey	cluster_27
SRR3185063	2015	Human	cluster_27
SRR3187246	2016	Swine	cluster_20
SRR3199690	2016	Swine	cluster_20
SRR3225836	2016	Turkey	cluster_27
SRR3226926	2016	Swine	cluster_20
SRR3231413	2016	Human	cluster_27
SRR3322980	2016	Swine	cluster_20
SRR3405860	2016	Human	cluster_27
SRR3495144	2016	Human	cluster_27
SRR3499823	2015	Human	cluster_27
SRR3572683	2015	Human	cluster_27
SRR3642937	2016	Human	cluster_27
SRR3711018	2016	Turkey	cluster_27
SRR3930373	2016	Human	cluster_27
SRR3933713	2016	Human	cluster_27
SRR3933714	2016	Human	cluster_27
SRR3953782	2016	Turkey	cluster_27
SRR3954077	2016	Turkey	cluster_27
SRR3978280	2016	Human	cluster_9
SRR3995460	2016	Bovine	cluster_14
SRR3996626	2016	Human	cluster_9
SRR3996627	2016	Human	cluster_9
SRR3996628	2016	Human	cluster_9
SRR3999992	2016	Human	cluster_9
SRR4000222	2016	Human	cluster_9
SRR4005445	2016	Other	cluster_24
SRR4032945	2016	Human	cluster_9
SRR4032946	2016	Human	cluster_9
SRR4032949	2016	Human	cluster_9
SRR4032950	2016	Human	cluster_9
SRR4046875	2016	Unspecified Animal	cluster_9
SRR4046886	2016	Human	cluster_9
SRR4046888	2016	Human	cluster_9
SRR4046905	2016	Human	cluster_9
SRR4046907	2016	Human	cluster_9
SRR4054317	Unknown	Human	cluster_9
SRR4064302	2016	Human	cluster_9
SRR4101283	2016	Human	cluster_9
SRR4244410	2016	Human	cluster_27
SRR4273727	2016	Human	cluster_9
SRR4281396	2016	Swine	cluster_20
SRR4288727	2016	Turkey	cluster_27
SRR4293044	2016	Turkey	cluster_27
SRR4294998	2016	Human	cluster_9
SRR4295000	2016	Human	cluster_9
SRR4295001	2016	Human	cluster_27
SRR4295028	2016	Human	cluster_27
SRR4295029	2016	Human	cluster_27
SRR4295031	2016	Human	cluster_27
SRR4295038	2016	Human	cluster_27
SRR4342936	2016	Human	cluster_27
SRR4423568	2016	Human	cluster_9
SRR4449998	2016	Human	cluster_9
SRR5019457	2016	Swine	cluster_20
SRR5043211	2016	Turkey	cluster_27
SRR5045041	2016	Turkey	cluster_27
SRR5084266	2016	Human	cluster_27
SRR5110569	2016	Human	cluster_27
SRR5110598	2016	Human	cluster_27
SRR5110599	2016	Human	cluster_27
SRR5110600	2016	Human	singleton_25
SRR5121587	2016	Human	cluster_27
SRR5125747	2016	Turkey	cluster_27
SRR5129707	2016	Swine	cluster_20
SRR5132356	2016	Human	cluster_27
SRR5139868	2016	Turkey	cluster_27
SRR5151784	2016	Human	cluster_27
SRR5173493	2016	Human	cluster_27
SRR5184085	2016	Human	cluster_27
SRR5188693	2016	Human	cluster_27
SRR5188696	2016	Human	cluster_27
SRR5188702	2016	Human	cluster_27
SRR5188705	2016	Human	cluster_27
SRR5195296	2016	Human	cluster_27
SRR5196054	2016	Swine	cluster_20
SRR5201041	2016	Turkey	cluster_27
SRR5221461	2017	Human	cluster_27
SRR5221525	2016	Human	cluster_27
SRR5221527	2016	Human	cluster_27
SRR5221622	2016	Human	cluster_27
SRR5221896	2016	Turkey	cluster_27
SRR5229487	2017	Turkey	cluster_27
SRR5229493	2017	Turkey	cluster_27
SRR5238280	2016	Human	cluster_9
SRR5240701	2016	Human	cluster_27
SRR5249532	2016	Human	cluster_27
SRR5260036	2016	Human	cluster_12
SRR5275030	2016	Human	cluster_27
SRR5278124	2017	Bovine	cluster_20
SRR5336048	2017	Human	cluster_27
SRR5341714	2017	Human	cluster_27
SRR5350515	2017	Swine	cluster_20
SRR5350716	2017	Human	cluster_27
SRR5360686	2017	Human	cluster_28
SRR5360759	2017	Human	cluster_27
SRR5360982	2017	Human	cluster_27
SRR5368947	2017	Human	cluster_28
SRR5379209	2017	Human	cluster_27
SRR5382663	2017	Human	cluster_27
SRR5440550	2017	Human	cluster_24
SRR5456170	2017	Bovine	cluster_20
SRR5459628	2017	Human	cluster_27
SRR5471242	2017	Swine	cluster_20
SRR5486166	2016	Human	cluster_27
SRR5508225	2016	Human	cluster_27
SRR5508323	2016	Human	singleton_34
SRR5514397	2017	Swine	cluster_20
SRR5578904	2016	Human	cluster_27
SRR5579123	2015	Human	cluster_27
SRR5584524	2017	Swine	cluster_20
SRR5584703	2017	Human	cluster_18
SRR5588687	2017	Human	cluster_27
SRR5589781	2017	Turkey	cluster_27
SRR5599674	2017	Turkey	cluster_27
SRR5599702	2017	Turkey	cluster_27
SRR5640355	2017	Human	cluster_27
SRR5643222	2017	Swine	cluster_20
SRR5648043	2017	Turkey	cluster_27
SRR5655481	2017	Human	cluster_27
SRR5655520	2017	Human	cluster_27
SRR5659632	2016	Human	cluster_27
SRR5664322	2017	Human	cluster_24
SRR5680489	2017	Human	cluster_27
SRR5681034	2017	Swine	cluster_20
SRR5683897	2017	Turkey	cluster_27
SRR5684078	2017	Swine	cluster_20
SRR5684098	2017	Turkey	cluster_27
SRR5714259	2017	Human	cluster_27
SRR5725503	2017	Turkey	cluster_27
SRR5756380	2017	Human	cluster_27
SRR5761329	2016	Human	cluster_27
SRR5766662	2017	Turkey	cluster_27
SRR5767264	2017	Swine	cluster_27
SRR5808967	2017	Turkey	cluster_27
SRR5820800	2017	Human	cluster_27
SRR5828283	2017	Turkey	cluster_27
SRR5849999	2017	Human	cluster_24
SRR5852414	2017	Turkey	cluster_27
SRR5865141	2017	Human	cluster_9
SRR5865228	2017	Human	cluster_20
SRR5875981	2017	Human	cluster_27
SRR5876380	2017	Human	singleton_13
SRR5876850	2017	Human	cluster_27
SRR5881996	2017	Turkey	cluster_27
SRR5888046	2017	Human	cluster_27
SRR5888680	2017	Human	cluster_27
SRR5889601	2017	Turkey	cluster_27
SRR5890257	2017	Turkey	cluster_27
SRR5890507	2017	Human	cluster_27
SRR5890508	2017	Human	cluster_27
SRR5908452	2017	Human	cluster_27
SRR5945354	2017	Human	cluster_27
SRR5947682	2017	Human	cluster_27
SRR5948418	2017	Human	cluster_27
SRR5955377	2017	Bovine	cluster_20
SRR5956558	2017	Turkey	cluster_27
SRR5978527	2017	Human	cluster_27
SRR5980273	2017	Turkey	cluster_27
SRR5980278	2017	Turkey	cluster_27
SRR5982390	2017	Turkey	cluster_27
SRR5982400	2017	Turkey	cluster_27
SRR6008881	2017	Turkey	cluster_27
SRR6019630	2017	Human	cluster_20
SRR6025206	2017	Turkey	cluster_27
SRR6030269	2017	Turkey	cluster_27
SRR6038000	2017	Human	cluster_28
SRR6048237	2017	Swine	cluster_20
SRR6082066	2017	Human	cluster_27
SRR6107902	2017	Human	cluster_27
SRR6114316	2017	Human	cluster_27
SRR6155123	2017	Human	cluster_28
SRR6155224	2017	Human	cluster_20
SRR6165632	2017	Human	singleton_28
SRR6183302	Unknown	Unspecified Animal	cluster_18
SRR6192483	2017	Human	cluster_27
SRR6207037	2017	Turkey	cluster_27
SRR6216135	2017	Human	cluster_27
SRR6231030	Unknown	Human	cluster_5
SRR6231686	2017	Turkey	cluster_27
SRR6243417	2017	Human	cluster_27
SRR6249915	2017	Turkey	cluster_27
SRR6255076	2017	Turkey	cluster_27
SRR6255492	2017	Swine	cluster_20
SRR6283455	2017	Turkey	cluster_27
SRR6300167	2017	Human	cluster_16
SRR6313684	2017	Human	cluster_27
SRR6313795	2017	Human	cluster_27
SRR6313800	2017	Human	cluster_27
SRR6313807	2017	Human	cluster_27
SRR6324409	2017	Turkey	cluster_27
SRR6330655	2017	Human	cluster_27
SRR6334845	2017	Human	cluster_24
SRR6336077	2017	Swine	cluster_20
SRR6336395	2017	Bovine	cluster_19
SRR6337554	2017	Swine	cluster_26
SRR6345317	2017	Swine	cluster_20
SRR6345359	2017	Turkey	cluster_27
SRR6374143	2017	Turkey	cluster_27
SRR6375843	2017	Swine	cluster_20
SRR6377189	2017	Bovine	cluster_18
SRR6409464	2017	Human	cluster_27
SRR6424924	2017	Turkey	cluster_27
SRR6424961	2017	Bovine	cluster_19
SRR6425500	2017	Human	cluster_27
SRR6427389	2017	Turkey	cluster_27
SRR6433317	2017	Turkey	cluster_27
SRR6440098	2017	Human	cluster_27
SRR6440247	2017	Human	cluster_27
SRR6447529	2017	Turkey	cluster_27
SRR6459160	2017	Turkey	cluster_27
SRR6468428	2017	Human	cluster_18
SRR6468495	2017	Human	cluster_27
SRR6480183	2017	Human	cluster_28
SRR6481320	2017	Human	cluster_27
SRR6485340	2017	Human	cluster_27
SRR6485404	2017	Human	cluster_27
SRR6491235	2018	Human	cluster_27
SRR6493453	2017	Turkey	cluster_27
SRR6496821	2018	Turkey	cluster_27
SRR6497625	2017	Turkey	cluster_27
SRR6497658	2017	Turkey	cluster_27
SRR6498403	2018	Turkey	cluster_27
SRR6512915	2018	Turkey	cluster_27
SRR6513134	2018	Turkey	cluster_27
SRR6652749	2018	Turkey	cluster_27
SRR6652753	2018	Turkey	cluster_27
SRR6659266	2017	Turkey	cluster_27
SRR6663574	2018	Human	cluster_27
SRR6663581	2018	Human	cluster_27
SRR6672408	2018	Turkey	cluster_27
SRR6672420	2018	Turkey	cluster_27
SRR6676542	2017	Human	cluster_27
SRR6681093	2017	Bovine	cluster_18
SRR6682088	2018	Unspecified Animal	cluster_27
SRR6682090	2018	Human	cluster_27
SRR6703627	2017	Human	cluster_24
SRR6726164	2017	Turkey	cluster_27
SRR6726165	2018	Turkey	cluster_27
SRR6726172	2017	Human	cluster_27
SRR6729952	2018	Human	cluster_27
SRR6730013	2018	Human	singleton_4
SRR6750504	2017	Human	cluster_27
SRR6750604	2017	Human	cluster_27
SRR6750608	2018	Human	cluster_27
SRR6750641	2017	Turkey	cluster_27
SRR6750644	2017	Turkey	cluster_27
SRR6760585	2017	Human	cluster_27
SRR6760615	2018	Human	cluster_12
SRR6761934	2017	Turkey	cluster_27
SRR6762310	2018	Human	cluster_27
SRR6765863	2017	Human	cluster_24
SRR6782272	2017	Turkey	cluster_27
SRR6782574	2017	Human	cluster_27
SRR6791683	2017	Human	cluster_27
SRR6792284	2018	Turkey	cluster_27
SRR6798648	2018	Turkey	cluster_27
SRR6809363	2016	Turkey	cluster_27
SRR6811291	2018	Turkey	cluster_27
SRR6819396	2018	Turkey	cluster_27
SRR6821122	2018	Swine	cluster_18
SRR6869540	2018	Turkey	cluster_27
SRR6870148	2017	Human	cluster_27
SRR6879536	2018	Turkey	cluster_27
SRR6879911	2017	Human	cluster_27
SRR6880079	2018	Human	cluster_27
SRR6880933	2017	Human	cluster_27
SRR6881364	2018	Human	singleton_43
SRR6885386	2018	Human	cluster_27
SRR6895843	2017	Swine	singleton_52
SRR6895871	2017	Human	cluster_20
SRR6902806	2018	Human	cluster_27
SRR6902808	2017	Human	cluster_27
SRR6902817	2017	Human	cluster_27
SRR6902830	2017	Human	cluster_27
SRR6902832	2017	Human	cluster_27
SRR6904571	2018	Turkey	cluster_27
SRR6916366	2017	Human	cluster_27
SRR6916372	2018	Human	cluster_27
SRR6916422	2018	Human	cluster_27
SRR6920570	2017	Human	cluster_27
SRR6926848	2018	Human	cluster_10
SRR6940819	2018	Human	cluster_7
SRR6944258	2018	Turkey	cluster_27
SRR6967966	2018	Human	cluster_27
SRR6976759	2018	Turkey	cluster_27
SRR6984376	2018	Human	cluster_27
SRR6994089	2018	Turkey	cluster_27
SRR7039733	2017	Human	cluster_24
SRR7039751	2018	Human	cluster_27
SRR7049871	2018	Human	cluster_27
SRR7051512	2018	Turkey	cluster_27
SRR7051543	2018	Turkey	cluster_27
SRR7056122	2018	Human	cluster_27
SRR7058974	2018	Turkey	cluster_27
SRR7072115	2018	Turkey	cluster_27
SRR7084494	2018	Turkey	cluster_27
SRR7084655	2018	Turkey	cluster_27
SRR7093188	2018	Human	cluster_27
SRR7119014	2018	Human	cluster_27
SRR7119882	2018	Turkey	cluster_27
SRR7123216	2018	Swine	cluster_18
SRR7125420	2018	Human	cluster_27
SRR7126173	2018	Turkey	cluster_27
SRR7126177	2018	Swine	cluster_20
SRR7132642	2018	Human	cluster_27
SRR7132728	2018	Turkey	cluster_27
SRR7132732	2018	Turkey	cluster_27
SRR7132738	2018	Turkey	cluster_27
SRR7140312	2018	Human	cluster_3
SRR7140331	2018	Human	cluster_27
SRR7140394	2018	Human	cluster_27
SRR7155917	2018	Human	cluster_3
SRR7167151	2018	Human	cluster_27
SRR7167152	2018	Human	cluster_27
SRR7167159	2018	Human	cluster_27
SRR7178489	2018	Turkey	cluster_27
SRR7178786	2018	Human	cluster_27
SRR7178800	2018	Human	cluster_27
SRR7179439	2018	Human	cluster_3
SRR7184512	2018	Turkey	cluster_27
SRR7189396	2018	Turkey	cluster_27
SRR7189397	2018	Turkey	cluster_27
SRR7189406	2018	Turkey	cluster_27
SRR7192730	2018	Turkey	cluster_27
SRR7193819	2018	Human	cluster_3
SRR7193824	2018	Human	cluster_3
SRR7207853	2018	Turkey	cluster_27
SRR7221074	2018	Turkey	cluster_27
SRR7221522	2018	Turkey	cluster_27
SRR7235869	2018	Human	cluster_27
SRR7235876	2018	Human	cluster_27
SRR7237419	2018	Turkey	cluster_27
SRR7245756	2018	Human	cluster_27
SRR7253174	2018	Human	cluster_27
SRR7255311	2018	Bovine	cluster_20
SRR7257319	2018	Turkey	cluster_27
SRR7257357	2018	Turkey	cluster_27
SRR7257602	2018	Turkey	cluster_27
SRR7267485	2018	Turkey	cluster_27
SRR7267504	2018	Turkey	cluster_27
SRR7267888	2018	Turkey	cluster_27
SRR7269147	2018	Human	cluster_27
SRR7269204	2018	Human	cluster_27
SRR7280277	2018	Human	cluster_27
SRR7280291	2018	Human	cluster_27
SRR7280318	2018	Human	cluster_27
SRR7284405	2018	Turkey	cluster_27
SRR7284544	2018	Turkey	cluster_27
SRR7284553	2018	Turkey	cluster_27
SRR7284560	2018	Turkey	cluster_27
SRR7288556	2018	Turkey	cluster_27
SRR7289064	2018	Turkey	cluster_27
SRR7289144	2018	Turkey	cluster_27
SRR7292791	2018	Turkey	cluster_27
SRR7293961	2018	Turkey	cluster_27
SRR7300303	2018	Human	cluster_27
SRR7341747	2018	Turkey	cluster_27
SRR7348344	2018	Human	singleton_93
SRR7348387	2018	Human	cluster_27
SRR7358413	2018	Swine	cluster_18
SRR7406181	2018	Human	cluster_27
SRR7406210	2018	Turkey	cluster_27
SRR7419504	2018	Human	cluster_27
SRR7426087	2018	Turkey	cluster_27
SRR7439097	2018	Bovine	cluster_18
SRR7439615	2018	Turkey	cluster_27
SRR7439617	2018	Turkey	cluster_27
SRR7441968	2018	Human	cluster_27
SRR7441997	2018	Human	cluster_27
SRR7444525	2018	Turkey	cluster_27
SRR7444549	2018	Turkey	cluster_27
SRR7447155	2018	Human	cluster_27
SRR7447185	2018	Human	cluster_27
SRR7447191	2018	Human	cluster_27
SRR7449517	2018	Turkey	cluster_27
SRR7449518	2018	Turkey	cluster_27
SRR7455501	2018	Turkey	cluster_27
SRR7455502	2018	Turkey	cluster_27
SRR7458100	2018	Turkey	cluster_27
SRR7458123	2018	Turkey	cluster_27
SRR7459799	2018	Turkey	cluster_27
SRR7466517	2018	Human	singleton_87
SRR7472851	2018	Human	cluster_27
SRR7500856	2018	Turkey	cluster_27
SRR7514282	2018	Human	cluster_27
SRR7514450	2018	Human	cluster_27
SRR7514455	2018	Human	cluster_27
SRR7514456	Unknown	Unspecified Animal	cluster_27
SRR7514526	2018	Human	cluster_27
SRR7514740	2018	Human	cluster_27
SRR7516022	2018	Turkey	cluster_27
SRR7516040	2018	Turkey	cluster_27
SRR7518600	Unknown	Unspecified Animal	cluster_27
SRR7524766	2018	Human	cluster_27
SRR7524820	Unknown	Unspecified Animal	cluster_27
SRR7527900	2018	Turkey	cluster_27
SRR7528388	2018	Turkey	cluster_27
SRR7529416	2018	Turkey	cluster_27
SRR7532741	2018	Human	cluster_27
SRR7536586	2018	Human	cluster_27
SRR7537009	2018	Human	singleton_50
SRR7545546	2018	Human	cluster_28
SRR7550762	2018	Turkey	cluster_27
SRR7551537	2018	Human	cluster_27
SRR7588128	2015	Human	cluster_27
SRR7588129	2018	Human	cluster_27
SRR7588147	2017	Human	cluster_27
SRR7588353	2018	Turkey	cluster_27
SRR7588403	2018	Turkey	cluster_27
SRR7610564	2018	Human	cluster_27
SRR7615155	2018	Swine	cluster_18
SRR7615182	2018	Turkey	cluster_27
SRR7620462	2018	Human	cluster_27
SRR7620959	2018	Turkey	cluster_27
SRR7627649	2018	Human	cluster_27
SRR7628012	2018	Human	cluster_27
SRR7632597	2018	Turkey	cluster_27
SRR7633332	2018	Human	cluster_27
SRR7634009	2018	Human	cluster_27
SRR7639238	2018	Human	cluster_27
SRR7642182	2018	Human	cluster_27
SRR7648377	2018	Human	cluster_27
SRR7657491	2018	Turkey	cluster_27
SRR7657579	2018	Turkey	cluster_27
SRR7658968	2018	Turkey	cluster_27
SRR7658969	2018	Turkey	cluster_27
SRR7658995	2018	Turkey	cluster_27
SRR7661082	2018	Turkey	cluster_27
SRR7661163	2018	Turkey	cluster_27
SRR7661232	2018	Human	cluster_27
SRR7661296	2018	Turkey	cluster_27
SRR7664528	2018	Human	cluster_27
SRR7664716	2018	Turkey	cluster_27
SRR7691739	2018	Human	cluster_27
SRR7691772	2018	Human	cluster_27
SRR7693507	2018	Turkey	cluster_27
SRR7697264	2018	Human	cluster_27
SRR7701217	2018	Human	cluster_7
SRR7703035	2018	Human	cluster_27
SRR7719493	2018	Human	cluster_27
SRR7719506	2018	Human	cluster_16
SRR7719523	2018	Human	cluster_27
SRR7721643	2018	Turkey	cluster_27
SRR7721706	2018	Turkey	cluster_27
SRR7721709	2018	Turkey	cluster_27
SRR7724235	2018	Turkey	cluster_27
SRR7724532	2018	Turkey	cluster_27
SRR7740939	2018	Human	cluster_27
SRR7740955	2018	Human	cluster_27
SRR7740958	2018	Human	cluster_27
SRR7740978	2018	Human	cluster_27
SRR7741006	2018	Human	cluster_27
SRR7750721	2018	Human	cluster_27
SRR7767046	2018	Human	cluster_27
SRR7770297	2018	Turkey	cluster_27
SRR7770303	2018	Turkey	cluster_27
SRR7771831	2018	Turkey	cluster_27
SRR7773558	2018	Human	cluster_27
SRR7783985	2018	Human	cluster_18
SRR7786086	2018	Bovine	cluster_27
SRR7786094	2018	Turkey	cluster_27
SRR7789491	2018	Swine	cluster_27
SRR7790303	2018	Turkey	cluster_27
SRR7803888	2018	Human	cluster_27
SRR7811540	2018	Human	cluster_27
SRR7815486	2018	Turkey	cluster_27
SRR7820868	2018	Human	cluster_27
SRR7823312	2018	Turkey	cluster_27
SRR7830544	Unknown	Unspecified Animal	cluster_27
SRR7838539	2018	Turkey	cluster_27
SRR7840905	2018	Turkey	cluster_27
SRR7859908	2018	Human	cluster_27
SRR7865589	2018	Turkey	cluster_27
SRR7865598	2018	Human	cluster_27
SRR7874504	2018	Human	cluster_27
SRR7876231	2018	Turkey	cluster_27
SRR7876232	2018	Turkey	cluster_27
SRR7882089	2018	Human	cluster_27
SRR7888903	2018	Human	singleton_76
SRR7895438	2018	Turkey	cluster_27
SRR7896485	2018	Turkey	cluster_27
SRR7903291	2018	Bovine	cluster_17
SRR7905912	2018	Human	singleton_78
SRR7906621	2018	Human	cluster_27
SRR7906681	2018	Human	cluster_27
SRR7906685	2018	Human	cluster_27
SRR7939345	2018	Turkey	cluster_27
SRR7939637	2018	Human	cluster_27
SRR7956006	2018	Turkey	cluster_27
SRR7958770	2018	Human	cluster_27
SRR7958774	2018	Human	cluster_27
SRR7958863	2018	Human	singleton_84
SRR7959002	2018	Human	cluster_27
SRR7965131	2018	Human	cluster_27
SRR7965135	2018	Human	cluster_27
SRR7966654	2018	Turkey	cluster_27
SRR7974099	2018	Turkey	cluster_27
SRR7985809	2018	Turkey	cluster_27
SRR8003821	2018	Turkey	cluster_27
SRR8003825	2018	Turkey	cluster_27
SRR8030251	2018	Human	cluster_27
SRR8037275	2018	Turkey	cluster_27
SRR8054099	2018	Human	cluster_27
SRR8054419	2018	Bovine	cluster_20
SRR8058183	2018	Human	cluster_27
SRR8058221	2018	Turkey	cluster_27
SRR8066649	2018	Swine	cluster_20
SRR8076526	2018	Human	cluster_27
SRR8080796	2018	Turkey	cluster_27
SRR8087252	2018	Turkey	cluster_27
SRR8091863	2018	Human	cluster_27
SRR8098474	2018	Turkey	cluster_27
SRR8110010	2018	Turkey	cluster_27
SRR8110014	2018	Turkey	cluster_27
SRR8110719	2018	Swine	cluster_18
SRR8110920	2018	Turkey	cluster_27
SRR8113599	2018	Human	cluster_27
SRR8113628	2018	Human	cluster_21
SRR8121202	2018	Human	cluster_27
SRR8121216	Unknown	Human	cluster_24
SRR8136934	2018	Turkey	cluster_27
SRR8137013	2018	Turkey	cluster_27
SRR8142408	2018	Human	cluster_27
SRR8144995	Unknown	Unspecified Animal	cluster_27
SRR8145080	2018	Human	cluster_27
SRR8145237	2018	Human	cluster_27
SRR8146904	2018	Turkey	cluster_27
SRR8157445	2018	Turkey	cluster_27
SRR8157473	2018	Turkey	cluster_27
SRR8157509	2018	Turkey	cluster_27
SRR8157511	2018	Turkey	cluster_27
SRR8164339	2018	Human	cluster_27
SRR8169733	2018	Turkey	cluster_27
SRR8169738	2018	Turkey	cluster_27
SRR8170800	2018	Human	cluster_27
SRR8172882	2018	Bovine	cluster_18
SRR8179221	2018	Turkey	cluster_27
SRR8189041	2018	Turkey	cluster_27
SRR8189049	2018	Turkey	cluster_27
SRR8189053	2018	Turkey	cluster_27
SRR8189058	2018	Turkey	cluster_27
SRR8189163	2018	Human	cluster_27
SRR8192902	2018	Human	singleton_53
SRR8198149	2018	Turkey	cluster_27
SRR8206096	2018	Turkey	cluster_27
SRR8207742	2018	Human	cluster_27
SRR8207763	2018	Human	cluster_27
SRR8234057	2018	Turkey	cluster_27
SRR8236533	2018	Turkey	cluster_27
SRR8241886	2018	Turkey	cluster_27
SRR8244522	2018	Human	cluster_27
SRR8263937	2018	Turkey	cluster_27
SRR8264675	2018	Turkey	cluster_27
SRR8266269	2018	Human	cluster_27
SRR8267734	2018	Turkey	cluster_27
SRR8267742	2018	Turkey	cluster_27
SRR8268234	2018	Human	cluster_27
SRR8274815	2018	Human	cluster_27
SRR8291782	2018	Human	cluster_27
SRR8294471	2018	Human	cluster_27
SRR8294488	2018	Human	cluster_27
SRR8294506	2018	Human	cluster_27
SRR8294536	2018	Human	cluster_27
SRR8294556	2018	Human	cluster_27
SRR8294577	2018	Human	cluster_27
SRR8298605	2018	Human	cluster_27
SRR8299126	2018	Human	cluster_27
SRR8299148	2018	Human	cluster_27
SRR8299168	2018	Human	cluster_27
SRR8299337	2018	Human	cluster_27
SRR8303241	2018	Human	cluster_27
SRR8303390	2018	Human	cluster_27
SRR8313088	2018	Turkey	cluster_27
SRR8315374	2018	Turkey	cluster_27
SRR8315383	2018	Turkey	cluster_27
SRR8354926	2018	Turkey	cluster_27
SRR8354935	2018	Turkey	cluster_27
SRR8354938	2018	Turkey	cluster_27
SRR8354955	2018	Human	cluster_27
SRR8354966	2018	Human	cluster_27
SRR8354972	2018	Human	cluster_27
SRR8355570	2018	Human	cluster_27
SRR8358391	2018	Turkey	cluster_27
SRR8358575	2018	Turkey	cluster_27
SRR8370027	2018	Human	cluster_27
SRR8370048	2018	Human	singleton_83
SRR8370051	2018	Human	cluster_27
SRR8370611	2018	Turkey	cluster_27
SRR8383796	2018	Human	cluster_27
SRR8383801	2018	Human	cluster_27
SRR8383976	2018	Human	cluster_27
SRR8384328	2018	Human	cluster_27
SRR8384455	2018	Human	cluster_27
SRR8384889	2018	Human	cluster_27
SRR8394112	2018	Human	cluster_27
SRR8394201	2018	Human	cluster_27
SRR8394223	2018	Human	cluster_27
SRR8394431	2018	Human	cluster_27
SRR8401014	2018	Human	cluster_27
SRR8401227	2018	Human	cluster_27
SRR8403999	2018	Turkey	cluster_27
SRR8404132	2018	Turkey	cluster_27
SRR8418689	2018	Human	cluster_27
SRR8418695	2018	Human	cluster_27
SRR8418783	2018	Human	cluster_27
SRR8418819	2018	Human	cluster_27
SRR8418825	2018	Human	cluster_27
SRR8422108	2018	Turkey	cluster_27
SRR8426355	2018	Turkey	cluster_27
SRR8430265	2018	Turkey	cluster_27
SRR8434414	2018	Turkey	cluster_27
SRR8434899	2018	Human	cluster_27
SRR8434977	2018	Human	cluster_27
SRR8434981	2018	Human	cluster_27
SRR8439803	2018	Human	cluster_27
SRR8444381	2018	Human	cluster_27
SRR8447255	2018	Turkey	cluster_27
SRR8447358	2019	Turkey	cluster_27
SRR8455526	2018	Human	cluster_27
SRR8464747	2019	Turkey	cluster_27
SRR8469291	2018	Human	cluster_27
SRR8469304	2018	Human	cluster_27
SRR8469445	Unknown	Unspecified Animal	cluster_27
SRR8477374	2018	Human	cluster_27
SRR8478047	2018	Human	cluster_27
SRR8478283	2019	Human	cluster_27
SRR8479218	2019	Turkey	cluster_27
SRR8479224	2019	Bovine	cluster_18
SRR8479227	2019	Turkey	cluster_27
SRR8482330	2018	Human	cluster_28
SRR8482445	2018	Human	cluster_27
SRR8494888	Unknown	Unspecified Animal	cluster_27
SRR8494894	2019	Human	cluster_27
SRR8494993	2019	Human	singleton_8
SRR8495079	2018	Human	cluster_27
SRR8495082	2018	Human	cluster_27
SRR8495266	2019	Swine	cluster_18
SRR8495273	2019	Swine	cluster_18
SRR8502524	2019	Turkey	cluster_27
SRR8502532	2019	Turkey	cluster_27
SRR8503368	2018	Turkey	cluster_27
SRR8511068	2018	Turkey	cluster_27
SRR8511069	2018	Human	cluster_27
SRR8511079	2018	Turkey	cluster_27
SRR8511090	2018	Human	cluster_27
SRR8511116	2018	Human	cluster_27
SRR8511140	2019	Human	cluster_27
SRR8522971	2018	Turkey	cluster_27
SRR8529212	2019	Turkey	cluster_27
SRR8529222	2019	Swine	cluster_18
SRR8533989	2019	Human	cluster_27
SRR8534263	2018	Human	cluster_27
SRR8545584	2019	Human	cluster_27
SRR8548567	2019	Turkey	cluster_27
SRR8548834	2019	Turkey	cluster_27
SRR8549408	2019	Human	cluster_27
SRR8549428	2019	Human	cluster_27
SRR8550713	2018	Human	cluster_27
SRR8550716	2018	Human	singleton_22
SRR8551908	2019	Human	cluster_27
SRR8556346	2019	Turkey	cluster_27
SRR8556380	2019	Turkey	cluster_27
SRR8559168	2019	Turkey	cluster_27
SRR8568042	2019	Human	cluster_27
SRR8575554	2019	Human	cluster_27
SRR8575645	2019	Human	cluster_27
SRR8575923	2019	Human	cluster_27
SRR8582783	2019	Turkey	cluster_27
SRR8584205	2019	Turkey	cluster_27
SRR8591223	2019	Human	cluster_27
SRR8593395	2019	Other	cluster_18
SRR8599219	2019	Turkey	cluster_27
SRR8618292	2019	Human	cluster_27
SRR8618293	2019	Human	cluster_27
SRR8618321	2019	Swine	cluster_18
SRR8618328	2019	Turkey	cluster_27
SRR8618407	2019	Human	cluster_27
SRR8618419	Unknown	Human	cluster_27
SRR8619345	2007	Human	cluster_7
SRR8626393	2019	Swine	cluster_18
SRR8643937	2019	Human	cluster_27
SRR8645343	Unknown	Unspecified Animal	cluster_27
SRR8645348	2019	Human	cluster_27
SRR8645374	2018	Human	cluster_27
SRR8645704	2019	Human	cluster_27
SRR8647333	2018	Human	singleton_9
SRR8648029	2019	Human	cluster_27
SRR8648048	2019	Human	cluster_27
SRR8649980	2019	Turkey	cluster_27
SRR8723118	2019	Turkey	cluster_27
SRR8731206	2019	Other Animal	cluster_27
SRR8731237	2019	Other Animal	cluster_27
SRR8731245	2019	Other Animal	cluster_27
SRR8731257	2019	Other Animal	cluster_27
SRR8731263	2019	Other Animal	cluster_27
SRR8731266	2019	Other Animal	cluster_27
SRR8731945	2019	Human	cluster_27
SRR8731946	2019	Human	cluster_27
SRR8731950	2019	Human	cluster_27
SRR8731951	2019	Human	cluster_27
SRR8731961	2019	Human	cluster_27
SRR8732060	2019	Human	cluster_27
SRR8732070	2019	Human	cluster_27
SRR8732216	2019	Human	cluster_27
SRR8732352	2019	Human	cluster_27
SRR8732364	2019	Human	cluster_27
SRR8732451	2018	Human	singleton_19
SRR8733378	2019	Human	cluster_27
SRR8733392	2019	Human	cluster_27
SRR8733687	2019	Human	cluster_27
SRR8733819	2019	Human	cluster_27
SRR8733823	2016	Human	cluster_27
SRR8733961	2019	Human	cluster_27
SRR8733962	2019	Human	cluster_27
SRR8733970	2019	Human	cluster_27
SRR8733972	2019	Human	cluster_27
SRR8733982	2019	Human	cluster_27
SRR8733983	2019	Human	cluster_27
SRR8733985	2019	Human	cluster_27
SRR8733993	2019	Human	cluster_27
SRR8734001	2019	Human	cluster_27
SRR8734002	2019	Human	cluster_27
SRR8734003	2019	Human	cluster_27
SRR8734011	2019	Human	cluster_27
SRR8734014	2019	Human	cluster_27
SRR8734016	2019	Human	cluster_27
SRR8734019	2019	Human	cluster_27
SRR8734047	2019	Human	cluster_27
SRR8734053	2019	Human	cluster_27
SRR8734078	2019	Human	cluster_27
SRR8734098	2018	Human	cluster_27
SRR8734104	2019	Human	cluster_27
SRR8734155	2019	Human	cluster_27
SRR8734184	2019	Human	cluster_27
SRR8734185	2019	Human	cluster_27
SRR8734196	2019	Human	cluster_27
SRR8734200	2019	Human	cluster_27
SRR8734208	2019	Human	cluster_27
SRR8734311	2018	Human	cluster_27
SRR8734318	2018	Human	cluster_27
SRR8734335	2018	Human	cluster_27
SRR8734372	2018	Human	cluster_27
SRR8741698	2019	Human	cluster_27
SRR8741757	2019	Human	cluster_27
SRR8741844	Unknown	Human	cluster_27
SRR8752181	2019	Turkey	cluster_27
SRR8753374	2019	Turkey	cluster_27
SRR8753423	2019	Turkey	cluster_27
SRR8753503	2019	Turkey	cluster_27
SRR8754547	2019	Turkey	cluster_27
SRR8754890	2019	Turkey	cluster_27
SRR8754948	2019	Turkey	cluster_27
SRR8756729	2018	Human	cluster_27
SRR8757240	2019	Human	cluster_27
SRR8770935	2019	Chicken	cluster_27
SRR8778594	2019	Turkey	cluster_27
SRR8780929	2019	Human	cluster_27
SRR8781626	2019	Human	cluster_27
SRR8786759	2019	Human	cluster_27
SRR8786787	2019	Human	cluster_27
SRR8786793	2019	Human	cluster_27
SRR8793658	2019	Human	cluster_27
SRR8794993	2019	Turkey	cluster_27
SRR8795002	2019	Turkey	cluster_27
SRR8795007	2019	Turkey	cluster_27
SRR8795527	2019	Swine	cluster_18
SRR8795610	2019	Turkey	cluster_27
SRR8800807	2019	Turkey	cluster_27
SRR8832242	2019	Turkey	cluster_27
SRR8839647	2019	Turkey	cluster_27
SRR8841067	2019	Turkey	cluster_27
SRR8841130	2019	Turkey	cluster_27
SRR8856823	2019	Turkey	cluster_27
SRR8864219	2019	Turkey	cluster_27
SRR8865139	2019	Turkey	cluster_27
SRR8866180	2019	Human	singleton_26
SRR8866382	2019	Human	cluster_27
SRR8866390	2019	Human	cluster_27
SRR8866630	2019	Human	cluster_27
SRR8867461	2019	Turkey	cluster_27
SRR8867468	2019	Turkey	cluster_27
SRR8870224	2019	Human	cluster_27
SRR8871947	2019	Human	cluster_27
SRR8878463	2019	Human	cluster_27
SRR8882073	2018	Human	cluster_27
SRR8882120	2019	Turkey	cluster_27
SRR8887789	2018	Human	cluster_27
SRR8887795	2018	Human	cluster_27
SRR8888182	2018	Human	cluster_27
SRR8888200	2019	Human	cluster_24
SRR8888274	Unknown	Human	cluster_27
SRR8888331	2019	Human	singleton_62
SRR8896883	2019	Turkey	cluster_27
SRR8896909	2019	Turkey	cluster_27
SRR8915525	2019	Turkey	cluster_27
SRR8915529	2019	Turkey	cluster_27
SRR8921836	2019	Human	cluster_27
SRR8923032	2019	Human	cluster_27
SRR8923438	2019	Swine	cluster_18
SRR8924420	2019	Swine	cluster_18
SRR8925563	2019	Turkey	cluster_27
SRR8930549	2019	Human	cluster_27
SRR8932745	2019	Human	cluster_27
SRR8946818	2019	Turkey	cluster_27
SRR8946820	2019	Turkey	cluster_27
SRR8946960	2019	Turkey	cluster_27
SRR8950109	2019	Turkey	cluster_27
SRR8950347	2019	Human	cluster_27
SRR8950556	2019	Chicken	cluster_27
SRR8951822	2019	Turkey	cluster_27
SRR8962201	2019	Human	cluster_27
SRR8962311	2019	Human	cluster_27
SRR8978605	2019	Human	cluster_24
SRR8978902	2019	Human	cluster_27
SRR8979022	2019	Human	cluster_27
SRR8979025	2019	Human	cluster_18
SRR8980723	2019	Turkey	cluster_27
SRR8983666	2019	Turkey	cluster_27
SRR8984171	2019	Human	cluster_27
SRR8984752	2019	Human	cluster_27
SRR8985457	2019	Human	cluster_27
SRR8991888	2019	Human	cluster_27
SRR8997899	2019	Turkey	cluster_27
SRR9002687	2019	Human	cluster_27
SRR9007153	2018	Human	cluster_27
SRR9007161	2018	Human	cluster_27
SRR9010049	2019	Turkey	cluster_27
SRR9023150	2019	Human	cluster_27
SRR9024449	2019	Human	cluster_27
SRR9041530	2019	Human	cluster_27
SRR9054068	2019	Human	cluster_27
SRR9054522	2019	Human	cluster_27
SRR9057453	2019	Human	cluster_27
SRR9058789	2019	Human	cluster_27
SRR9060751	2019	Human	cluster_27
SRR9066649	2019	Turkey	cluster_27
SRR9105519	2019	Turkey	cluster_27
SRR9105522	2019	Turkey	cluster_27
SRR9127609	2019	Turkey	cluster_27
SRR9127632	2019	Swine	cluster_18
SRR9127674	2019	Turkey	cluster_27
SRR9137317	2019	Human	cluster_27
SRR9137395	2019	Human	cluster_24
SRR9137409	2019	Human	cluster_27
SRR9139764	2019	Turkey	cluster_27
SRR9141589	2019	Human	cluster_27
SRR9166934	2019	Human	cluster_28
SRR9171581	2019	Human	cluster_27
SRR9179260	2019	Human	cluster_27
SRR9184519	2019	Human	cluster_27
SRR9189109	2019	Turkey	cluster_27
SRR9207115	2019	Turkey	cluster_27
SRR9207150	2019	Turkey	cluster_27
SRR9211513	2019	Human	cluster_27
SRR9212124	2019	Turkey	cluster_27
SRR9212125	2019	Turkey	cluster_27
SRR9212394	2019	Turkey	cluster_27
SRR9268577	2019	Human	cluster_18
SRR9268655	2019	Human	cluster_27
SRR9268680	2019	Human	cluster_18
SRR9268708	2019	Human	cluster_27
SRR9269913	2019	Human	cluster_18
SRR9273272	2019	Human	cluster_27
SRR9277705	2019	Turkey	cluster_27
SRR9277712	2019	Turkey	cluster_27
SRR9283117	2019	Human	cluster_27
SRR9289323	2019	Swine	cluster_18
SRR9292484	2019	Human	cluster_27
SRR9300935	2019	Human	cluster_18
SRR9302506	2019	Turkey	cluster_27
SRR9302586	2019	Human	cluster_27
SRR9302754	2019	Human	cluster_27
SRR9303095	2019	Human	cluster_27
SRR9304084	2019	Human	cluster_27
SRR9304141	2019	Turkey	cluster_27
SRR9326876	2019	Human	cluster_27
SRR9326884	2019	Human	singleton_2
SRR9333598	2019	Turkey	cluster_27
SRR9334842	2019	Human	cluster_27
SRR9335347	2019	Human	cluster_27
SRR9597294	2019	Human	cluster_27
SRR9602984	2019	Turkey	cluster_27
SRR9609621	2019	Turkey	cluster_27
SRR9609625	2019	Turkey	cluster_27
SRR9611926	2019	Turkey	cluster_27
SRR9616445	2019	Human	cluster_27
SRR9616449	2019	Human	cluster_27
SRR9637583	2019	Human	singleton_48
SRR9641783	2019	Human	cluster_27
SRR9643038	2019	Turkey	cluster_27
SRR9646728	2019	Human	cluster_27
SRR9647841	2019	Human	cluster_27
SRR9652241	2019	Swine	cluster_18
SRR9659679	Unknown	Human	cluster_27
SRR9661826	2019	Human	cluster_27
SRR9668031	2019	Turkey	cluster_27
SRR9671843	2019	Human	cluster_18
SRR9674357	2019	Turkey	cluster_27
SRR9686189	Unknown	Human	cluster_27
SRR9694099	2019	Human	cluster_27
SRR9696818	2019	Human	singleton_10
SRR9696854	2019	Human	cluster_28
SRR9696857	2019	Human	cluster_28
SRR9696868	2019	Human	cluster_28
SRR9699308	2019	Turkey	cluster_27
SRR9699349	2019	Human	cluster_28
SRR9699537	2019	Turkey	cluster_27
SRR9708980	2019	Human	cluster_18
SRR9715733	2019	Human	cluster_27
SRR9715843	2019	Swine	cluster_18
SRR9715895	2019	Turkey	cluster_27
SRR9717110	2019	Turkey	cluster_27
SRR9717165	2019	Turkey	cluster_27
SRR9721861	2019	Turkey	cluster_27
SRR9732253	2019	Turkey	cluster_27
SRR9822765	2019	Human	cluster_27
SRR9825145	2019	Human	cluster_27
SRR9842989	2019	Human	singleton_27
SRR9845441	2019	Turkey	cluster_27
SRR9845444	2019	Turkey	cluster_27
SRR9847652	2019	Human	cluster_27
SRR9860348	2019	Turkey	cluster_27
SRR9860617	2019	Human	cluster_27
SRR9860740	2019	Human	cluster_18
SRR9861240	2019	Human	cluster_27
SRR9866305	2019	Human	cluster_27
SRR9875346	2019	Turkey	cluster_27
SRR9879910	2019	Turkey	cluster_27
SRR9879919	2019	Turkey	cluster_27
SRR9886762	2019	Human	cluster_27
SRR9888483	2019	Human	cluster_18
SRR9903690	2019	Human	cluster_27
SRR9903712	2019	Human	cluster_27
SRR9903776	2019	Human	cluster_27
SRR9910983	2019	Turkey	cluster_27
SRR9911565	2019	Human	cluster_27
SRR9911867	2019	Human	cluster_27
SRR9917307	2019	Turkey	cluster_27
SRR9932309	2019	Human	singleton_24
SRR9943144	2019	Turkey	cluster_27
SRR9943391	2019	Turkey	cluster_27
SRR9944906	Unknown	Human	cluster_27
SRR9962765	2019	Turkey	cluster_27
SRR9969601	Unknown	Human	cluster_27
SRR9974544	2019	Human	cluster_27
SRR9974545	2019	Human	cluster_27
SRR9985574	2019	Human	cluster_27
SRR9988282	2019	Human	cluster_18
SRR9990097	2019	Bovine	cluster_18
SRR9990111	2019	Turkey	cluster_27
RS317	2016	Other	cluster_27
RS322	2017	Turkey	cluster_27
RS326	2018	Other	cluster_27
RS328	2017	Turkey	cluster_27
RS330	2018	Other	singleton_16
RS331	2018	Other	cluster_27
RS338	2018	Other	singleton_56
SRR1185828	2002	Turkey	singleton_20
SRR1263429	2005	Chicken	cluster_5
SRR1363282	2003	Turkey	cluster_5
SRR1553734	2004	Turkey	cluster_5
SRR1598889	2005	Turkey	cluster_25
SRR2002464	2006	Turkey	singleton_14
SRR2078205	2006	Turkey	cluster_5
SRR3242354	2008	Turkey	cluster_25
