ID	Year	Source	MST-51
SRR10002297	2019	Human	cluster_4
SRR10002522	2019	Human	cluster_33
SRR10010803	2019	Human	singleton_45
SRR10022453	2019	Human	cluster_33
SRR10024938	2019	Turkey	cluster_34
SRR10026563	2019	Human	cluster_12
SRR10027410	2019	Turkey	cluster_34
SRR10032653	2019	Turkey	cluster_33
SRR10037291	2019	Human	cluster_34
SRR10050115	2019	Human	cluster_34
SRR10062665	2019	Turkey	cluster_33
SRR10067668	2019	Human	cluster_34
SRR10072249	Unknown	Unspecified Animal	cluster_9
SRR10080246	2019	Human	cluster_34
SRR10100544	2019	Human	singleton_53
SRR10107304	2019	Human	cluster_34
SRR10119333	2019	Human	cluster_34
SRR10126606	2019	Bovine	cluster_34
SRR10126610	2019	Bovine	cluster_34
SRR10126734	2019	Human	cluster_34
SRR10137215	2019	Human	cluster_34
SRR10137224	2019	Human	cluster_34
SRR10137233	2019	Human	cluster_34
SRR10152443	2019	Human	cluster_34
SRR10156181	2019	Swine	cluster_34
SRR10156809	2019	Human	cluster_33
SRR10164109	2019	Chicken	cluster_34
SRR10164565	2019	Swine	cluster_34
SRR10164572	2019	Bovine	cluster_34
SRR10165133	2019	Human	cluster_4
SRR10165162	2019	Swine	cluster_34
SRR10167972	2019	Human	cluster_33
SRR10174323	2019	Human	cluster_34
SRR10175709	2019	Human	cluster_33
SRR10187046	2019	Swine	cluster_34
SRR10194887	2019	Human	cluster_15
SRR10198970	2019	Swine	cluster_34
SRR10206156	2019	Human	cluster_34
SRR10207124	2019	Human	cluster_34
SRR10217875	2019	Human	cluster_23
SRR10224605	2019	Human	cluster_34
SRR10244759	Unknown	Human	cluster_34
SRR10246240	2019	Human	cluster_33
SRR10269679	2019	Other Animal	cluster_34
SRR10279851	2019	Human	cluster_34
SRR10281036	2019	Human	singleton_26
SRR10283284	2019	Human	cluster_34
SRR10292530	2019	Human	cluster_34
SRR10303275	2019	Human	cluster_34
SRR10325933	2019	Human	cluster_33
SRR10395334	2019	Human	cluster_34
SRR10397760	2019	Chicken	cluster_34
SRR10398030	2019	Human	cluster_12
SRR10441980	2019	Human	cluster_8
SRR10448873	2019	Human	cluster_34
SRR10482293	2019	Human	cluster_34
SRR10500076	2019	Human	cluster_33
SRR10504953	2019	Human	cluster_34
SRR10512506	2019	Human	cluster_34
SRR10525452	2019	Human	cluster_34
SRR10526193	2019	Human	cluster_34
SRR10532708	2019	Human	cluster_34
SRR10533016	2019	Human	cluster_33
SRR10570852	2019	Human	cluster_12
SRR10574673	2019	Bovine	cluster_34
SRR10574847	2019	Bovine	cluster_34
SRR10574849	2019	Bovine	cluster_34
SRR10577730	2019	Human	cluster_33
SRR10582242	2019	Bovine	cluster_34
SRR10593845	2019	Human	cluster_34
SRR10608183	2019	Human	cluster_33
SRR10611443	2019	Turkey	cluster_34
SRR10611467	2019	Turkey	cluster_34
SRR10612138	2019	Swine	cluster_34
SRR10619470	2019	Human	cluster_33
SRR10673605	2019	Bovine	cluster_34
SRR10689395	2019	Other	cluster_33
SRR10689410	2019	Other	cluster_33
SRR10689413	2019	Other	cluster_33
SRR10689428	2019	Other	cluster_33
SRR10689432	2019	Other	cluster_33
SRR10696335	2019	Human	cluster_34
SRR10740685	2019	Turkey	cluster_34
SRR10758787	2019	Human	cluster_21
SRR10769033	2019	Other	cluster_33
SRR10775267	2019	Chicken	cluster_34
SRR10821216	2019	Swine	cluster_34
SRR10821234	2019	Turkey	cluster_34
SRR10853291	2019	Turkey	cluster_13
SRR10853310	2019	Swine	cluster_34
SRR10858642	2019	Human	cluster_34
SRR10873190	2019	Turkey	cluster_13
SRR10873284	2019	Turkey	cluster_34
SRR10879476	2019	Swine	cluster_34
SRR10879503	2019	Turkey	cluster_34
SRR10887985	2019	Human	singleton_32
SRR10897591	2020	Human	cluster_34
SRR10902894	2019	Human	cluster_34
SRR10904400	2019	Human	cluster_34
SRR10910713	2019	Human	cluster_34
SRR10951610	2020	Human	cluster_34
SRR10981314	2020	Human	cluster_21
SRR10985069	2020	Human	singleton_3
SRR11008943	2020	Turkey	cluster_34
SRR11015363	2020	Swine	cluster_33
SRR11015367	2020	Swine	cluster_34
SRR11031487	2020	Turkey	cluster_34
SRR11032266	2020	Human	cluster_34
SRR11033284	2020	Human	cluster_21
SRR11040167	2020	Swine	cluster_34
SRR11051131	2020	Human	cluster_7
SRR11051802	2020	Human	cluster_34
SRR11057557	2020	Chicken	cluster_34
SRR11089799	2019	Human	cluster_34
SRR11096366	2020	Swine	cluster_34
SRR11101159	2020	Human	cluster_33
SRR11153182	2020	Turkey	cluster_34
SRR11214024	2020	Turkey	cluster_33
SRR11215712	2020	Swine	cluster_33
SRR11232278	2020	Swine	cluster_34
SRR11279726	2020	Human	cluster_8
SRR11292591	2020	Chicken	cluster_34
SRR11311383	2020	Turkey	cluster_34
SRR11322079	2020	Human	cluster_34
SRR11340655	2020	Human	cluster_34
SRR11406469	2020	Human	cluster_33
SRR11413573	2020	Human	cluster_34
SRR11430493	2020	Swine	cluster_33
SRR11445198	2020	Human	cluster_12
SRR11451538	2020	Human	cluster_34
SRR11453018	2020	Swine	cluster_33
SRR11462365	2019	Human	cluster_34
SRR11479153	2020	Human	singleton_12
SRR11488831	2020	Turkey	cluster_34
SRR11511035	2020	Chicken	cluster_34
SRR11514048	2020	Human	cluster_34
SRR11524044	2020	Human	cluster_32
SRR11544377	2020	Swine	cluster_33
SRR11550262	2020	Human	cluster_34
SRR11574891	2020	Swine	cluster_33
SRR11591886	2020	Human	cluster_33
SRR11600311	2020	Turkey	cluster_33
SRR11615135	2020	Human	cluster_33
SRR11700237	2019	Human	singleton_11
SRR11704887	2020	Turkey	cluster_34
SRR11712034	2020	Human	cluster_33
SRR11728379	2019	Turkey	cluster_34
SRR11728451	2019	Turkey	cluster_34
SRR11748652	2020	Swine	cluster_34
SRR11773643	2020	Human	cluster_33
SRR11799624	2020	Turkey	cluster_34
SRR11831600	2020	Human	cluster_33
SRR11849542	2020	Human	cluster_32
SRR11858915	2020	Human	cluster_34
SRR11921122	2020	Human	cluster_12
SRR11935155	2020	Human	cluster_33
SRR12047186	2020	Turkey	cluster_34
SRR12091630	2020	Swine	cluster_34
SRR12121570	2020	Human	cluster_34
SRR12135856	2020	Human	cluster_34
SRR12160523	2020	Human	cluster_34
SRR12169360	2020	Turkey	cluster_34
SRR12174411	2020	Human	cluster_34
SRR12212975	2020	Human	cluster_34
SRR12260904	2020	Human	cluster_7
SRR12266990	2020	Human	cluster_34
SRR12272960	2020	Swine	cluster_34
SRR12287239	2020	Human	cluster_33
SRR12321150	2020	Chicken	cluster_24
SRR12335208	2020	Human	cluster_33
SRR12377275	2020	Swine	cluster_33
SRR12393953	2020	Bovine	cluster_34
SRR12396011	2020	Human	cluster_33
SRR12522445	2020	Human	cluster_34
SRR12545596	2020	Turkey	cluster_34
SRR12622951	2020	Human	cluster_34
SRR12625464	2020	Bovine	cluster_34
SRR12633951	2020	Human	cluster_34
SRR12637661	2020	Swine	cluster_34
SRR12637662	2020	Swine	cluster_34
SRR12642660	2020	Human	cluster_34
SRR12643146	2020	Human	cluster_34
SRR12646288	2020	Swine	cluster_34
SRR12649010	2020	Swine	cluster_33
SRR12672094	2020	Turkey	cluster_34
SRR12682951	2020	Turkey	cluster_34
SRR12683262	2020	Swine	cluster_33
SRR12706910	2020	Human	cluster_34
SRR12708935	2020	Turkey	cluster_34
SRR12717975	2020	Swine	cluster_33
SRR12728756	2020	Human	cluster_14
SRR12730484	2020	Swine	cluster_34
SRR12732222	2020	Human	cluster_21
SRR12734209	2020	Bovine	cluster_34
SRR12734244	2020	Swine	cluster_34
SRR12734379	2020	Bovine	cluster_34
SRR12747722	2020	Human	cluster_34
SRR12749455	2020	Swine	cluster_33
SRR12749974	2020	Human	cluster_33
SRR12774793	2020	Human	cluster_34
SRR12779545	2020	Human	cluster_34
SRR12789897	2020	Human	cluster_34
SRR12795838	2020	Swine	cluster_33
SRR12798242	2020	Turkey	cluster_34
SRR12806802	2020	Human	cluster_34
SRR12806945	2020	Bovine	cluster_34
SRR12824580	2020	Human	cluster_34
SRR12851387	2020	Turkey	cluster_34
SRR12885282	2020	Human	cluster_33
SRR12893374	2020	Human	cluster_34
SRR12905952	2020	Human	cluster_33
SRR12917111	2020	Human	cluster_34
SRR12917120	2020	Human	cluster_33
SRR12931003	2020	Human	cluster_34
SRR12938622	2020	Turkey	cluster_34
SRR12949782	2020	Turkey	cluster_34
SRR12952533	2020	Human	cluster_34
SRR12955303	2020	Bovine	cluster_34
SRR12967764	2020	Turkey	cluster_34
SRR12971487	2020	Swine	cluster_34
SRR12991769	2019	Human	cluster_7
SRR13001270	2020	Human	cluster_7
SRR13012271	2020	Human	cluster_34
SRR13019419	2020	Human	cluster_34
SRR13059546	2020	Human	cluster_21
SRR13066362	2020	Human	cluster_34
SRR13067566	2020	Turkey	cluster_34
SRR13068396	2020	Bovine	cluster_34
SRR13075216	2020	Turkey	cluster_34
SRR13090788	2020	Human	cluster_33
SRR13091856	2020	Human	cluster_34
SRR13094557	2020	Swine	cluster_34
SRR13094594	2020	Turkey	cluster_34
SRR13108314	2020	Human	cluster_34
SRR13115023	2020	Human	cluster_34
SRR13132145	2020	Human	cluster_34
SRR13193892	2020	Swine	cluster_33
SRR13202004	2020	Turkey	cluster_34
SRR13207275	2020	Human	cluster_34
SRR13222020	2020	Other Animal	cluster_34
SRR13227016	2020	Human	cluster_32
SRR13245092	2020	Swine	cluster_34
SRR13245247	2020	Swine	cluster_34
SRR13257106	2020	Human	cluster_33
SRR13281502	2020	Human	cluster_34
SRR13295484	2020	Turkey	cluster_34
SRR13296483	2020	Human	cluster_33
SRR13314554	2020	Human	cluster_33
SRR13333415	2020	Turkey	cluster_34
SRR13333435	2020	Turkey	cluster_34
SRR13340862	2020	Swine	cluster_33
SRR13374151	2020	Swine	cluster_33
SRR13398795	2020	Human	cluster_34
SRR13403392	2020	Turkey	cluster_34
SRR13407028	2020	Human	cluster_32
SRR13418664	2020	Human	cluster_33
SRR13420010	2020	Turkey	cluster_34
SRR13420015	2020	Human	cluster_33
SRR13421123	2020	Human	cluster_34
SRR13426569	2020	Human	cluster_15
SRR13443253	2020	Human	cluster_33
SRR13483108	2020	Human	cluster_34
SRR13485361	2020	Human	cluster_34
SRR13520695	2021	Human	cluster_34
SRR13562163	2021	Turkey	cluster_34
SRR13573625	2020	Human	cluster_34
SRR13575663	2021	Human	cluster_34
SRR13593715	2021	Bovine	cluster_34
SRR13593766	2021	Swine	cluster_34
SRR13593769	2021	Bovine	cluster_33
SRR13603172	2021	Human	cluster_34
SRR13605922	2020	Swine	cluster_34
SRR13615166	2021	Swine	cluster_34
SRR13651478	2020	Human	cluster_33
SRR13651694	2021	Swine	cluster_34
SRR13690579	2021	Chicken	cluster_33
SRR13700258	2021	Bovine	cluster_34
SRR13700259	2021	Bovine	cluster_34
SRR13708249	2019	Human	cluster_33
SRR13719151	2021	Human	cluster_34
SRR13737964	2020	Human	cluster_7
SRR13737975	2020	Human	cluster_7
SRR13737983	2020	Human	cluster_7
SRR13748964	2021	Human	cluster_33
SRR13784210	2021	Human	cluster_34
SRR13784872	2021	Turkey	cluster_34
SRR13791067	2021	Human	cluster_34
SRR13820476	2021	Turkey	cluster_34
SRR13883599	2021	Turkey	cluster_34
SRR13913077	2021	Turkey	cluster_34
SRR13925214	2021	Human	cluster_33
SRR13978223	2020	Human	cluster_34
SRR13998097	2021	Swine	cluster_34
SRR14065051	2020	Human	cluster_33
SRR14069038	2021	Human	cluster_7
SRR14069620	2021	Human	cluster_33
SRR14069664	2021	Human	cluster_7
SRR14073862	2021	Turkey	cluster_34
SRR14077796	2021	Human	cluster_34
SRR14093578	2021	Human	cluster_7
SRR14097336	2021	Bovine	cluster_34
SRR14103689	2021	Swine	cluster_34
SRR14160166	2021	Human	cluster_33
SRR14207925	2021	Swine	cluster_34
SRR14227249	2021	Human	cluster_33
SRR14240434	2021	Human	cluster_33
SRR14263006	2021	Turkey	cluster_34
SRR14263007	2021	Swine	cluster_34
SRR14263363	2021	Chicken	singleton_19
SRR14286538	2021	Turkey	cluster_34
SRR14288973	2021	Human	cluster_33
SRR14306314	2021	Chicken	cluster_34
SRR14323296	2021	Human	cluster_34
SRR14360288	2021	Human	cluster_34
SRR14407138	2021	Human	cluster_34
SRR14408146	2021	Human	cluster_34
SRR14408177	2021	Human	cluster_21
SRR14460147	2021	Turkey	cluster_34
SRR14464936	2021	Human	cluster_33
SRR14480184	2021	Human	cluster_33
SRR14494701	2021	Human	cluster_33
SRR14503762	2021	Turkey	cluster_34
SRR14536094	2021	Turkey	cluster_34
SRR14563206	2021	Other Animal	cluster_34
SRR14575981	2021	Human	cluster_33
SRR14581572	2021	Human	cluster_7
SRR14650394	2021	Human	cluster_27
SRR14706037	2021	Human	cluster_33
SRR14715137	2021	Human	cluster_21
SRR14722576	2021	Human	cluster_21
SRR14769159	2021	Human	cluster_33
SRR14810376	2021	Unspecified Animal	cluster_34
SRR14832363	2021	Human	cluster_34
SRR14832420	2021	Human	cluster_34
SRR14889328	2021	Chicken	cluster_33
SRR14891517	2021	Human	cluster_12
SRR14891533	2021	Human	cluster_33
SRR14895625	2021	Turkey	cluster_32
SRR14919065	2021	Turkey	cluster_34
SRR15017570	2021	Other	cluster_34
SRR15025995	2021	Human	cluster_34
SRR15061152	2021	Human	cluster_34
SRR15090141	2021	Turkey	cluster_34
SRR15090294	2021	Human	cluster_34
SRR15101429	2021	Chicken	cluster_34
SRR15102581	2021	Swine	cluster_34
SRR15168865	2021	Human	cluster_34
SRR15174952	2021	Human	cluster_33
SRR15178485	2021	Bovine	cluster_34
SRR15184085	2021	Swine	cluster_34
SRR15194095	2021	Human	cluster_33
SRR15194465	2021	Human	cluster_34
SRR15194488	2021	Other	cluster_33
SRR15210501	2021	Human	cluster_33
SRR15216607	2021	Swine	cluster_34
SRR15217082	2021	Swine	cluster_34
SRR15217974	2021	Human	cluster_33
SRR15218023	2021	Turkey	cluster_34
SRR15223065	2021	Human	cluster_34
SRR15251534	2021	Human	cluster_34
SRR15258716	2021	Human	cluster_33
SRR15265149	2021	Human	cluster_27
SRR15276780	2021	Swine	cluster_34
SRR15305439	2021	Human	cluster_34
SRR15323821	2021	Chicken	cluster_34
SRR15323855	2021	Swine	cluster_33
SRR15328499	2021	Human	cluster_34
SRR15341961	2021	Human	cluster_34
SRR15366801	2021	Bovine	cluster_34
SRR15369624	2021	Human	cluster_34
SRR15404624	2021	Human	cluster_33
SRR15441445	2021	Human	cluster_34
SRR15458414	2021	Human	cluster_24
SRR15461272	2021	Human	cluster_12
SRR15488836	2021	Human	cluster_33
SRR15496958	2021	Human	cluster_33
SRR15502349	2021	Swine	cluster_34
SRR15509736	2021	Human	cluster_21
SRR15571264	2021	Human	cluster_12
SRR15607232	2021	Human	cluster_34
SRR15632879	2021	Human	singleton_55
SRR15672785	2021	Bovine	cluster_34
SRR15677372	2021	Human	cluster_11
SRR15680268	2021	Human	cluster_34
SRR15681041	2021	Bovine	cluster_34
SRR15681044	2021	Turkey	cluster_34
SRR15707210	2021	Human	cluster_12
SRR15707213	2021	Human	cluster_12
SRR15714156	2021	Human	cluster_34
SRR15744505	2021	Bovine	cluster_15
SRR15831229	2021	Human	cluster_34
SRR15831264	2021	Human	cluster_31
SRR15838291	2021	Human	cluster_34
SRR15862579	2021	Turkey	cluster_34
SRR15877909	2021	Human	cluster_8
SRR15879291	2021	Human	cluster_33
SRR15879353	2021	Human	cluster_33
SRR15879375	2021	Human	cluster_34
SRR15912627	2021	Human	cluster_34
SRR15919412	2021	Turkey	cluster_34
SRR15949665	2021	Human	cluster_33
SRR15959162	2021	Human	cluster_34
SRR15986989	2021	Human	cluster_34
SRR15988219	2021	Swine	cluster_33
SRR15998196	2021	Human	cluster_33
SRR16002464	2021	Swine	cluster_34
SRR16089518	2021	Human	cluster_34
SRR16092775	2021	Human	cluster_33
SRR16092787	2021	Human	singleton_25
SRR16097012	2021	Human	cluster_34
SRR16119236	2021	Turkey	cluster_34
SRR16134662	2021	Human	cluster_34
SRR16153909	2021	Turkey	cluster_34
SRR16186758	2021	Human	cluster_33
SRR16207378	2021	Human	cluster_33
SRR16213323	2021	Human	cluster_34
SRR16232578	2021	Human	cluster_33
SRR16235511	2021	Turkey	cluster_34
SRR16249488	2021	Human	cluster_33
SRR16300018	2021	Turkey	cluster_34
SRR16302083	2021	Human	cluster_24
SRR16312943	2021	Human	cluster_34
SRR16317252	2021	Bovine	cluster_26
SRR16339652	2021	Human	cluster_34
SRR16480841	2021	Human	cluster_34
SRR16531814	2021	Human	cluster_33
SRR16562295	2021	Other Animal	cluster_34
SRR16579219	2021	Human	singleton_5
SRR16587939	2021	Human	cluster_34
SRR16587980	2021	Human	cluster_34
SRR16600331	2021	Human	cluster_33
SRR16603357	2021	Turkey	cluster_34
SRR16678431	2021	Human	cluster_21
SRR16680967	2021	Swine	cluster_14
SRR16692922	2021	Human	cluster_34
SRR16693124	2021	Human	cluster_33
SRR16694151	2021	Human	cluster_33
SRR16761856	2021	Human	cluster_8
SRR16879731	2021	Bovine	cluster_34
SRR16889706	Unknown	Unspecified Animal	cluster_33
SRR16890828	2021	Turkey	cluster_34
SRR16913536	2021	Human	cluster_34
SRR16913943	2021	Human	cluster_33
SRR16913954	2021	Human	cluster_34
SRR16914061	2021	Human	cluster_33
SRR16929394	2021	Human	cluster_34
SRR16952408	2021	Human	cluster_33
SRR16956268	2021	Human	cluster_34
SRR16958677	2021	Human	cluster_33
SRR16975815	2021	Human	cluster_34
SRR17001400	2021	Turkey	cluster_34
SRR17007596	2021	Human	cluster_21
SRR17009601	2021	Human	cluster_33
SRR17028238	2021	Other	cluster_33
SRR17028239	2021	Other	cluster_33
SRR17028987	2021	Turkey	cluster_13
SRR17066920	2021	Human	singleton_47
SRR17085642	2021	Human	cluster_34
SRR17102498	2021	Human	cluster_34
SRR17118875	2021	Turkey	cluster_34
SRR17140174	2021	Human	cluster_33
SRR17146525	2021	Human	cluster_34
SRR17183555	2021	Turkey	cluster_34
SRR17195340	2021	Human	cluster_33
SRR17215981	2021	Human	singleton_54
SRR17229577	2021	Swine	singleton_46
SRR17247976	2021	Turkey	cluster_34
SRR17247979	2021	Turkey	cluster_34
SRR17249615	2021	Human	cluster_34
SRR17281205	2021	Human	cluster_33
SRR17283598	2021	Human	cluster_33
SRR17296258	2021	Human	cluster_34
SRR17296265	2021	Human	cluster_34
SRR17301376	2021	Chicken	cluster_34
SRR17335959	2021	Human	cluster_33
SRR17349144	2021	Bovine	singleton_37
SRR17358161	2021	Human	cluster_34
SRR17377298	2021	Human	cluster_12
SRR17379693	2021	Human	cluster_33
SRR17567843	2021	Swine	cluster_34
SRR17599944	2021	Turkey	cluster_34
SRR17621724	2021	Chicken	cluster_34
SRR17652814	2021	Turkey	cluster_34
SRR17654219	2021	Human	cluster_21
SRR17695650	2021	Human	cluster_33
SRR17721679	2021	Human	cluster_34
SRR17789574	2022	Swine	cluster_34
SRR17809305	2022	Swine	cluster_34
SRR17809306	2022	Swine	cluster_34
SRR17818673	2021	Other Animal	cluster_34
SRR17837081	2022	Human	cluster_34
SRR17873748	2021	Human	cluster_33
SRR17956221	2022	Human	cluster_34
SRR17969823	2021	Human	cluster_34
SRR17991990	2022	Human	cluster_34
SRR18021368	2022	Turkey	cluster_33
SRR18025522	2022	Human	cluster_33
SRR18044709	2022	Turkey	cluster_34
SRR18086436	2022	Human	cluster_34
SRR18090628	2022	Human	cluster_34
SRR18090652	2022	Human	cluster_33
SRR18099986	2022	Turkey	cluster_34
SRR18100469	2022	Chicken	cluster_34
SRR18101366	2022	Human	singleton_42
SRR18106311	2022	Swine	cluster_16
SRR18150288	2022	Swine	cluster_34
SRR18165226	2022	Turkey	cluster_33
SRR18175076	2022	Human	cluster_34
SRR18191669	2022	Human	cluster_34
SRR18207490	2022	Human	cluster_27
SRR18208109	2022	Human	cluster_12
SRR18220443	2022	Human	cluster_6
SRR18230431	2022	Human	cluster_34
SRR18254657	2022	Human	cluster_33
SRR18264927	2022	Human	cluster_33
SRR18282193	2022	Human	cluster_34
SRR18323631	2022	Human	cluster_7
SRR18390787	2022	Turkey	cluster_34
SRR18392467	2022	Bovine	cluster_34
SRR18392481	2022	Swine	cluster_16
SRR18426052	2022	Turkey	cluster_34
SRR18432430	2022	Other	cluster_15
SRR18497903	2022	Swine	cluster_34
SRR18500814	2022	Human	cluster_7
SRR18507629	2022	Human	cluster_34
SRR18575437	2022	Turkey	cluster_34
SRR18600822	2022	Bovine	cluster_34
SRR18605035	2022	Human	cluster_34
SRR18609722	2022	Human	cluster_34
SRR18671925	2022	Swine	cluster_33
SRR18687572	2022	Swine	cluster_34
SRR18712229	2022	Human	cluster_33
SRR18715907	2022	Human	cluster_33
SRR18716491	2022	Human	cluster_34
SRR18750824	2022	Turkey	cluster_34
SRR18762787	2022	Human	cluster_34
SRR18771291	2022	Other	singleton_58
SRR18771452	2022	Swine	cluster_34
SRR18771514	2022	Turkey	cluster_34
SRR18771517	2022	Turkey	cluster_33
SRR18771538	2022	Swine	cluster_34
SRR18796916	2022	Human	cluster_34
SRR18796919	2022	Human	cluster_34
SRR18800365	2022	Human	cluster_33
SRR18800367	2022	Human	cluster_34
SRR18810684	2022	Human	cluster_34
SRR18810721	2022	Human	cluster_34
SRR18828853	2022	Swine	cluster_34
SRR18832845	2022	Human	cluster_33
SRR18885509	2022	Human	cluster_34
SRR18901319	2022	Human	cluster_34
SRR18901326	2022	Human	cluster_34
SRR18902712	2022	Human	cluster_33
SRR18909266	2022	Swine	cluster_33
SRR18911574	2022	Human	cluster_34
SRR18915706	2022	Human	cluster_34
SRR18920849	2022	Human	cluster_34
SRR18923408	2022	Human	cluster_34
SRR18923417	2022	Human	cluster_34
SRR18959221	2022	Turkey	cluster_34
SRR18972472	2022	Human	cluster_6
SRR18972497	2022	Human	cluster_34
SRR19008472	2022	Turkey	cluster_34
SRR19034032	2022	Swine	cluster_33
SRR19039047	2022	Human	cluster_34
SRR19100241	2022	Human	cluster_34
SRR19100522	2022	Human	cluster_33
SRR19103573	2022	Human	cluster_34
SRR19146637	2022	Human	cluster_34
SRR19156774	2022	Human	cluster_34
SRR19158483	2022	Human	cluster_33
SRR19159081	2022	Turkey	cluster_34
SRR19166927	2022	Other	cluster_33
SRR19179860	2022	Turkey	cluster_34
SRR19228289	2022	Human	cluster_34
SRR19236792	2022	Human	cluster_34
SRR19243275	2022	Human	cluster_34
SRR19276745	2022	Human	cluster_34
SRR19332502	2022	Human	cluster_34
SRR19332559	Unknown	Unspecified Animal	cluster_34
SRR19359447	2022	Human	cluster_34
SRR19359459	2022	Turkey	cluster_34
SRR19363227	2022	Turkey	cluster_33
SRR19363739	2022	Human	cluster_34
SRR19383050	2022	Turkey	cluster_34
SRR19418394	2022	Unspecified Animal	cluster_34
SRR19512990	2022	Human	cluster_20
SRR19513050	2022	Human	cluster_24
SRR19513133	2022	Human	cluster_33
SRR19522257	2022	Human	cluster_34
SRR19546567	2022	Human	cluster_34
SRR19546778	2022	Human	cluster_33
SRR19552224	2022	Human	cluster_34
SRR19554367	2022	Turkey	cluster_34
SRR19570894	2022	Human	cluster_34
SRR19591730	2022	Swine	cluster_34
SRR19603287	2022	Turkey	cluster_34
SRR19634864	2022	Human	cluster_7
SRR19634996	2022	Turkey	cluster_34
SRR19635007	2022	Human	cluster_7
SRR19638645	2022	Human	cluster_21
SRR19664294	2022	Turkey	cluster_34
SRR19664324	2022	Bovine	cluster_34
SRR19664615	2022	Human	cluster_34
SRR19769777	2022	Human	cluster_21
SRR19770747	2022	Human	singleton_48
SRR19777735	2022	Swine	cluster_33
SRR19831081	2022	Human	cluster_34
SRR19865955	2022	Human	cluster_34
SRR19869792	2022	Human	cluster_33
SRR19887842	2022	Human	cluster_34
SRR19912436	2022	Human	cluster_34
SRR19916464	2022	Human	cluster_34
SRR19916467	2022	Human	cluster_34
SRR19918332	2022	Human	cluster_33
SRR19918607	2022	Human	cluster_33
SRR19928803	2022	Human	cluster_26
SRR19976732	2022	Human	cluster_33
SRR19978342	2022	Human	cluster_34
SRR19979950	2022	Human	cluster_34
SRR19987182	2022	Human	cluster_5
SRR19995719	2022	Human	cluster_34
SRR20002080	2022	Human	cluster_5
SRR20020253	2022	Human	cluster_34
SRR20081801	2022	Human	cluster_5
SRR20097148	2022	Human	cluster_34
SRR20220089	2022	Human	cluster_34
SRR20224944	2022	Swine	cluster_33
SRR20231310	2022	Human	cluster_33
SRR20281265	2022	Human	cluster_5
SRR20282953	2022	Human	cluster_5
SRR20292485	2022	Human	cluster_34
SRR20296965	2022	Human	cluster_34
SRR20340164	2022	Human	cluster_5
SRR20363713	2022	Human	cluster_5
SRR20389462	2022	Human	cluster_5
SRR20414725	2021	Human	cluster_34
SRR20438829	2022	Human	singleton_52
SRR20621943	2022	Human	cluster_5
SRR20632736	2022	Human	cluster_34
SRR20652857	2022	Human	cluster_34
SRR20710319	2022	Chicken	cluster_34
SRR20718407	2022	Human	cluster_5
SRR20728418	2022	Chicken	cluster_34
SRR20730469	2022	Human	cluster_34
SRR20731344	2022	Human	cluster_34
SRR20731431	2022	Human	cluster_21
SRR20737941	2022	Human	cluster_34
SRR20749357	2022	Human	cluster_17
SRR20749371	2022	Human	cluster_34
SRR20750642	2022	Human	cluster_5
SRR20814782	2022	Human	cluster_5
SRR20825404	2022	Human	cluster_34
SRR20852148	2022	Human	cluster_5
SRR20862404	2022	Human	cluster_5
SRR20897045	2022	Human	cluster_34
SRR20966437	2022	Human	cluster_12
SRR20966574	2022	Human	cluster_34
SRR20966736	2022	Human	cluster_34
SRR20986749	2022	Human	cluster_5
SRR20994531	2022	Turkey	cluster_34
SRR20994536	2022	Chicken	cluster_34
SRR21020354	2022	Human	cluster_5
SRR21030064	2022	Human	singleton_31
SRR21047164	2022	Human	cluster_5
SRR21065571	2022	Human	singleton_49
SRR21071586	2022	Human	cluster_34
SRR21082805	2022	Human	cluster_5
SRR21086580	2022	Turkey	cluster_34
SRR21086644	2022	Turkey	cluster_13
SRR21092423	2022	Human	cluster_5
SRR21121745	2022	Human	cluster_5
SRR21133217	2022	Human	cluster_33
SRR21138515	2022	Human	cluster_5
SRR21146234	2022	Human	cluster_5
SRR21166334	2022	Other	cluster_33
SRR21177739	2022	Bovine	cluster_33
SRR21190735	2022	Human	cluster_5
SRR21193830	2022	Other	cluster_34
SRR21193840	2022	Swine	cluster_34
SRR21195776	2022	Swine	cluster_34
SRR21198952	2022	Human	cluster_34
SRR21203156	2022	Swine	cluster_34
SRR21203542	2022	Human	cluster_34
SRR21203551	2022	Human	cluster_21
SRR21209944	2022	Human	cluster_34
SRR21210147	2022	Human	cluster_34
SRR21221223	2022	Human	cluster_34
SRR21226776	2022	Human	cluster_5
SRR21226791	2022	Human	cluster_5
SRR21227803	2022	Human	cluster_23
SRR2126729	2015	Turkey	cluster_34
SRR21299686	2022	Human	cluster_34
SRR21303683	2022	Bovine	cluster_34
SRR21303812	2022	Human	cluster_34
SRR21303825	2022	Human	cluster_34
SRR2131024	2015	Swine	cluster_34
SRR21377285	2022	Human	cluster_5
SRR21380908	2022	Human	cluster_5
SRR21381232	2022	Human	cluster_8
SRR21393930	2022	Human	singleton_36
SRR21396025	2022	Chicken	cluster_34
SRR21404024	2022	Human	cluster_33
SRR21413098	2022	Chicken	cluster_34
SRR21449766	2022	Human	cluster_34
SRR21496429	2022	Human	cluster_33
SRR21496431	2022	Human	cluster_34
SRR21497272	2022	Turkey	cluster_34
SRR21502091	2022	Chicken	cluster_34
SRR21504718	2022	Human	cluster_34
SRR21530358	2022	Human	cluster_34
SRR21533379	2022	Human	cluster_5
SRR21536528	2022	Human	cluster_5
SRR21545751	2022	Human	cluster_33
SRR21547370	2022	Human	cluster_34
SRR21547413	2022	Human	cluster_33
SRR21548649	2022	Human	cluster_34
SRR21562643	2022	Bovine	cluster_34
SRR21570387	2022	Human	cluster_5
SRR21632634	2022	Human	cluster_21
SRR21661045	2022	Human	cluster_34
SRR21662771	2022	Human	cluster_33
SRR21677653	2022	Human	cluster_34
SRR21685137	2022	Turkey	cluster_32
SRR21697128	2022	Human	cluster_34
SRR21705787	2022	Chicken	cluster_34
SRR21714159	2022	Chicken	cluster_34
SRR21714174	2022	Human	cluster_34
SRR21729546	2022	Chicken	cluster_34
SRR21742693	2022	Human	cluster_34
SRR21769032	2022	Human	cluster_34
SRR21771761	2022	Chicken	cluster_34
SRR21771765	2022	Swine	cluster_34
SRR21773830	2022	Turkey	cluster_34
SRR21786431	2022	Swine	cluster_34
SRR21790148	2022	Chicken	cluster_34
SRR21803017	2022	Human	cluster_5
SRR21808071	2022	Turkey	cluster_13
SRR21814045	2022	Human	cluster_34
SRR21824148	2022	Human	cluster_12
SRR21824194	2022	Human	cluster_5
SRR2182906	2013	Human	singleton_1
SRR2182913	2013	Human	singleton_38
SRR21830783	2022	Human	cluster_33
SRR21838422	2022	Chicken	cluster_34
SRR21838642	2022	Human	cluster_5
SRR21839261	2022	Human	cluster_33
SRR21839617	2022	Human	cluster_33
SRR21859018	2022	Human	cluster_34
SRR21859225	2022	Human	cluster_12
SRR21859687	2022	Chicken	cluster_34
SRR21863036	2022	Human	cluster_21
SRR21863675	2022	Human	cluster_33
SRR21863687	2022	Human	cluster_5
SRR2188131	2015	Swine	cluster_34
SRR21894181	2022	Human	cluster_34
SRR21898520	2022	Turkey	cluster_34
SRR21929443	2022	Human	cluster_34
SRR21937387	2022	Human	cluster_33
SRR2194010	2013	Human	cluster_34
SRR21958816	2022	Human	cluster_33
SRR21989236	2022	Human	cluster_33
SRR22006960	2022	Human	cluster_5
SRR22007959	2022	Chicken	cluster_34
SRR22022002	2022	Human	cluster_33
SRR22024525	2022	Human	cluster_34
SRR22028842	2022	Human	cluster_34
SRR22033608	2022	Human	cluster_34
SRR22034996	2022	Human	cluster_33
SRR22038617	2022	Turkey	cluster_34
SRR22042153	2022	Human	cluster_34
SRR22069631	2022	Human	cluster_10
SRR22084790	2022	Human	cluster_33
SRR22107997	2022	Human	cluster_33
SRR22114304	2022	Human	cluster_5
SRR22129683	2022	Human	cluster_5
SRR22129999	2022	Human	cluster_33
SRR22143381	2022	Human	cluster_34
SRR22143894	2022	Human	cluster_33
SRR22149529	2022	Human	cluster_34
SRR22164925	2022	Human	cluster_34
SRR22179062	2022	Human	cluster_11
SRR22223009	2022	Human	cluster_34
SRR22230228	2022	Human	cluster_5
SRR22230262	2022	Human	cluster_34
SRR22234421	2022	Human	cluster_34
SRR22247945	2022	Swine	singleton_21
SRR22248276	2022	Human	cluster_7
SRR22248323	2022	Human	cluster_21
SRR22282659	2022	Human	cluster_33
SRR22333221	2022	Turkey	cluster_34
SRR22333223	2022	Turkey	cluster_34
SRR22333225	2022	Turkey	cluster_33
SRR22340579	2022	Swine	cluster_34
SRR22341757	2022	Turkey	cluster_34
SRR22362210	2022	Turkey	cluster_34
SRR22375735	2022	Human	cluster_5
SRR22378053	2022	Human	cluster_33
SRR22398787	2022	Turkey	cluster_34
SRR22399530	2022	Human	cluster_33
SRR22428517	2022	Human	cluster_5
SRR22447082	2022	Human	cluster_33
SRR22483820	2022	Human	cluster_34
SRR22486385	2022	Human	cluster_5
SRR22509469	2022	Human	cluster_5
SRR22512498	2022	Human	cluster_33
SRR22536568	2022	Human	cluster_33
SRR22566909	2022	Human	cluster_5
SRR22575503	2022	Human	cluster_34
SRR22610646	2022	Turkey	cluster_13
SRR22704761	2022	Human	cluster_34
SRR22708087	2022	Human	cluster_34
SRR22708839	2022	Human	cluster_34
SRR22735033	2022	Turkey	cluster_13
SRR22763462	2022	Human	cluster_1
SRR22775868	Unknown	Unspecified Animal	cluster_5
SRR22790518	2022	Swine	cluster_34
SRR22792463	2022	Turkey	cluster_34
SRR22792464	2022	Swine	cluster_34
SRR22813520	2022	Human	cluster_34
SRR22892256	2022	Turkey	cluster_33
SRR22938827	2022	Human	cluster_34
SRR22938847	2022	Turkey	cluster_34
SRR22938937	2022	Human	cluster_5
SRR22939434	2022	Chicken	cluster_34
SRR23000238	2022	Swine	cluster_34
SRR23035477	2021	Swine	cluster_34
SRR23035612	2021	Swine	cluster_34
SRR23036682	2021	Swine	cluster_34
SRR23037543	2022	Human	cluster_33
SRR23054328	2022	Chicken	cluster_34
SRR23075524	2022	Human	cluster_34
SRR23080440	2023	Human	cluster_7
SRR23097461	2022	Human	cluster_34
SRR23103533	2022	Human	cluster_33
SRR23126309	2022	Turkey	cluster_34
SRR23126318	2022	Turkey	cluster_34
SRR23133712	2022	Human	cluster_5
SRR23148777	2022	Human	cluster_3
SRR23158025	2022	Turkey	cluster_34
SRR23171646	2023	Chicken	cluster_33
SRR23171705	2023	Turkey	cluster_33
SRR23171718	2023	Swine	cluster_34
SRR23193745	2023	Turkey	cluster_34
SRR23193750	2023	Turkey	cluster_13
SRR23194721	2022	Turkey	cluster_34
SRR23195330	2023	Human	cluster_33
SRR23195715	2023	Human	cluster_33
SRR23195724	2023	Human	cluster_33
SRR23217455	2022	Turkey	cluster_34
SRR23242451	2023	Human	cluster_34
SRR23248053	2023	Human	cluster_7
SRR23270841	2022	Human	singleton_57
SRR23276807	2023	Human	cluster_34
SRR23278875	2023	Human	cluster_34
SRR23291864	2023	Swine	cluster_34
SRR23314849	2023	Human	cluster_34
SRR23318228	2023	Turkey	cluster_34
SRR23324787	2023	Swine	cluster_34
SRR23360153	2023	Swine	cluster_34
SRR23373588	2023	Swine	cluster_34
SRR23384975	2023	Turkey	cluster_34
SRR23406934	2023	Human	cluster_5
SRR23408079	2023	Turkey	cluster_34
SRR23408081	2023	Bovine	cluster_33
SRR23447339	2023	Human	cluster_21
SRR23508119	2023	Human	cluster_5
SRR23509252	2023	Human	cluster_12
SRR23510672	2023	Human	singleton_7
SRR23567707	2023	Human	cluster_20
SRR23584138	2023	Human	cluster_33
SRR23602343	2023	Human	cluster_34
SRR23610168	2023	Human	cluster_34
SRR23612074	2023	Human	cluster_34
SRR23677006	2023	Bovine	cluster_34
SRR23683870	2022	Human	cluster_1
SRR23683921	2023	Human	cluster_5
SRR23686607	2023	Bovine	cluster_33
SRR23686610	2023	Swine	cluster_34
SRR23686616	2023	Turkey	cluster_33
SRR23687529	2023	Turkey	cluster_34
SRR23697463	2023	Bovine	cluster_33
SRR23712175	2023	Human	cluster_34
SRR23715441	2023	Human	cluster_21
SRR23723412	2023	Human	cluster_1
SRR23724256	2021	Swine	cluster_34
SRR23734585	2023	Human	cluster_29
SRR23759107	2021	Swine	cluster_34
SRR23759111	2021	Swine	cluster_34
SRR23771051	2023	Human	cluster_5
SRR23839437	2023	Swine	cluster_33
SRR23854161	2023	Human	cluster_5
SRR23855981	2023	Human	cluster_21
SRR23868137	2022	Unspecified Animal	cluster_34
SRR23885142	2023	Human	cluster_20
SRR23886344	2023	Human	cluster_5
SRR23906021	2023	Human	cluster_33
SRR23906022	2023	Human	cluster_33
SRR23919949	2023	Human	cluster_32
SRR23950390	2023	Swine	cluster_33
SRR23956668	2023	Swine	cluster_34
SRR23980966	2023	Swine	cluster_34
SRR23983529	2023	Human	cluster_33
SRR23989908	2023	Human	cluster_34
SRR24010257	2023	Human	cluster_34
SRR24067594	2023	Human	cluster_33
SRR24097310	2023	Human	cluster_26
SRR24112820	2023	Human	cluster_7
SRR24120219	2023	Human	cluster_33
SRR24128691	2023	Human	cluster_34
SRR24142297	2023	Human	cluster_34
SRR24152913	2023	Human	cluster_3
SRR24174912	2023	Human	cluster_29
SRR24174913	2023	Swine	cluster_34
SRR24187467	2022	Human	cluster_3
SRR24187490	2023	Human	cluster_3
SRR24196090	2023	Human	cluster_5
SRR24202261	2023	Human	cluster_34
SRR24204549	2023	Turkey	cluster_34
SRR24216784	2023	Human	cluster_7
SRR24227594	2023	Human	cluster_33
SRR24302267	2023	Human	cluster_33
SRR24302272	2023	Human	cluster_33
SRR24313425	2023	Human	cluster_12
SRR24322716	2023	Human	cluster_34
SRR24326318	2023	Swine	cluster_34
SRR24335468	2023	Human	cluster_34
SRR24376208	2023	Human	cluster_34
SRR24386301	Unknown	Human	cluster_34
SRR24412747	2023	Bovine	cluster_34
SRR24413075	2021	Unspecified Animal	cluster_33
SRR24426401	2023	Human	cluster_10
SRR24450670	2023	Human	cluster_12
SRR24466966	2023	Human	cluster_5
SRR24498119	2023	Human	cluster_34
SRR24507419	2023	Human	cluster_34
SRR24601315	2023	Human	cluster_23
SRR24607819	2023	Human	cluster_17
SRR24624866	2023	Human	cluster_34
SRR24650824	2023	Turkey	cluster_34
SRR24686690	2023	Human	cluster_33
SRR24708462	2023	Chicken	cluster_34
SRR24708488	2023	Turkey	cluster_34
SRR24718904	2023	Human	cluster_34
SRR24748054	2023	Human	cluster_8
SRR24761959	2023	Human	cluster_33
SRR24762641	2023	Human	cluster_34
SRR24867807	2023	Turkey	cluster_34
SRR24898201	2023	Human	cluster_34
SRR24901068	2023	Human	cluster_33
SRR24906905	2023	Human	cluster_33
SRR24928369	2023	Chicken	cluster_34
SRR24952021	2023	Human	cluster_7
SRR24968515	2023	Human	cluster_34
SRR24977979	2023	Human	cluster_34
SRR24978146	2023	Human	cluster_8
SRR24979851	2023	Swine	cluster_34
SRR24983347	2023	Human	cluster_34
SRR24994078	2023	Human	cluster_2
SRR25007978	2023	Other	cluster_34
SRR25007983	2023	Other	cluster_34
SRR25018622	2023	Human	cluster_2
SRR25024256	2023	Human	singleton_40
SRR25037244	2023	Turkey	cluster_34
SRR25083144	2021	Other	cluster_13
SRR25134081	2023	Human	cluster_33
SRR25246336	2023	Turkey	cluster_34
SRR25247666	2023	Swine	cluster_34
SRR25306401	2023	Human	cluster_21
SRR25341180	2023	Human	cluster_23
SRR25383503	2023	Human	singleton_14
SRR25399616	2023	Human	cluster_5
SRR25401971	2023	Turkey	cluster_34
SRR25432262	2023	Human	cluster_34
SRR25447433	2023	Swine	cluster_34
SRR25463060	2023	Human	cluster_34
SRR25506394	2023	Human	cluster_32
SRR25507254	2023	Turkey	cluster_34
SRR25507378	2023	Human	cluster_34
SRR25551078	2023	Chicken	cluster_33
SRR25569155	2023	Human	singleton_50
SRR25646090	2023	Human	cluster_33
SRR25658124	2023	Human	cluster_33
SRR25664968	2023	Human	cluster_34
SRR25713594	2023	Turkey	cluster_34
SRR25729556	2023	Bovine	cluster_34
SRR25730312	2023	Human	cluster_33
SRR25741470	2023	Human	cluster_34
SRR25745641	2023	Human	cluster_33
SRR25763750	2023	Human	cluster_34
SRR25763790	2023	Human	cluster_34
SRR25763904	2023	Human	cluster_33
SRR25818416	2023	Bovine	cluster_34
SRR25835569	2023	Human	cluster_34
SRR25836857	2023	Turkey	cluster_34
SRR25836871	2023	Swine	cluster_34
SRR25915087	2023	Human	cluster_34
SRR25926053	2023	Human	cluster_34
SRR25939980	2023	Human	cluster_34
SRR25940256	2023	Human	cluster_33
SRR25977005	2023	Human	cluster_21
SRR25997618	2023	Turkey	cluster_34
SRR26018314	2023	Human	cluster_23
SRR26020670	2023	Human	cluster_23
SRR26024297	2023	Human	cluster_34
SRR26030652	2023	Human	cluster_34
SRR26030850	2023	Bovine	cluster_33
SRR26030915	2023	Turkey	cluster_34
SRR26125946	2023	Human	cluster_34
SRR26125973	2023	Human	cluster_5
SRR26135153	2023	Human	cluster_33
SRR26136641	2023	Turkey	cluster_13
SRR26143472	2023	Human	cluster_33
SRR26151435	2023	Human	cluster_12
SRR26208907	2023	Human	cluster_21
SRR26270871	2023	Human	cluster_33
SRR26287769	2023	Human	cluster_34
SRR26288369	2023	Bovine	cluster_34
SRR26375053	2023	Human	cluster_34
SRR26378150	2023	Human	cluster_34
SRR26379468	2023	Human	cluster_34
SRR26393705	2023	Human	cluster_34
SRR26394207	2023	Human	cluster_34
SRR26394209	2023	Human	cluster_34
SRR26406116	2023	Human	cluster_34
SRR26472160	2023	Human	cluster_34
SRR26473404	2023	Turkey	cluster_34
SRR26512558	2023	Human	cluster_26
SRR26533751	2023	Turkey	cluster_33
SRR26544999	2023	Human	cluster_33
SRR26545465	2023	Turkey	cluster_33
SRR26586721	2023	Human	cluster_33
SRR26663497	2022	Turkey	cluster_34
SRR26666270	2023	Bovine	cluster_33
SRR26666507	2023	Bovine	cluster_34
SRR26681317	2023	Turkey	cluster_34
SRR26684752	2023	Human	cluster_34
SRR26838332	2023	Human	cluster_33
SRR26852423	2023	Human	cluster_33
SRR26854398	2023	Human	cluster_34
SRR26858809	2023	Human	cluster_21
SRR26898620	2023	Human	cluster_34
SRR26902586	2023	Human	cluster_34
SRR26954653	2023	Human	singleton_56
SRR26959990	2023	Swine	cluster_34
SRR27004677	2023	Human	cluster_34
SRR27010881	2023	Human	cluster_33
SRR27016657	2023	Turkey	cluster_34
SRR27042766	2023	Human	cluster_33
SRR27045322	2023	Human	singleton_2
SRR27050914	2023	Human	cluster_34
SRR27075282	2023	Human	cluster_33
SRR27145539	2023	Turkey	cluster_34
SRR27185184	2023	Human	cluster_33
SRR27221658	Unknown	Other	cluster_9
SRR27226115	2023	Human	cluster_34
SRR27283984	2023	Human	cluster_21
SRR27315481	2023	Human	cluster_21
SRR27315631	2023	Human	cluster_34
SRR27351718	2023	Human	cluster_33
SRR27364800	2023	Human	singleton_30
SRR27368403	2023	Turkey	cluster_13
SRR27368404	2023	Bovine	cluster_34
SRR27372406	2023	Human	cluster_34
SRR27372575	2023	Human	cluster_34
SRR27374020	2023	Human	cluster_21
SRR27397898	2023	Human	cluster_33
SRR27398707	2023	Unspecified Animal	cluster_21
SRR27407521	2023	Human	cluster_34
SRR27440659	2023	Human	cluster_34
SRR27488014	2023	Human	cluster_34
SRR27488227	2023	Human	NA
SRR27503910	2023	Human	cluster_34
SRR27505617	2023	Human	cluster_33
SRR27561783	2023	Turkey	cluster_34
SRR27589849	2023	Human	cluster_34
SRR27645656	2023	Human	cluster_34
SRR27682247	2024	Swine	cluster_34
SRR27693664	2023	Human	cluster_23
SRR27716239	2024	Turkey	cluster_34
SRR27765259	2023	Human	cluster_33
SRR27782158	2024	Human	cluster_34
SRR27786745	2023	Human	cluster_33
SRR27799170	2023	Human	cluster_34
SRR27813719	2024	Human	cluster_33
SRR27874515	2024	Human	singleton_34
SRR27881749	2024	Human	singleton_13
SRR27903001	2024	Human	cluster_33
SRR27903021	2024	Human	singleton_24
SRR27908916	2024	Turkey	cluster_34
SRR27929626	2024	Turkey	cluster_34
SRR27959540	2024	Human	cluster_34
SRR27968684	2024	Human	cluster_34
SRR27980949	2024	Human	cluster_5
SRR27980959	2024	Swine	cluster_34
SRR28014451	2024	Chicken	cluster_34
SRR28019440	2024	Human	cluster_34
SRR28075053	2024	Human	cluster_34
SRR28197331	2024	Turkey	cluster_34
SRR28197344	2024	Human	cluster_33
SRR28208195	2024	Turkey	cluster_34
SRR28231086	2024	Human	cluster_33
SRR28237314	2024	Turkey	cluster_33
SRR28246645	2024	Human	cluster_33
SRR28258829	2024	Human	NA
SRR28276215	2024	Human	cluster_33
SRR28285069	2024	Swine	cluster_34
SRR28317421	2024	Human	cluster_33
SRR28343599	2024	Turkey	cluster_34
SRR28346077	2024	Swine	cluster_34
SRR28346181	2024	Human	cluster_21
SRR28372321	2024	Turkey	cluster_34
SRR28399570	2024	Human	cluster_34
SRR28399582	2024	Human	cluster_34
SRR28411096	2024	Human	cluster_34
SRR28422845	2024	Human	cluster_33
SRR28436064	2024	Human	cluster_7
SRR2954357	2015	Bovine	cluster_34
SRR2973739	2015	Turkey	cluster_34
SRR2989188	2015	Swine	cluster_34
SRR2989563	2015	Bovine	singleton_15
SRR3184077	2016	Swine	cluster_34
SRR3199691	2016	Turkey	cluster_13
SRR3199695	2016	Turkey	cluster_34
SRR3240307	2016	Human	cluster_34
SRR3270999	2015	Human	cluster_34
SRR3271000	2016	Human	cluster_34
SRR3271004	2015	Human	cluster_34
SRR3289842	2016	Human	cluster_34
SRR3331578	2016	Swine	cluster_34
SRR3344216	2016	Chicken	cluster_34
SRR3392751	2016	Human	cluster_34
SRR3392769	2016	Human	cluster_34
SRR3402166	2016	Swine	cluster_34
SRR3473837	2016	Human	cluster_34
SRR3473895	2016	Human	cluster_33
SRR3476394	2016	Turkey	cluster_34
SRR3499774	2016	Human	cluster_34
SRR3499777	2016	Human	cluster_34
SRR3499817	2015	Human	cluster_34
SRR3925087	2016	Turkey	cluster_13
SRR3981164	2016	Swine	cluster_34
SRR3995884	2016	Bovine	cluster_15
SRR4040234	2016	Human	cluster_34
SRR4050194	2016	Swine	cluster_34
SRR4065914	2016	Bovine	cluster_26
SRR4100112	2010	Human	cluster_34
SRR4125005	2016	Swine	cluster_34
SRR4273723	2016	Human	cluster_34
SRR4288978	2016	Bovine	cluster_34
SRR4434258	2016	Bovine	cluster_34
SRR4434284	2016	Chicken	cluster_28
SRR4842198	2016	Turkey	cluster_34
SRR4947527	2016	Swine	cluster_34
SRR5019508	2016	Swine	cluster_34
SRR5031435	2016	Human	cluster_33
SRR5044929	2016	Swine	cluster_34
SRR5044967	2016	Swine	cluster_34
SRR5060613	2014	Human	cluster_34
SRR5060616	2014	Human	cluster_34
SRR5077957	2016	Chicken	cluster_34
SRR5082004	2016	Bovine	cluster_33
SRR5088810	2016	Turkey	cluster_34
SRR5144283	2016	Human	cluster_34
SRR5144293	2016	Human	cluster_34
SRR5163831	2016	Turkey	cluster_13
SRR5201353	2016	Human	cluster_34
SRR5229512	2017	Bovine	cluster_34
SRR5235535	2017	Turkey	cluster_34
SRR5238218	2016	Human	cluster_33
SRR5238314	2017	Human	cluster_34
SRR5240761	2017	Human	cluster_34
SRR5249682	2016	Human	cluster_34
SRR5251607	2016	Swine	cluster_34
SRR5253524	2016	Human	cluster_33
SRR5260022	2015	Human	cluster_19
SRR5260035	2014	Human	cluster_34
SRR5260040	2015	Human	cluster_34
SRR5263996	2017	Human	cluster_11
SRR5307871	2017	Human	cluster_33
SRR5336154	2016	Human	cluster_34
SRR5340057	2017	Turkey	cluster_13
SRR5360740	2016	Human	cluster_21
SRR5361155	2016	Human	cluster_34
SRR5364291	2017	Human	cluster_34
SRR5366144	2017	Human	cluster_34
SRR5376217	2017	Swine	cluster_33
SRR5381001	2017	Human	cluster_34
SRR5382621	2017	Unspecified Animal	cluster_19
SRR5388883	2017	Chicken	cluster_34
SRR5419264	2017	Human	cluster_33
SRR5419425	2016	Human	cluster_33
SRR5419438	2016	Human	cluster_33
SRR5429746	2016	Human	cluster_34
SRR5429758	2017	Human	cluster_34
SRR5434495	2017	Human	cluster_33
SRR5434501	2017	Human	cluster_33
SRR5440525	2016	Human	cluster_33
SRR5440526	2016	Human	cluster_33
SRR5441704	2017	Swine	cluster_34
SRR5448563	2017	Swine	cluster_34
SRR5459308	2017	Human	cluster_34
SRR5459650	2017	Human	cluster_34
SRR5480971	2017	Swine	cluster_34
SRR5483459	2017	Human	cluster_33
SRR5483474	2017	Human	cluster_33
SRR5483484	2017	Human	cluster_13
SRR5486157	2016	Human	cluster_33
SRR5486202	2017	Human	cluster_34
SRR5508372	2017	Human	cluster_34
SRR5514362	2017	Swine	cluster_34
SRR5576035	2017	Swine	cluster_33
SRR5583844	2017	Human	cluster_34
SRR5584067	2017	Human	cluster_33
SRR5584100	2017	Human	cluster_34
SRR5584571	2017	Human	cluster_34
SRR5584582	2015	Human	cluster_19
SRR5584589	2017	Human	cluster_33
SRR5584752	2015	Human	cluster_30
SRR5585132	2017	Human	cluster_34
SRR5586283	2017	Human	cluster_34
SRR5620378	2017	Swine	cluster_34
SRR5632685	2017	Swine	cluster_34
SRR5657801	2017	Human	cluster_25
SRR5659589	2017	Human	cluster_34
SRR5681043	2017	Swine	cluster_34
SRR5683218	2017	Swine	cluster_34
SRR5683241	2017	Turkey	cluster_34
SRR5683899	2017	Bovine	cluster_34
SRR5684025	2017	Swine	cluster_33
SRR5684068	2017	Swine	cluster_34
SRR5684071	2017	Swine	cluster_34
SRR5704648	2017	Bovine	cluster_33
SRR5705015	2017	Turkey	cluster_34
SRR5714273	2017	Human	cluster_34
SRR5742156	2017	Human	cluster_34
SRR5742485	2017	Human	cluster_25
SRR5749691	Unknown	Other Animal	cluster_32
SRR5749988	2017	Human	cluster_34
SRR5750006	2017	Human	cluster_34
SRR5755721	2017	Human	cluster_34
SRR5756435	2003	Human	cluster_26
SRR5787265	Unknown	Human	cluster_34
SRR5799571	2008	Human	cluster_34
SRR5799572	2006	Human	cluster_33
SRR5799579	2009	Human	cluster_34
SRR5799580	2010	Human	cluster_34
SRR5808864	2017	Swine	cluster_34
SRR5812131	2017	Human	cluster_34
SRR5819510	2017	Bovine	cluster_34
SRR5819527	2017	Swine	cluster_34
SRR5820098	2017	Bovine	singleton_10
SRR5820792	2017	Human	cluster_25
SRR5851179	2017	Human	cluster_33
SRR5851426	2017	Turkey	cluster_34
SRR5864390	2017	Human	cluster_33
SRR5864438	2017	Human	cluster_34
SRR5865680	2017	Turkey	cluster_34
SRR5876111	2017	Unspecified Animal	cluster_34
SRR5888499	2017	Human	cluster_30
SRR5888654	2017	Human	cluster_34
SRR5890324	2017	Human	cluster_33
SRR5890597	2017	Human	cluster_34
SRR5929569	Unknown	Unspecified Animal	cluster_33
SRR5951580	2017	Human	cluster_33
SRR5955333	2017	Turkey	cluster_34
SRR5980271	2017	Chicken	cluster_34
SRR5980402	2017	Turkey	cluster_34
SRR5993085	2004	Human	cluster_33
SRR5995936	2017	Human	cluster_33
SRR6008893	2017	Turkey	cluster_34
SRR6010185	2017	Swine	cluster_34
SRR6010293	2017	Bovine	cluster_34
SRR6019650	2017	Human	cluster_34
SRR6025199	2017	Swine	cluster_34
SRR6025936	2017	Human	cluster_33
SRR6042802	2017	Swine	cluster_34
SRR6049193	2017	Bovine	cluster_34
SRR6051448	2017	Human	cluster_33
SRR6051635	2017	Bovine	cluster_34
SRR6051672	2017	Swine	cluster_34
SRR6060355	2017	Human	cluster_33
SRR6082067	2017	Human	cluster_34
SRR6107583	2017	Human	cluster_34
SRR6107660	2017	Human	cluster_34
SRR6113332	2017	Chicken	cluster_34
SRR6117743	2017	Bovine	cluster_34
SRR6121992	2017	Swine	cluster_34
SRR6133885	2017	Human	cluster_34
SRR6143697	2017	Swine	cluster_33
SRR6159350	2017	Chicken	cluster_34
SRR6183521	2005	Human	cluster_33
SRR6218004	2017	Swine	cluster_34
SRR6255074	2017	Swine	cluster_34
SRR6310034	2017	Swine	cluster_34
SRR6313770	2017	Human	cluster_33
SRR6334886	2017	Human	cluster_33
SRR6335598	2017	Bovine	cluster_15
SRR6336338	2017	Chicken	singleton_9
SRR6345542	2017	Human	cluster_34
SRR6359024	2006	Human	cluster_34
SRR6371528	2017	Human	cluster_33
SRR6371632	2017	Human	cluster_19
SRR6373502	2017	Human	singleton_20
SRR6373670	2017	Human	cluster_33
SRR6373684	2017	Human	cluster_33
SRR6375832	2017	Turkey	cluster_13
SRR6384572	2017	Human	cluster_22
SRR6412907	2017	Human	cluster_21
SRR6447547	2017	Turkey	cluster_33
SRR6485633	2017	Human	cluster_34
SRR6493464	2017	Bovine	cluster_34
SRR6639038	2018	Swine	cluster_33
SRR6663410	2017	Human	cluster_34
SRR6674725	2017	Human	cluster_33
SRR6687399	2018	Human	cluster_34
SRR6726231	2017	Human	cluster_34
SRR6760431	2017	Human	cluster_33
SRR6760434	2017	Human	singleton_17
SRR6793640	2018	Turkey	cluster_34
SRR6798504	2018	Chicken	cluster_33
SRR6818833	2018	Chicken	cluster_34
SRR6819574	2018	Bovine	cluster_33
SRR6821142	2018	Swine	cluster_34
SRR6843310	2018	Turkey	cluster_34
SRR6848356	2018	Turkey	cluster_34
SRR6879320	2018	Human	cluster_33
SRR6885459	2018	Human	cluster_33
SRR6908135	2018	Human	singleton_18
SRR6920515	2017	Human	cluster_33
SRR6933122	2018	Turkey	cluster_34
SRR6933125	2018	Chicken	cluster_34
SRR6933274	2018	Turkey	cluster_34
SRR6950227	2018	Swine	cluster_33
SRR6956036	2018	Unspecified Animal	cluster_34
SRR6967796	2017	Human	cluster_33
SRR6984212	2017	Human	cluster_34
SRR7010883	2018	Other	cluster_34
SRR7010890	2017	Human	cluster_34
SRR7010896	2018	Human	cluster_33
SRR7028091	2018	Human	cluster_33
SRR7049681	2017	Human	cluster_33
SRR7051506	2018	Chicken	cluster_34
SRR7081885	2018	Human	cluster_34
SRR7089235	2018	Human	cluster_33
SRR7089251	2018	Human	cluster_33
SRR7089256	2018	Human	cluster_34
SRR7093163	2018	Human	cluster_34
SRR7105134	2018	Human	cluster_34
SRR7132591	2018	Other	cluster_34
SRR7132597	2018	Other	cluster_34
SRR7138728	2018	Chicken	cluster_18
SRR7140585	2018	Swine	cluster_34
SRR7162830	2018	Human	cluster_33
SRR7173081	2018	Turkey	cluster_34
SRR7173265	2018	Chicken	cluster_34
SRR7182399	2018	Human	cluster_34
SRR7182402	2018	Human	cluster_34
SRR7192413	2018	Bovine	cluster_34
SRR7193914	2018	Human	cluster_34
SRR7219095	2018	Human	cluster_34
SRR7219164	2018	Human	cluster_34
SRR7235949	2018	Human	cluster_34
SRR7236103	2018	Human	cluster_34
SRR7246308	2018	Human	cluster_33
SRR7246317	2018	Human	cluster_34
SRR7247782	2018	Human	cluster_34
SRR7253151	2018	Human	cluster_34
SRR7269367	2018	Human	cluster_34
SRR7294502	2018	Human	cluster_34
SRR7300354	2018	Human	singleton_6
SRR7346639	2018	Human	cluster_33
SRR7348367	2018	Human	cluster_34
SRR7352842	2018	Human	cluster_33
SRR7352874	2018	Human	cluster_34
SRR7358429	2018	Swine	singleton_23
SRR7363560	2018	Human	cluster_34
SRR7413751	2018	Human	cluster_34
SRR7414663	2018	Human	cluster_34
SRR7426247	2018	Swine	cluster_34
SRR7441934	2018	Human	cluster_33
SRR7447210	2018	Human	cluster_34
SRR7466494	2018	Human	cluster_34
SRR7477822	2018	Human	cluster_34
SRR7514522	2018	Human	cluster_34
SRR7518628	2018	Human	cluster_34
SRR7518668	2018	Human	cluster_33
SRR7588410	2018	Human	cluster_33
SRR7608246	2018	Human	cluster_34
SRR7615238	2018	Swine	cluster_34
SRR7627678	2018	Human	singleton_29
SRR7628089	2018	Human	cluster_34
SRR7642124	2018	Human	cluster_34
SRR7642603	2018	Turkey	cluster_34
SRR7650074	2018	Turkey	cluster_13
SRR7650132	2018	Chicken	cluster_34
SRR7652625	2018	Human	cluster_34
SRR7657598	2018	Bovine	cluster_34
SRR7661383	2018	Swine	cluster_34
SRR7665225	2018	Turkey	cluster_33
SRR7688221	2018	Human	cluster_34
SRR7697346	2018	Human	cluster_22
SRR7746927	2018	Human	cluster_33
SRR7750696	2018	Human	cluster_34
SRR7754598	2018	Swine	cluster_34
SRR7754611	2018	Turkey	cluster_34
SRR7754618	2018	Swine	cluster_34
SRR7766964	2018	Human	cluster_34
SRR7766965	2018	Human	cluster_34
SRR7766969	2018	Human	cluster_34
SRR7766970	2018	Human	cluster_34
SRR7766973	2018	Human	cluster_34
SRR7766975	2018	Human	cluster_34
SRR7767067	2018	Human	cluster_34
SRR7767389	2018	Human	cluster_34
SRR7767406	2018	Human	cluster_20
SRR7769327	2018	Human	cluster_34
SRR7769459	2018	Human	cluster_34
SRR7771832	2018	Bovine	cluster_34
SRR7785147	2018	Bovine	cluster_34
SRR7786060	2018	Bovine	cluster_33
SRR7788897	2018	Swine	cluster_34
SRR7789026	2018	Swine	cluster_34
SRR7789428	2018	Bovine	cluster_34
SRR7790307	2018	Turkey	cluster_33
SRR7790320	2018	Swine	cluster_34
SRR7810081	2018	Swine	cluster_34
SRR7811544	2018	Human	cluster_33
SRR7815479	2018	Bovine	cluster_26
SRR7820185	2018	Bovine	cluster_34
SRR7820763	2018	Human	cluster_33
SRR7822682	2018	Turkey	cluster_33
SRR7830583	2018	Human	cluster_33
SRR7865869	2018	Swine	cluster_34
SRR7866001	2018	Bovine	cluster_34
SRR7876447	2018	Human	cluster_34
SRR7876482	2018	Human	cluster_13
SRR7881585	2018	Human	cluster_34
SRR7881802	2018	Human	cluster_34
SRR7888904	2018	Human	cluster_33
SRR7895476	2018	Swine	cluster_34
SRR7896203	2018	Bovine	cluster_34
SRR7896205	2018	Swine	cluster_34
SRR7906246	2018	Human	cluster_34
SRR7906714	2018	Human	cluster_34
SRR7909762	2018	Human	cluster_33
SRR7909876	2018	Human	cluster_34
SRR7939636	2018	Human	cluster_33
SRR7942523	Unknown	Human	cluster_34
SRR8050418	2018	Chicken	cluster_34
SRR8053890	2018	Human	cluster_33
SRR8078639	2018	Swine	cluster_34
SRR8079676	2018	Human	cluster_34
SRR8081120	2018	Swine	cluster_34
SRR8083708	2018	Human	cluster_34
SRR8091857	2018	Human	singleton_8
SRR8109891	2018	Bovine	cluster_34
SRR8129173	2018	Human	cluster_34
SRR8129584	2018	Human	cluster_34
SRR8136924	2018	Bovine	cluster_34
SRR8142435	2018	Human	cluster_34
SRR8144685	2018	Human	cluster_34
SRR8157468	2018	Swine	singleton_41
SRR8164399	2018	Human	cluster_34
SRR8167608	2018	Swine	cluster_34
SRR8170113	2018	Human	cluster_34
SRR8170266	2018	Human	cluster_34
SRR8172865	2018	Bovine	cluster_34
SRR8184600	2018	Human	cluster_33
SRR8188807	2018	Human	cluster_34
SRR8206098	2018	Other	cluster_23
SRR8256255	2018	Other Animal	cluster_34
SRR8263134	2018	Swine	cluster_34
SRR8268238	2018	Human	singleton_4
SRR8286575	2018	Turkey	cluster_34
SRR8294605	2018	Human	singleton_27
SRR8310733	2018	Chicken	cluster_34
SRR8313026	2018	Swine	cluster_33
SRR8348411	2017	Human	cluster_34
SRR8364861	2018	Bovine	cluster_34
SRR8381580	2018	Swine	cluster_34
SRR8384278	2018	Human	singleton_33
SRR8389584	2018	Human	cluster_34
SRR8395211	2018	Turkey	cluster_33
SRR8418804	2018	Human	singleton_39
SRR8428558	2018	Human	cluster_34
SRR8434985	2018	Human	cluster_34
SRR8436146	2018	Chicken	cluster_18
SRR8464192	2019	Turkey	cluster_13
SRR8464743	2018	Swine	cluster_34
SRR8469416	2019	Human	cluster_34
SRR8478370	2018	Human	cluster_34
SRR8479235	2019	Turkey	cluster_13
SRR8499296	2019	Bovine	cluster_34
SRR8522974	2019	Turkey	cluster_34
SRR8530627	2018	Human	cluster_34
SRR8539906	2018	Human	cluster_34
SRR8558278	2019	Human	cluster_33
SRR8558717	2019	Human	cluster_34
SRR8593428	2019	Chicken	cluster_34
SRR8597319	Unknown	Unspecified Animal	cluster_13
SRR8597358	2019	Human	cluster_33
SRR8609093	2019	Swine	cluster_34
SRR8691095	2019	Turkey	cluster_34
SRR8723120	2018	Turkey	cluster_34
SRR8731262	2019	Turkey	cluster_28
SRR8731286	2019	Human	cluster_34
SRR8731297	2019	Human	cluster_34
SRR8734021	2019	Human	singleton_44
SRR8734139	Unknown	Human	cluster_33
SRR8734859	2019	Turkey	cluster_34
SRR8745186	2019	Other Animal	cluster_34
SRR8752179	2019	Swine	cluster_34
SRR8756328	2019	Human	cluster_33
SRR8767325	2019	Swine	cluster_34
SRR8778592	2019	Turkey	cluster_34
SRR8784021	2019	Bovine	cluster_34
SRR8786861	2019	Human	cluster_34
SRR8794510	2019	Swine	cluster_34
SRR8794996	2019	Bovine	cluster_34
SRR8839649	2019	Turkey	cluster_34
SRR8839695	2019	Turkey	cluster_33
SRR8866262	2018	Human	cluster_34
SRR8866632	2019	Swine	cluster_34
SRR8881966	2018	Human	cluster_34
SRR8887321	2019	Turkey	cluster_34
SRR8902356	2019	Human	cluster_24
SRR8924417	2019	Turkey	cluster_13
SRR8924472	2019	Turkey	cluster_34
SRR8932685	2019	Human	cluster_33
SRR8933055	2019	Chicken	singleton_35
SRR8942645	2019	Turkey	cluster_34
SRR8945566	2019	Human	cluster_33
SRR8945569	Unknown	Human	cluster_6
SRR8978898	2019	Human	cluster_33
SRR8996127	2019	Swine	cluster_34
SRR9007186	Unknown	Human	cluster_34
SRR9017263	2018	Human	singleton_16
SRR9047352	2019	Turkey	cluster_34
SRR9054040	2019	Human	cluster_34
SRR9060728	2019	Human	cluster_33
SRR9066651	2019	Swine	cluster_34
SRR9066655	2019	Swine	cluster_33
SRR9066660	2019	Turkey	cluster_34
SRR9071965	2019	Human	cluster_34
SRR9072019	2019	Human	singleton_28
SRR9105570	2019	Turkey	cluster_34
SRR9109553	2018	Human	cluster_33
SRR9115348	2019	Human	cluster_34
SRR9159687	2019	Human	cluster_33
SRR9163332	2019	Human	cluster_33
SRR9171721	2019	Human	cluster_21
SRR9200105	2019	Human	cluster_33
SRR9201971	2019	Swine	cluster_34
SRR9207120	2019	Swine	cluster_34
SRR9214333	2019	Human	cluster_34
SRR9268215	2019	Human	singleton_43
SRR9291468	2019	Human	cluster_33
SRR9303244	2019	Human	cluster_33
SRR9321924	2019	Human	cluster_34
SRR9326170	2019	Human	singleton_22
SRR9331438	2019	Human	cluster_34
SRR9335312	2019	Human	singleton_51
SRR9335768	2019	Human	cluster_33
SRR9597186	2014	Human	cluster_34
SRR9597194	2014	Human	cluster_34
SRR9614117	2019	Human	cluster_34
SRR9651940	2019	Turkey	cluster_34
SRR9686191	Unknown	Human	cluster_31
SRR9693855	2019	Human	cluster_34
SRR9696386	2019	Human	cluster_33
SRR9699829	2019	Turkey	cluster_34
SRR9721872	2019	Swine	cluster_34
SRR9827481	2019	Human	cluster_34
SRR9836928	2019	Human	cluster_8
SRR9842760	2019	Human	cluster_34
SRR9845435	2019	Human	cluster_34
SRR9873389	2019	Human	cluster_33
SRR9875342	2019	Swine	cluster_33
SRR9878381	2019	Human	cluster_34
SRR9886649	2019	Human	cluster_33
SRR9920983	2019	Human	cluster_33
SRR9943389	2019	Turkey	cluster_33
SRR9952749	2019	Human	cluster_34
SRR9952751	2019	Human	cluster_34
SRR9971896	2019	Swine	cluster_34
SRR9971927	2019	Swine	cluster_34
SRR9972081	2019	Human	cluster_24
SRR9973285	2019	Human	cluster_34
SRR9988854	2019	Human	cluster_33
RS3083	2020	Chicken	cluster_34
RS3087	2021	Chicken	cluster_34
RS3088	2021	Chicken	cluster_34
